"icao","observed_utc","observed_local","flight_category","temp_c","dewpoint_c","rh_percent","wind_dir_deg","wind_kts","vis_m","altimeter_hg","conditions","clouds","raw_text","fetched_at_utc","fetched_at_local"
"CYER",2026-05-01 04:00:00,2026-05-01,"VFR",-9,-10,92,360,3,14484.1,30.19,NA,"SCT  ft","METAR CYER 010400Z AUTO 36003KT 9SM SCT240 M09/M10 A3019 RMK SLP227",2026-05-01 04:08:41.637257,2026-05-01 00:08:41.637257
"CYAT",2026-05-01 04:00:00,2026-05-01,"MVFR",-4,-6,85,50,4,14484.1,30.05,NA,"OVC  ft","METAR CYAT 010400Z AUTO 05004KT 010V070 9SM OVC020 M04/M06 A3005 RMK SLP180",2026-05-01 04:08:41.688953,2026-05-01 00:08:41.688953
"CYMO",2026-05-01 04:00:00,2026-05-01,"MVFR",-4,-6,85,310,5,14484.1,30.03,NA,"OVC  ft","METAR CYMO 010400Z AUTO 31005KT 9SM -SN OVC013 M04/M06 A3003 RMK SLP170",2026-05-01 04:08:41.732522,2026-05-01 00:08:41.732522
"CYPL",2026-05-01 04:00:00,2026-05-01,"VFR",-2,-10,54,10,3,14484.1,30.05,NA,"BKN  ft","METAR CYPL 010400Z AUTO 01003KT 9SM BKN210 M02/M10 A3005 RMK SLP203",2026-05-01 04:08:41.784651,2026-05-01 00:08:41.784651
"CYQT",2026-05-01 04:00:00,2026-05-01,"VFR",0,-1,92,250,2,24140.16,30.06,NA,"OVC  ft","METAR CYQT 010400Z 25002KT 15SM -SN OVC049 00/M01 A3006 RMK SC8 -SN INTMT SLP190",2026-05-01 04:08:41.829131,2026-05-01 00:08:41.829131
"CYAM",2026-05-01 04:00:00,2026-05-01,"IFR",1,1,100,300,10,11265.41,29.97,NA,"BKN  ft; BKN  ft; OVC  ft","METAR CYAM 010400Z 30010KT 7SM -SHSN BKN006 BKN028 OVC036 01/01 A2997 RMK CF5CU2CU1 SLP158",2026-05-01 04:08:41.874128,2026-05-01 00:08:41.874128
"CYTS",2026-05-01 04:00:00,2026-05-01,"MVFR",-1,-7,63,340,4,24140.16,29.96,NA,"OVC  ft","METAR CYTS 010400Z 34004KT 15SM OVC030 M01/M07 A2996 RMK SC8 SLP162",2026-05-01 04:08:41.918227,2026-05-01 00:08:41.918227
"CYSB",2026-05-01 04:00:00,2026-05-01,"VFR",2,-4,64,20,3,24140.16,29.91,NA,"BKN  ft","METAR CYSB 010400Z 02003KT 15SM BKN041 02/M04 A2991 RMK SC7 SLP143",2026-05-01 04:08:41.968789,2026-05-01 00:08:41.968789
"CYYB",2026-05-01 04:00:00,2026-05-01,"VFR",1,-5,64,30,4,14484.1,29.9,NA,"SCT  ft; BKN  ft","METAR CYYB 010400Z AUTO 03004KT 9SM SCT066 BKN094 01/M05 A2990 RMK SLP141",2026-05-01 04:08:42.014547,2026-05-01 00:08:42.014547
"CYOW",2026-05-01 04:00:00,2026-05-01,"VFR",6,1,70,10,9,24140.16,29.86,NA,"FEW  ft; OVC  ft","METAR CYOW 010400Z 01009KT 15SM FEW040 OVC069 06/01 A2986 RMK SC1AC7 SLP116",2026-05-01 04:08:42.069422,2026-05-01 00:08:42.069422
"CYGK",2026-05-01 03:00:00,2026-04-30 23:00:00,"VFR",7,0,61,240,3,24140.16,29.89,NA,"SCT  ft; BKN  ft","METAR CYGK 010300Z 24003KT 15SM SCT050 BKN070 07/00 A2989 RMK SC3AC3 LAST STFD OBS/NXT 011000Z SLP125",2026-05-01 04:08:42.11499,2026-05-01 00:08:42.11499
"CYQG",2026-05-01 04:00:00,2026-05-01,"VFR",7,3,75,140,4,14484.1,29.96,NA,"OVC  ft","METAR CYQG 010400Z AUTO 14004KT 9SM OVC066 07/03 A2996 RMK SLP150",2026-05-01 04:08:42.16066,2026-05-01 00:08:42.16066
"CYVV",2026-05-01 04:00:00,2026-05-01,"VFR",3,0,80,0,0,24140.16,29.93,NA,"SCT  ft; OVC  ft","METAR CYVV 010400Z 00000KT 15SM SCT075 OVC110 03/M00 A2993 RMK AC4AC4 SLP145",2026-05-01 04:08:42.206537,2026-05-01 00:08:42.206537
"CYYZ",2026-05-01 04:00:00,2026-05-01,"VFR",6,-4,48,360,9,24140.16,29.92,NA,"FEW  ft; BKN  ft","METAR CYYZ 010400Z 36009KT 15SM FEW063 BKN092 06/M04 A2992 RMK SC2AC3 SLP138",2026-05-01 04:08:42.252895,2026-05-01 00:08:42.252895
"CYQA",2026-05-01 04:00:00,2026-05-01,"VFR",0,-3,80,0,0,14484.1,29.9,NA,NA,"METAR CYQA 010400Z AUTO 00000KT 9SM CLR M00/M03 A2990 RMK SLP137",2026-05-01 04:08:42.300143,2026-05-01 00:08:42.300143
"CYVR",2026-05-01 04:00:00,2026-05-01,"VFR",13,13,100,250,3,48280.32,30,NA,"FEW  ft; BKN  ft","METAR CYVR 010400Z 25003KT 30SM FEW150 BKN210 13/13 A3000 RMK AC2CI5 SLP161",2026-05-01 04:08:42.349191,2026-05-01 00:08:42.349191
"CYYJ",2026-05-01 04:00:00,2026-05-01,"VFR",15,9,67,80,3,48280.32,30.01,NA,"BKN  ft","METAR CYYJ 010400Z 08003KT 30SM BKN250 15/09 A3001 RMK CI7 SLP163",2026-05-01 04:08:42.400171,2026-05-01 00:08:42.400171
"CYLW",2026-05-01 04:00:00,2026-05-01,"VFR",15,4,47,0,0,14484.1,29.99,NA,NA,"METAR CYLW 010400Z AUTO 00000KT 9SM CLR 15/04 A2999 RMK SLP159 DENSITY ALT 1700FT",2026-05-01 04:08:42.447201,2026-05-01 00:08:42.447201
"CYXS",2026-05-01 04:00:00,2026-05-01,"VFR",12,3,54,310,7,14484.1,30.04,NA,"FEW  ft; BKN  ft","METAR CYXS 010400Z AUTO 31007KT 9SM FEW055 BKN110 12/03 A3004 RMK SLP188",2026-05-01 04:08:42.49159,2026-05-01 00:08:42.49159
"CYXT",2026-05-01 04:00:00,2026-05-01,"VFR",11,7,76,60,3,32186.88,30.13,NA,"SCT  ft; BKN  ft","METAR CYXT 010400Z 06003KT 20SM SCT060 BKN210 11/07 A3013 RMK CU3CI2 SLP210",2026-05-01 04:08:42.54412,2026-05-01 00:08:42.54412
"CYQQ",2026-05-01 04:00:00,2026-05-01,"VFR",15,7,58,220,2,32186.88,30.01,NA,"SCT  ft; BKN  ft","METAR CYQQ 010400Z 22002KT 20SM SCT150 BKN250 15/07 A3001 RMK AC4CI3 DENSITY ALT 165FT SLP161",2026-05-01 04:08:42.59396,2026-05-01 00:08:42.59396
"CYYC",2026-05-01 04:00:00,2026-05-01,"VFR",16,-6,21,NA,2,24140.16,30,NA,"FEW  ft","METAR CYYC 010400Z VRB02KT 15SM FEW220 16/M06 A3000 RMK CI1 SLP164 DENSITY ALT 4500FT",2026-05-01 04:08:42.640348,2026-05-01 00:08:42.640348
"CYEG",2026-05-01 04:00:00,2026-05-01,"VFR",10,-1,46,150,8,32186.88,29.91,NA,"FEW  ft","METAR CYEG 010400Z 15008KT 20SM FEW250 10/M01 A2991 RMK CI2 CONTRAILS SLP144",2026-05-01 04:08:42.688013,2026-05-01 00:08:42.688013
"CYMM",2026-05-01 04:00:00,2026-05-01,"VFR",8,-4,42,120,9,14484.1,29.87,NA,"BKN  ft","METAR CYMM 010400Z AUTO 12009KT 9SM BKN240 08/M04 A2987 RMK SLP128",2026-05-01 04:08:42.732674,2026-05-01 00:08:42.732674
"CYQF",2026-05-01 04:00:00,2026-05-01,"VFR",12,-5,30,150,5,14484.1,29.96,NA,NA,"METAR CYQF 010400Z AUTO 15005KT 9SM CLR 12/M05 A2996 RMK SLP159 DENSITY ALT 3300FT",2026-05-01 04:08:42.778439,2026-05-01 00:08:42.778439
"CYXE",2026-05-01 04:00:00,2026-05-01,"VFR",10,-1,46,210,8,24140.16,29.99,NA,"SCT  ft; BKN  ft","METAR CYXE 010400Z 21008KT 15SM SCT140 BKN200 10/M01 A2999 RMK AC4CI3 SLP174",2026-05-01 04:08:42.827138,2026-05-01 00:08:42.827138
"CYQR",2026-05-01 04:00:00,2026-05-01,"VFR",4,-2,64,200,8,24140.16,30.07,NA,"FEW  ft","METAR CYQR 010400Z 20008KT 15SM FEW270 04/M02 A3007 RMK CI1 SLP206",2026-05-01 04:08:42.871746,2026-05-01 00:08:42.871746
"CYWG",2026-05-01 04:00:00,2026-05-01,"VFR",-1,-5,74,300,2,24140.16,30.12,NA,NA,"METAR CYWG 010400Z 30002KT 15SM SKC M01/M05 A3012 RMK SLP215",2026-05-01 04:08:42.916927,2026-05-01 00:08:42.916927
"CYBR",2026-05-01 04:00:00,2026-05-01,"VFR",NA,NA,NA,NA,NA,NA,NA,NA,NA,"METAR CYBR 010400Z AUTO /////KT RMK WIND MISG CLD MISG WX MISG VIS MISG PCPN MISG PRES MISG T MISG DP MISG ICE MISG DENSITY ALT MISG",2026-05-01 04:08:42.962702,2026-05-01 00:08:42.962702
"CYUL",2026-05-01 04:00:00,2026-05-01,"VFR",6,1,70,340,6,24140.16,29.83,NA,"FEW  ft","METAR CYUL 010400Z 34006KT 15SM FEW055 06/01 A2983 RMK SC2 SLP103",2026-05-01 04:08:43.008365,2026-05-01 00:08:43.008365
"CYHU",2026-05-01 04:00:00,2026-05-01,"VFR",7,2,70,310,8,14484.1,29.82,NA,"FEW  ft; OVC  ft","METAR CYHU 010400Z AUTO 31008KT 9SM FEW033 OVC060 07/02 A2982 RMK SLP101",2026-05-01 04:08:43.063821,2026-05-01 00:08:43.063821
"CYQB",2026-05-01 04:00:00,2026-05-01,"IFR",6,5,93,230,11,9656.06,29.71,NA,"BKN  ft; OVC  ft","METAR CYQB 010400Z 23011KT 6SM -RA BKN007 OVC044 06/05 A2971 RMK SF6SC2 SLP065",2026-05-01 04:08:43.109907,2026-05-01 00:08:43.109907
"CYVO",2026-05-01 04:00:00,2026-05-01,"VFR",0,-4,74,340,9,14484.1,29.88,NA,"OVC  ft","METAR CYVO 010400Z AUTO 34009KT 9SM -SN OVC060 00/M04 A2988 RMK SLP139",2026-05-01 04:08:43.160807,2026-05-01 00:08:43.160807
"CYUY",2026-05-01 04:00:00,2026-05-01,"MVFR",-1,-2,92,310,4,6437.38,29.91,NA,"OVC  ft","METAR CYUY 010400Z 31004KT 4SM -SN OVC030 M01/M02 A2991 RMK SC8 SLP145",2026-05-01 04:08:43.210035,2026-05-01 00:08:43.210035
"CYZV",2026-05-01 04:00:00,2026-05-01,"IFR",1,1,100,90,15,8046.72,29.98,NA,"OVC  ft","METAR CYZV 010400Z 09015G26KT 5SM -RA BR OVC007 01/01 A2998 RMK SC8 SLP158",2026-05-01 04:08:43.255968,2026-05-01 00:08:43.255968
"CYBC",2026-05-01 04:06:00,2026-05-01 00:06:00,"MVFR",4,2,86,70,12,8046.72,29.85,NA,"OVC  ft","SPECI CYBC 010406Z AUTO 07012KT 5SM RA BR OVC060 04/02 A2985 RMK SLP112",2026-05-01 04:08:43.304754,2026-05-01 00:08:43.304754
"CYRJ",2026-05-01 04:00:00,2026-05-01,"MVFR",1,0,93,290,13,32186.88,29.73,NA,"OVC  ft","METAR CYRJ 010400Z 29013G18KT 20SM -RA OVC016 01/00 A2973 RMK SC8 SLP077",2026-05-01 04:08:43.351667,2026-05-01 00:08:43.351667
"CYHZ",2026-05-01 04:00:00,2026-05-01,"LIFR",7,7,100,130,16,201.17,29.86,NA,"VV  ft","METAR CYHZ 010400Z 13016G26KT 1/8SM R14/2200V2600FT/N R23/2000V2200FT/N FG VV002 07/07 A2986 RMK FG8 SLP118",2026-05-01 04:08:43.39847,2026-05-01 00:08:43.39847
"CYYG",2026-05-01 04:00:00,2026-05-01,"IFR",6,5,93,110,10,24140.16,29.91,NA,"OVC  ft","METAR CYYG 010400Z 11010G16KT 15SM OVC005 06/05 A2991 RMK SF8 SLP133",2026-05-01 04:08:43.445152,2026-05-01 00:08:43.445152
"CYQM",2026-05-01 04:00:00,2026-05-01,"IFR",7,7,100,100,8,9999,29.82,NA,"BKN  ft; BKN  ft; BKN  ft; BKN  ft","METAR CYQM 010400Z 10008G15KT 10SM -RA BKN008 BKN025 BKN078 BKN110 07/07 A2982 RMK ST6SC1AC1AC1 SC TR AC TR SLP103",2026-05-01 04:08:43.490161,2026-05-01 00:08:43.490161
"CYFC",2026-05-01 04:00:00,2026-05-01,"MVFR",9,9,100,70,6,9656.06,29.74,NA,"BKN  ft; OVC  ft","METAR CYFC 010400Z AUTO 07006KT 6SM RA BR BKN010 OVC014 09/09 A2974 RMK PCPN 3.2MM PAST HR SLP072",2026-05-01 04:08:43.55779,2026-05-01 00:08:43.55779
"CYYT",2026-05-01 04:00:00,2026-05-01,"LIFR",1,1,100,140,9,24140.16,30.28,NA,"OVC  ft","METAR CYYT 010400Z 14009KT 15SM OVC003 01/01 A3028 RMK ST8 SLP261",2026-05-01 04:08:43.604411,2026-05-01 00:08:43.604411
"CYQY",2026-05-01 04:00:00,2026-05-01,"VFR",4,4,100,140,8,24140.16,30.08,NA,"OVC  ft","METAR CYQY 010400Z 14008KT 15SM OVC055 04/04 A3008 RMK SC8 SLP189",2026-05-01 04:08:43.652976,2026-05-01 00:08:43.652976
"CYXY",2026-05-01 04:00:00,2026-05-01,"VFR",8,-5,39,150,4,64373.76,29.95,NA,"BKN  ft","METAR CYXY 010400Z 15004KT 40SM BKN190 08/M05 A2995 RMK AC6 SLP172",2026-05-01 04:08:43.697594,2026-05-01 00:08:43.697594
"CYZF",2026-05-01 04:00:00,2026-05-01,"VFR",6,-2,56,140,13,24140.16,29.7,NA,"OVC  ft","METAR CYZF 010400Z 14013G19KT 15SM OVC080 06/M02 A2970 RMK AC8 SLP071",2026-05-01 04:08:43.743265,2026-05-01 00:08:43.743265
"CYFB",2026-05-01 04:00:00,2026-05-01,"VFR",-13,-15,84,10,2,24140.16,30.09,NA,"FEW  ft","METAR CYFB 010400Z 01002KT 15SM FEW240 M13/M15 A3009 RMK CI2 SLP196",2026-05-01 04:08:43.789755,2026-05-01 00:08:43.789755
"CYRT",2026-05-01 04:00:00,2026-05-01,"VFR",-16,-17,91,340,8,24140.16,30.29,NA,NA,"METAR CYRT 010400Z 34008KT 15SM SKC M16/M17 A3029 RMK SLP262",2026-05-01 04:08:43.840963,2026-05-01 00:08:43.840963
"CYBK",2026-05-01 04:00:00,2026-05-01,"VFR",-15,-18,77,350,6,32186.88,30.31,NA,"FEW  ft","METAR CYBK 010400Z 35006KT 20SM FEW025 M15/M18 A3031 RMK SC1 SC TR SLP268",2026-05-01 04:08:43.888529,2026-05-01 00:08:43.888529
"CYRB",2026-05-01 04:00:00,2026-05-01,"VFR",-22,-24,83,0,0,48280.32,30.17,NA,"FEW  ft","METAR CYRB 010400Z 00000KT 30SM FEW200 M22/M24 A3017 RMK CI1 SLP231",2026-05-01 04:08:43.934389,2026-05-01 00:08:43.934389
"CYCO",2026-05-01 04:00:00,2026-05-01,"LIFR",-7,-8,92,360,12,2011.68,29.89,NA,"OVC  ft","METAR CYCO 010400Z 36012KT 1 1/4SM BR OVC004 M07/M08 A2989 RMK FG4ST4 VIS SW-W 3 SLP125",2026-05-01 04:08:43.982747,2026-05-01 00:08:43.982747
"CYER",2026-05-01 04:00:00,2026-05-01,"VFR",-9,-10,92,360,3,14484.1,30.19,NA,"SCT  ft","METAR CYER 010400Z AUTO 36003KT 9SM SCT240 M09/M10 A3019 RMK SLP227",2026-05-01 04:42:41.26502,2026-05-01 00:42:41.26502
"CYAT",2026-05-01 04:00:00,2026-05-01,"MVFR",-4,-6,85,50,4,14484.1,30.05,NA,"OVC  ft","METAR CYAT 010400Z AUTO 05004KT 010V070 9SM OVC020 M04/M06 A3005 RMK SLP180",2026-05-01 04:42:41.32033,2026-05-01 00:42:41.32033
"CYMO",2026-05-01 04:26:00,2026-05-01 00:26:00,"MVFR",-4,-6,85,320,5,14484.1,30.02,NA,"OVC  ft","SPECI CYMO 010426Z AUTO 32005KT 9SM -SN OVC013 M04/M06 A3002 RMK SLP169",2026-05-01 04:42:41.365165,2026-05-01 00:42:41.365165
"CYPL",2026-05-01 04:00:00,2026-05-01,"VFR",-2,-10,54,10,3,14484.1,30.05,NA,"BKN  ft","METAR CYPL 010400Z AUTO 01003KT 9SM BKN210 M02/M10 A3005 RMK SLP203",2026-05-01 04:42:41.415547,2026-05-01 00:42:41.415547
"CYQT",2026-05-01 04:00:00,2026-05-01,"VFR",0,-1,92,250,2,24140.16,30.06,NA,"OVC  ft","METAR CYQT 010400Z 25002KT 15SM -SN OVC049 00/M01 A3006 RMK SC8 -SN INTMT SLP190",2026-05-01 04:42:41.460232,2026-05-01 00:42:41.460232
"CYAM",2026-05-01 04:08:00,2026-05-01 00:08:00,"MVFR",1,1,100,300,10,12874.75,29.97,NA,"SCT  ft; BKN  ft; OVC  ft","SPECI CYAM 010408Z 30010KT 8SM -SHSN SCT007 BKN028 OVC048 01/01 A2997 RMK CF3CU4SC1 SLP159",2026-05-01 04:42:41.508628,2026-05-01 00:42:41.508628
"CYTS",2026-05-01 04:00:00,2026-05-01,"MVFR",-1,-7,63,340,4,24140.16,29.96,NA,"OVC  ft","METAR CYTS 010400Z 34004KT 15SM OVC030 M01/M07 A2996 RMK SC8 SLP162",2026-05-01 04:42:41.554498,2026-05-01 00:42:41.554498
"CYSB",2026-05-01 04:00:00,2026-05-01,"VFR",2,-4,64,20,3,24140.16,29.91,NA,"BKN  ft","METAR CYSB 010400Z 02003KT 15SM BKN041 02/M04 A2991 RMK SC7 SLP143",2026-05-01 04:42:41.599419,2026-05-01 00:42:41.599419
"CYYB",2026-05-01 04:00:00,2026-05-01,"VFR",1,-5,64,30,4,14484.1,29.9,NA,"SCT  ft; BKN  ft","METAR CYYB 010400Z AUTO 03004KT 9SM SCT066 BKN094 01/M05 A2990 RMK SLP141",2026-05-01 04:42:41.644581,2026-05-01 00:42:41.644581
"CYOW",2026-05-01 04:00:00,2026-05-01,"VFR",6,1,70,10,9,24140.16,29.86,NA,"FEW  ft; OVC  ft","METAR CYOW 010400Z 01009KT 15SM FEW040 OVC069 06/01 A2986 RMK SC1AC7 SLP116",2026-05-01 04:42:41.694788,2026-05-01 00:42:41.694788
"CYGK",2026-05-01 03:00:00,2026-04-30 23:00:00,"VFR",7,0,61,240,3,24140.16,29.89,NA,"SCT  ft; BKN  ft","METAR CYGK 010300Z 24003KT 15SM SCT050 BKN070 07/00 A2989 RMK SC3AC3 LAST STFD OBS/NXT 011000Z SLP125",2026-05-01 04:42:41.751472,2026-05-01 00:42:41.751472
"CYQG",2026-05-01 04:00:00,2026-05-01,"VFR",7,3,75,140,4,14484.1,29.96,NA,"OVC  ft","METAR CYQG 010400Z AUTO 14004KT 9SM OVC066 07/03 A2996 RMK SLP150",2026-05-01 04:42:41.805334,2026-05-01 00:42:41.805334
"CYVV",2026-05-01 04:00:00,2026-05-01,"VFR",3,0,80,0,0,24140.16,29.93,NA,"SCT  ft; OVC  ft","METAR CYVV 010400Z 00000KT 15SM SCT075 OVC110 03/M00 A2993 RMK AC4AC4 SLP145",2026-05-01 04:42:41.848262,2026-05-01 00:42:41.848262
"CYYZ",2026-05-01 04:00:00,2026-05-01,"VFR",6,-4,48,360,9,24140.16,29.92,NA,"FEW  ft; BKN  ft","METAR CYYZ 010400Z 36009KT 15SM FEW063 BKN092 06/M04 A2992 RMK SC2AC3 SLP138",2026-05-01 04:42:41.894089,2026-05-01 00:42:41.894089
"CYQA",2026-05-01 04:00:00,2026-05-01,"VFR",0,-3,80,0,0,14484.1,29.9,NA,NA,"METAR CYQA 010400Z AUTO 00000KT 9SM CLR M00/M03 A2990 RMK SLP137",2026-05-01 04:42:41.941409,2026-05-01 00:42:41.941409
"CYVR",2026-05-01 04:00:00,2026-05-01,"VFR",13,13,100,250,3,48280.32,30,NA,"FEW  ft; BKN  ft","METAR CYVR 010400Z 25003KT 30SM FEW150 BKN210 13/13 A3000 RMK AC2CI5 SLP161",2026-05-01 04:42:41.988218,2026-05-01 00:42:41.988218
"CYYJ",2026-05-01 04:00:00,2026-05-01,"VFR",15,9,67,80,3,48280.32,30.01,NA,"BKN  ft","METAR CYYJ 010400Z 08003KT 30SM BKN250 15/09 A3001 RMK CI7 SLP163",2026-05-01 04:42:42.035964,2026-05-01 00:42:42.035964
"CYLW",2026-05-01 04:00:00,2026-05-01,"VFR",15,4,47,0,0,14484.1,29.99,NA,NA,"METAR CYLW 010400Z AUTO 00000KT 9SM CLR 15/04 A2999 RMK SLP159 DENSITY ALT 1700FT",2026-05-01 04:42:42.082161,2026-05-01 00:42:42.082161
"CYXS",2026-05-01 04:00:00,2026-05-01,"VFR",12,3,54,310,7,14484.1,30.04,NA,"FEW  ft; BKN  ft","METAR CYXS 010400Z AUTO 31007KT 9SM FEW055 BKN110 12/03 A3004 RMK SLP188",2026-05-01 04:42:42.127408,2026-05-01 00:42:42.127408
"CYXT",2026-05-01 04:00:00,2026-05-01,"VFR",11,7,76,60,3,32186.88,30.13,NA,"SCT  ft; BKN  ft","METAR CYXT 010400Z 06003KT 20SM SCT060 BKN210 11/07 A3013 RMK CU3CI2 SLP210",2026-05-01 04:42:42.175694,2026-05-01 00:42:42.175694
"CYQQ",2026-05-01 04:00:00,2026-05-01,"VFR",15,7,58,220,2,32186.88,30.01,NA,"SCT  ft; BKN  ft","METAR CYQQ 010400Z 22002KT 20SM SCT150 BKN250 15/07 A3001 RMK AC4CI3 DENSITY ALT 165FT SLP161",2026-05-01 04:42:42.231215,2026-05-01 00:42:42.231215
"CYYC",2026-05-01 04:00:00,2026-05-01,"VFR",16,-6,21,NA,2,24140.16,30,NA,"FEW  ft","METAR CYYC 010400Z VRB02KT 15SM FEW220 16/M06 A3000 RMK CI1 SLP164 DENSITY ALT 4500FT",2026-05-01 04:42:42.280682,2026-05-01 00:42:42.280682
"CYEG",2026-05-01 04:00:00,2026-05-01,"VFR",10,-1,46,150,8,32186.88,29.91,NA,"FEW  ft","METAR CYEG 010400Z 15008KT 20SM FEW250 10/M01 A2991 RMK CI2 CONTRAILS SLP144",2026-05-01 04:42:42.332316,2026-05-01 00:42:42.332316
"CYMM",2026-05-01 04:00:00,2026-05-01,"VFR",8,-4,42,120,9,14484.1,29.87,NA,"BKN  ft","METAR CYMM 010400Z AUTO 12009KT 9SM BKN240 08/M04 A2987 RMK SLP128",2026-05-01 04:42:42.381871,2026-05-01 00:42:42.381871
"CYQF",2026-05-01 04:00:00,2026-05-01,"VFR",12,-5,30,150,5,14484.1,29.96,NA,NA,"METAR CYQF 010400Z AUTO 15005KT 9SM CLR 12/M05 A2996 RMK SLP159 DENSITY ALT 3300FT",2026-05-01 04:42:42.436963,2026-05-01 00:42:42.436963
"CYXE",2026-05-01 04:00:00,2026-05-01,"VFR",10,-1,46,210,8,24140.16,29.99,NA,"SCT  ft; BKN  ft","METAR CYXE 010400Z 21008KT 15SM SCT140 BKN200 10/M01 A2999 RMK AC4CI3 SLP174",2026-05-01 04:42:42.489333,2026-05-01 00:42:42.489333
"CYQR",2026-05-01 04:00:00,2026-05-01,"VFR",4,-2,64,200,8,24140.16,30.07,NA,"FEW  ft","METAR CYQR 010400Z 20008KT 15SM FEW270 04/M02 A3007 RMK CI1 SLP206",2026-05-01 04:42:42.538944,2026-05-01 00:42:42.538944
"CYWG",2026-05-01 04:00:00,2026-05-01,"VFR",-1,-5,74,300,2,24140.16,30.12,NA,NA,"METAR CYWG 010400Z 30002KT 15SM SKC M01/M05 A3012 RMK SLP215",2026-05-01 04:42:42.585488,2026-05-01 00:42:42.585488
"CYBR",2026-05-01 04:00:00,2026-05-01,"VFR",NA,NA,NA,NA,NA,NA,NA,NA,NA,"METAR CYBR 010400Z AUTO /////KT RMK WIND MISG CLD MISG WX MISG VIS MISG PCPN MISG PRES MISG T MISG DP MISG ICE MISG DENSITY ALT MISG",2026-05-01 04:42:42.640092,2026-05-01 00:42:42.640092
"CYUL",2026-05-01 04:00:00,2026-05-01,"VFR",6,1,70,340,6,24140.16,29.83,NA,"FEW  ft","METAR CYUL 010400Z 34006KT 15SM FEW055 06/01 A2983 RMK SC2 SLP103",2026-05-01 04:42:42.687403,2026-05-01 00:42:42.687403
"CYHU",2026-05-01 04:00:00,2026-05-01,"VFR",7,2,70,310,8,14484.1,29.82,NA,"FEW  ft; OVC  ft","METAR CYHU 010400Z AUTO 31008KT 9SM FEW033 OVC060 07/02 A2982 RMK SLP101",2026-05-01 04:42:42.745013,2026-05-01 00:42:42.745013
"CYQB",2026-05-01 04:00:00,2026-05-01,"IFR",6,5,93,230,11,9656.06,29.71,NA,"BKN  ft; OVC  ft","METAR CYQB 010400Z 23011KT 6SM -RA BKN007 OVC044 06/05 A2971 RMK SF6SC2 SLP065",2026-05-01 04:42:42.802969,2026-05-01 00:42:42.802969
"CYVO",2026-05-01 04:00:00,2026-05-01,"VFR",0,-4,74,340,9,14484.1,29.88,NA,"OVC  ft","METAR CYVO 010400Z AUTO 34009KT 9SM -SN OVC060 00/M04 A2988 RMK SLP139",2026-05-01 04:42:42.850593,2026-05-01 00:42:42.850593
"CYUY",2026-05-01 04:00:00,2026-05-01,"MVFR",-1,-2,92,310,4,6437.38,29.91,NA,"OVC  ft","METAR CYUY 010400Z 31004KT 4SM -SN OVC030 M01/M02 A2991 RMK SC8 SLP145",2026-05-01 04:42:42.897653,2026-05-01 00:42:42.897653
"CYZV",2026-05-01 04:34:00,2026-05-01 00:34:00,"IFR",2,1,93,90,19,8046.72,29.97,NA,"OVC  ft","SPECI CYZV 010434Z 09019G29KT 5SM -RA BR OVC006 02/01 A2997 RMK SC8 SLP155",2026-05-01 04:42:42.943755,2026-05-01 00:42:42.943755
"CYBC",2026-05-01 04:06:00,2026-05-01 00:06:00,"MVFR",4,2,86,70,12,8046.72,29.85,NA,"OVC  ft","SPECI CYBC 010406Z AUTO 07012KT 5SM RA BR OVC060 04/02 A2985 RMK SLP112",2026-05-01 04:42:42.995289,2026-05-01 00:42:42.995289
"CYRJ",2026-05-01 04:00:00,2026-05-01,"MVFR",1,0,93,290,13,32186.88,29.73,NA,"OVC  ft","METAR CYRJ 010400Z 29013G18KT 20SM -RA OVC016 01/00 A2973 RMK SC8 SLP077",2026-05-01 04:42:43.041425,2026-05-01 00:42:43.041425
"CYHZ",2026-05-01 04:00:00,2026-05-01,"LIFR",7,7,100,130,16,201.17,29.86,NA,"VV  ft","METAR CYHZ 010400Z 13016G26KT 1/8SM R14/2200V2600FT/N R23/2000V2200FT/N FG VV002 07/07 A2986 RMK FG8 SLP118",2026-05-01 04:42:43.09083,2026-05-01 00:42:43.09083
"CYYG",2026-05-01 04:19:00,2026-05-01 00:19:00,"IFR",6,5,93,110,11,12874.75,29.91,NA,"OVC  ft","SPECI CYYG 010419Z 11011KT 8SM -DZ OVC005 06/05 A2991 RMK SF8 SLP131",2026-05-01 04:42:43.137007,2026-05-01 00:42:43.137007
"CYQM",2026-05-01 04:10:00,2026-05-01 00:10:00,"IFR",7,7,100,90,5,9999,29.82,NA,"BKN  ft; BKN  ft; BKN  ft; BKN  ft","SPECI CYQM 010410Z 09005KT 060V130 10SM BKN008 BKN025 BKN078 BKN110 07/07 A2982 RMK ST6SC1AC1AC1 SC TR AC TR SLP103",2026-05-01 04:42:43.181101,2026-05-01 00:42:43.181101
"CYFC",2026-05-01 04:40:00,2026-05-01 00:40:00,"MVFR",9,9,100,90,9,8046.72,29.72,NA,"OVC  ft","SPECI CYFC 010440Z AUTO 09009KT 5SM RA BR OVC010 09/09 A2972 RMK PCPN 2.2MM PAST HR SLP066",2026-05-01 04:42:43.24714,2026-05-01 00:42:43.24714
"CYYT",2026-05-01 04:00:00,2026-05-01,"LIFR",1,1,100,140,9,24140.16,30.28,NA,"OVC  ft","METAR CYYT 010400Z 14009KT 15SM OVC003 01/01 A3028 RMK ST8 SLP261",2026-05-01 04:42:43.301332,2026-05-01 00:42:43.301332
"CYQY",2026-05-01 04:00:00,2026-05-01,"VFR",4,4,100,140,8,24140.16,30.08,NA,"OVC  ft","METAR CYQY 010400Z 14008KT 15SM OVC055 04/04 A3008 RMK SC8 SLP189",2026-05-01 04:42:43.348834,2026-05-01 00:42:43.348834
"CYXY",2026-05-01 04:00:00,2026-05-01,"VFR",8,-5,39,150,4,64373.76,29.95,NA,"BKN  ft","METAR CYXY 010400Z 15004KT 40SM BKN190 08/M05 A2995 RMK AC6 SLP172",2026-05-01 04:42:43.394939,2026-05-01 00:42:43.394939
"CYZF",2026-05-01 04:00:00,2026-05-01,"VFR",6,-2,56,140,13,24140.16,29.7,NA,"OVC  ft","METAR CYZF 010400Z 14013G19KT 15SM OVC080 06/M02 A2970 RMK AC8 SLP071",2026-05-01 04:42:43.440987,2026-05-01 00:42:43.440987
"CYFB",2026-05-01 04:00:00,2026-05-01,"VFR",-13,-15,84,10,2,24140.16,30.09,NA,"FEW  ft","METAR CYFB 010400Z 01002KT 15SM FEW240 M13/M15 A3009 RMK CI2 SLP196",2026-05-01 04:42:43.485136,2026-05-01 00:42:43.485136
"CYRT",2026-05-01 04:00:00,2026-05-01,"VFR",-16,-17,91,340,8,24140.16,30.29,NA,NA,"METAR CYRT 010400Z 34008KT 15SM SKC M16/M17 A3029 RMK SLP262",2026-05-01 04:42:43.538092,2026-05-01 00:42:43.538092
"CYBK",2026-05-01 04:00:00,2026-05-01,"VFR",-15,-18,77,350,6,32186.88,30.31,NA,"FEW  ft","METAR CYBK 010400Z 35006KT 20SM FEW025 M15/M18 A3031 RMK SC1 SC TR SLP268",2026-05-01 04:42:43.585414,2026-05-01 00:42:43.585414
"CYRB",2026-05-01 04:00:00,2026-05-01,"VFR",-22,-24,83,0,0,48280.32,30.17,NA,"FEW  ft","METAR CYRB 010400Z 00000KT 30SM FEW200 M22/M24 A3017 RMK CI1 SLP231",2026-05-01 04:42:43.63298,2026-05-01 00:42:43.63298
"CYCO",2026-05-01 04:00:00,2026-05-01,"LIFR",-7,-8,92,360,12,2011.68,29.89,NA,"OVC  ft","METAR CYCO 010400Z 36012KT 1 1/4SM BR OVC004 M07/M08 A2989 RMK FG4ST4 VIS SW-W 3 SLP125",2026-05-01 04:42:43.678126,2026-05-01 00:42:43.678126
"CYER",2026-05-01 06:00:00,2026-05-01 02:00:00,"VFR",-10,-11,92,340,4,14484.1,30.19,NA,"SCT  ft","METAR CYER 010600Z AUTO 34004KT 9SM SCT240 M10/M11 A3019 RMK SLP227",2026-05-01 06:48:29.330013,2026-05-01 02:48:29.330013
"CYAT",2026-05-01 06:00:00,2026-05-01 02:00:00,"MVFR",-5,-7,85,10,8,14484.1,30.04,NA,"OVC  ft","METAR CYAT 010600Z AUTO 01008KT 9SM OVC011 M05/M07 A3004 RMK SLP177",2026-05-01 06:48:29.39818,2026-05-01 02:48:29.39818
"CYMO",2026-05-01 06:07:00,2026-05-01 02:07:00,"MVFR",-4,-6,85,340,5,14484.1,30.01,NA,"OVC  ft","SPECI CYMO 010607Z AUTO 34005KT 300V010 9SM -SN OVC011 M04/M06 A3001 RMK SLP164",2026-05-01 06:48:29.459983,2026-05-01 02:48:29.459983
"CYPL",2026-05-01 06:00:00,2026-05-01 02:00:00,"VFR",-3,-10,58,20,2,14484.1,30.06,NA,NA,"METAR CYPL 010600Z AUTO 02002KT 9SM CLR M03/M10 A3006 RMK SLP204",2026-05-01 06:48:29.526029,2026-05-01 02:48:29.526029
"CYQT",2026-05-01 06:00:00,2026-05-01 02:00:00,"VFR",0,-4,74,NA,2,24140.16,30.06,NA,"BKN  ft","METAR CYQT 010600Z VRB02KT 15SM BKN060 00/M04 A3006 RMK SC6 SLP190",2026-05-01 06:48:29.587962,2026-05-01 02:48:29.587962
"CYAM",2026-05-01 06:00:00,2026-05-01 02:00:00,"VFR",1,0,93,300,6,19312.13,29.96,NA,"FEW  ft; BKN  ft; OVC  ft","METAR CYAM 010600Z 30006KT 12SM FEW027 BKN059 OVC075 01/M00 A2996 RMK SC2SC4AC2 SLP157",2026-05-01 06:48:29.64822,2026-05-01 02:48:29.64822
"CYTS",2026-05-01 06:00:00,2026-05-01 02:00:00,"MVFR",-1,-7,63,340,3,24140.16,29.95,NA,"OVC  ft","METAR CYTS 010600Z 34003KT 15SM OVC028 M01/M07 A2995 RMK SC8 SLP157",2026-05-01 06:48:29.710039,2026-05-01 02:48:29.710039
"CYSB",2026-05-01 06:00:00,2026-05-01 02:00:00,"VFR",1,-4,69,80,6,24140.16,29.89,NA,"OVC  ft","METAR CYSB 010600Z 08006KT 15SM OVC050 01/M04 A2989 RMK SC8 SLP138",2026-05-01 06:48:29.775367,2026-05-01 02:48:29.775367
"CYYB",2026-05-01 06:00:00,2026-05-01 02:00:00,"VFR",0,-5,69,50,4,14484.1,29.89,NA,"OVC  ft","METAR CYYB 010600Z AUTO 05004KT 9SM OVC100 00/M05 A2989 RMK SLP137",2026-05-01 06:48:29.840537,2026-05-01 02:48:29.840537
"CYOW",2026-05-01 06:37:00,2026-05-01 02:37:00,"VFR",2,-1,80,320,8,24140.16,29.86,NA,"FEW  ft; BKN  ft","SPECI CYOW 010637Z 32008KT 15SM FEW033 BKN065 02/M01 A2986 RMK SC2SC3 SLP117",2026-05-01 06:48:29.905619,2026-05-01 02:48:29.905619
"CYGK",2026-05-01 03:00:00,2026-04-30 23:00:00,"VFR",7,0,61,240,3,24140.16,29.89,NA,"SCT  ft; BKN  ft","METAR CYGK 010300Z 24003KT 15SM SCT050 BKN070 07/00 A2989 RMK SC3AC3 LAST STFD OBS/NXT 011000Z SLP125",2026-05-01 06:48:29.968101,2026-05-01 02:48:29.968101
"CYQG",2026-05-01 06:00:00,2026-05-01 02:00:00,"VFR",7,2,70,210,5,14484.1,29.94,NA,"BKN  ft; OVC  ft","METAR CYQG 010600Z AUTO 21005KT 9SM BKN049 OVC071 07/02 A2994 RMK SLP143",2026-05-01 06:48:30.030712,2026-05-01 02:48:30.030712
"CYVV",2026-05-01 06:00:00,2026-05-01 02:00:00,"VFR",3,1,86,250,2,24140.16,29.92,NA,"OVC  ft","METAR CYVV 010600Z 25002KT 15SM OVC073 03/01 A2992 RMK AC8 SLP141",2026-05-01 06:48:30.093867,2026-05-01 02:48:30.093867
"CYYZ",2026-05-01 06:00:00,2026-05-01 02:00:00,"VFR",4,-3,60,360,6,24140.16,29.92,NA,"FEW  ft; SCT  ft","METAR CYYZ 010600Z 36006KT 15SM FEW058 SCT094 04/M03 A2992 RMK SC1AC2 SLP138",2026-05-01 06:48:30.154693,2026-05-01 02:48:30.154693
"CYQA",2026-05-01 06:00:00,2026-05-01 02:00:00,"VFR",-2,-3,92,0,0,14484.1,29.89,NA,"SCT  ft","METAR CYQA 010600Z AUTO 00000KT 9SM SCT120 M02/M03 A2989 RMK SLP133",2026-05-01 06:48:30.223643,2026-05-01 02:48:30.223643
"CYVR",2026-05-01 06:00:00,2026-05-01 02:00:00,"VFR",13,13,100,0,0,48280.32,29.99,NA,"FEW  ft; OVC  ft","METAR CYVR 010600Z 00000KT 30SM FEW150 OVC200 13/13 A2999 RMK AC1CI8 AC TR SLP158",2026-05-01 06:48:30.286807,2026-05-01 02:48:30.286807
"CYYJ",2026-05-01 06:00:00,2026-05-01 02:00:00,"VFR",12,11,93,230,2,48280.32,30,NA,"BKN  ft","METAR CYYJ 010600Z 23002KT 30SM BKN250 12/11 A3000 RMK CI5 SLP161",2026-05-01 06:48:30.350143,2026-05-01 02:48:30.350143
"CYLW",2026-05-01 06:00:00,2026-05-01 02:00:00,"VFR",12,4,58,NA,2,14484.1,30.01,NA,NA,"METAR CYLW 010600Z AUTO VRB02KT 9SM CLR 12/04 A3001 RMK SLP165",2026-05-01 06:48:30.411596,2026-05-01 02:48:30.411596
"CYXS",2026-05-01 06:00:00,2026-05-01 02:00:00,"VFR",8,2,65,290,4,14484.1,30.05,NA,NA,"METAR CYXS 010600Z AUTO 29004KT 9SM CLR 08/02 A3005 RMK SLP192",2026-05-01 06:48:30.475017,2026-05-01 02:48:30.475017
"CYXT",2026-05-01 06:00:00,2026-05-01 02:00:00,"VFR",9,7,87,20,4,32186.88,30.14,NA,"FEW  ft","METAR CYXT 010600Z 02004KT 20SM FEW060 09/07 A3014 RMK SC1 SLP216",2026-05-01 06:48:30.539711,2026-05-01 02:48:30.539711
"CYQQ",2026-05-01 06:00:00,2026-05-01 02:00:00,"VFR",14,6,58,290,5,32186.88,30.01,NA,"FEW  ft; SCT  ft; BKN  ft","METAR CYQQ 010600Z 29005KT 20SM FEW075 SCT210 BKN230 14/06 A3001 RMK AC1CI3CI3 DENSITY ALT 50FT SLP163",2026-05-01 06:48:30.602176,2026-05-01 02:48:30.602176
"CYYC",2026-05-01 06:00:00,2026-05-01 02:00:00,"VFR",12,-4,32,0,0,24140.16,29.99,NA,NA,"METAR CYYC 010600Z 00000KT 15SM SKC 12/M04 A2999 RMK SLP163 DENSITY ALT 4100FT",2026-05-01 06:48:30.666294,2026-05-01 02:48:30.666294
"CYEG",2026-05-01 06:00:00,2026-05-01 02:00:00,"VFR",9,-2,46,170,7,32186.88,29.91,NA,"FEW  ft","METAR CYEG 010600Z 17007KT 20SM FEW250 09/M02 A2991 RMK CI1 SLP137",2026-05-01 06:48:30.748318,2026-05-01 02:48:30.748318
"CYMM",2026-05-01 06:00:00,2026-05-01 02:00:00,"VFR",9,-3,42,130,3,14484.1,29.84,NA,NA,"METAR CYMM 010600Z AUTO 13003KT 9SM CLR 09/M03 A2984 RMK SLP117",2026-05-01 06:48:30.811821,2026-05-01 02:48:30.811821
"CYQF",2026-05-01 06:00:00,2026-05-01 02:00:00,"VFR",8,-4,42,200,6,14484.1,29.95,NA,NA,"METAR CYQF 010600Z AUTO 20006KT 9SM CLR 08/M04 A2995 RMK SLP155",2026-05-01 06:48:30.875056,2026-05-01 02:48:30.875056
"CYXE",2026-05-01 06:00:00,2026-05-01 02:00:00,"VFR",7,-3,48,210,9,24140.16,29.99,NA,"SCT  ft","METAR CYXE 010600Z 21009KT 15SM SCT200 07/M03 A2999 RMK CI4 SLP172",2026-05-01 06:48:30.940319,2026-05-01 02:48:30.940319
"CYQR",2026-05-01 06:00:00,2026-05-01 02:00:00,"VFR",1,-2,80,170,6,24140.16,30.06,NA,"BKN  ft","METAR CYQR 010600Z 17006KT 15SM BKN270 01/M02 A3006 RMK CI6 SLP201",2026-05-01 06:48:31.003521,2026-05-01 02:48:31.003521
"CYWG",2026-05-01 06:00:00,2026-05-01 02:00:00,"VFR",-2,-6,74,340,3,24140.16,30.12,NA,NA,"METAR CYWG 010600Z 34003KT 280V350 15SM SKC M02/M06 A3012 RMK SLP213",2026-05-01 06:48:31.064931,2026-05-01 02:48:31.064931
"CYBR",2026-05-01 06:00:00,2026-05-01 02:00:00,"VFR",1,-6,59,140,3,14484.1,30.1,NA,"BKN  ft; OVC  ft","METAR CYBR 010600Z AUTO 14003KT 9SM BKN091 OVC110 01/M06 A3010 RMK SLP216",2026-05-01 06:48:31.126766,2026-05-01 02:48:31.126766
"CYUL",2026-05-01 06:00:00,2026-05-01 02:00:00,"VFR",5,0,70,320,6,24140.16,29.83,NA,"BKN  ft","METAR CYUL 010600Z 32006KT 15SM BKN070 05/00 A2983 RMK AC6 SLP104",2026-05-01 06:48:31.190387,2026-05-01 02:48:31.190387
"CYHU",2026-05-01 06:00:00,2026-05-01 02:00:00,"VFR",4,1,80,330,5,14484.1,29.82,NA,NA,"METAR CYHU 010600Z AUTO 33005KT 9SM CLR 04/01 A2982 RMK SLP102",2026-05-01 06:48:31.295593,2026-05-01 02:48:31.295593
"CYQB",2026-05-01 06:00:00,2026-05-01 02:00:00,"VFR",4,3,93,230,11,12874.75,29.71,NA,"FEW  ft; SCT  ft; OVC  ft","METAR CYQB 010600Z 23011KT 8SM -RA FEW008 SCT022 OVC052 04/03 A2971 RMK SF2SC2SC4 SLP065",2026-05-01 06:48:31.368347,2026-05-01 02:48:31.368347
"CYVO",2026-05-01 06:00:00,2026-05-01 02:00:00,"VFR",-1,-4,80,350,8,14484.1,29.87,NA,"OVC  ft","METAR CYVO 010600Z AUTO 35008KT 9SM OVC096 M01/M04 A2987 RMK SLP134",2026-05-01 06:48:31.431103,2026-05-01 02:48:31.431103
"CYUY",2026-05-01 06:26:00,2026-05-01 02:26:00,"IFR",-1,-1,100,50,6,3218.69,29.89,NA,"OVC  ft","SPECI CYUY 010626Z 05006KT 330V080 2SM -SN OVC005 M01/M01 A2989 RMK SC8 SLP139",2026-05-01 06:48:31.499708,2026-05-01 02:48:31.499708
"CYZV",2026-05-01 06:00:00,2026-05-01 02:00:00,"MVFR",1,1,100,80,15,4828.03,29.96,NA,"VV  ft","METAR CYZV 010600Z 08015G29KT 3SM -RA BR VV004 01/01 A2996 RMK FG8 SLP150",2026-05-01 06:48:31.563071,2026-05-01 02:48:31.563071
"CYBC",2026-05-01 06:20:00,2026-05-01 02:20:00,"MVFR",3,2,93,50,9,4828.03,29.81,NA,"OVC  ft","SPECI CYBC 010620Z AUTO 05009G16KT 3SM RA BR OVC023 03/02 A2981 RMK PCPN 1.5MM PAST HR SLP099",2026-05-01 06:48:31.627209,2026-05-01 02:48:31.627209
"CYRJ",2026-05-01 06:00:00,2026-05-01 02:00:00,"MVFR",1,0,93,280,10,12874.75,29.72,NA,"OVC  ft","METAR CYRJ 010600Z 28010KT 8SM -RASN OVC030 01/M00 A2972 RMK NS8 SLP075",2026-05-01 06:48:31.689481,2026-05-01 02:48:31.689481
"CYHZ",2026-05-01 06:00:00,2026-05-01 02:00:00,"LIFR",7,7,100,120,15,201.17,29.81,NA,"VV  ft","METAR CYHZ 010600Z 12015G22KT 1/8SM R14/3000V4000FT/D R23/2000V2400FT/N FG VV002 07/07 A2981 RMK FG8 SLP099",2026-05-01 06:48:31.759845,2026-05-01 02:48:31.759845
"CYYG",2026-05-01 06:00:00,2026-05-01 02:00:00,"IFR",7,6,93,120,12,9999,29.88,NA,"OVC  ft","METAR CYYG 010600Z 12012KT 10SM -DZ OVC006 07/06 A2988 RMK SF8 SLP121",2026-05-01 06:48:31.824126,2026-05-01 02:48:31.824126
"CYQM",2026-05-01 06:00:00,2026-05-01 02:00:00,"LIFR",7,6,93,90,9,12874.75,29.78,NA,"BKN  ft; OVC  ft","METAR CYQM 010600Z 09009KT 8SM BKN004 OVC012 07/06 A2978 RMK ST7SC1 SLP087",2026-05-01 06:48:31.886106,2026-05-01 02:48:31.886106
"CYFC",2026-05-01 06:00:00,2026-05-01 02:00:00,"MVFR",9,8,93,90,6,9656.06,29.69,NA,"OVC  ft","METAR CYFC 010600Z AUTO 09006KT 6SM RA BR OVC010 09/08 A2969 RMK PCPN 2.0MM PAST HR SLP056",2026-05-01 06:48:31.947556,2026-05-01 02:48:31.947556
"CYYT",2026-05-01 06:24:00,2026-05-01 02:24:00,"LIFR",2,2,100,130,7,24140.16,30.26,NA,"OVC  ft","SPECI CYYT 010624Z 13007KT 15SM -DZ OVC003 02/02 A3026 RMK ST8 SLP256",2026-05-01 06:48:32.023228,2026-05-01 02:48:32.023228
"CYQY",2026-05-01 06:00:00,2026-05-01 02:00:00,"VFR",4,4,100,120,11,24140.16,30.04,NA,"OVC  ft","METAR CYQY 010600Z 12011KT 15SM OVC060 04/04 A3004 RMK SC8 SLP177",2026-05-01 06:48:32.087937,2026-05-01 02:48:32.087937
"CYXY",2026-05-01 06:00:00,2026-05-01 02:00:00,"VFR",4,-3,60,150,6,40233.6,29.97,NA,"FEW  ft","METAR CYXY 010600Z 15006KT 25SM FEW190 04/M03 A2997 RMK AC2 SLP180",2026-05-01 06:48:32.150406,2026-05-01 02:48:32.150406
"CYZF",2026-05-01 06:00:00,2026-05-01 02:00:00,"VFR",4,-1,69,180,5,24140.16,29.69,NA,"BKN  ft","METAR CYZF 010600Z 18005KT 15SM BKN052 04/M01 A2969 RMK SC7 SLP068",2026-05-01 06:48:32.213095,2026-05-01 02:48:32.213095
"CYFB",2026-05-01 06:00:00,2026-05-01 02:00:00,"VFR",-15,-17,84,330,4,24140.16,30.1,NA,"FEW  ft","METAR CYFB 010600Z 33004KT 15SM FEW240 M15/M17 A3010 RMK CI2 SLP198",2026-05-01 06:48:32.282426,2026-05-01 02:48:32.282426
"CYRT",2026-05-01 06:00:00,2026-05-01 02:00:00,"VFR",-16,-17,91,350,5,24140.16,30.29,NA,NA,"METAR CYRT 010600Z 35005KT 15SM SKC M16/M17 A3029 RMK SLP264",2026-05-01 06:48:32.345735,2026-05-01 02:48:32.345735
"CYBK",2026-05-01 06:00:00,2026-05-01 02:00:00,"VFR",-19,-22,77,NA,2,24140.16,30.31,NA,"FEW  ft","METAR CYBK 010600Z VRB02KT 15SM FEW025 M19/M22 A3031 RMK SC1 SC TR SLP269",2026-05-01 06:48:32.406152,2026-05-01 02:48:32.406152
"CYRB",2026-05-01 06:00:00,2026-05-01 02:00:00,"VFR",-23,-26,76,360,5,48280.32,30.19,NA,"FEW  ft; SCT  ft","METAR CYRB 010600Z 36005KT 30SM FEW110 SCT200 M23/M26 A3019 RMK AC2CI1 SLP235",2026-05-01 06:48:32.466593,2026-05-01 02:48:32.466593
"CYCO",2026-05-01 06:30:00,2026-05-01 02:30:00,"IFR",-9,-10,92,360,12,2414.02,29.89,NA,"OVC  ft","SPECI CYCO 010630Z 36012KT 1 1/2SM BR OVC006 M09/M10 A2989 RMK ST8 SLP126",2026-05-01 06:48:32.527022,2026-05-01 02:48:32.527022
"CYER",2026-05-01 09:00:00,2026-05-01 05:00:00,"VFR",-12,-13,92,330,4,14484.1,30.21,NA,"SCT  ft","METAR CYER 010900Z AUTO 33004KT 9SM SCT250 M12/M13 A3021 RMK SLP232",2026-05-01 09:11:31.44871,2026-05-01 05:11:31.44871
"CYAT",2026-05-01 09:00:00,2026-05-01 05:00:00,"IFR",-5,-5,100,20,8,14484.1,30.03,NA,"OVC  ft","METAR CYAT 010900Z AUTO 02008KT 9SM OVC007 M05/M05 A3003 RMK SLP171",2026-05-01 09:11:31.511511,2026-05-01 05:11:31.511511
"CYMO",2026-05-01 09:00:00,2026-05-01 05:00:00,"MVFR",-4,-6,85,310,3,14484.1,29.99,NA,"BKN  ft; OVC  ft","METAR CYMO 010900Z AUTO 31003KT 9SM -SN BKN018 OVC030 M04/M06 A2999 RMK SLP158",2026-05-01 09:11:31.545,2026-05-01 05:11:31.545
"CYPL",2026-05-01 09:00:00,2026-05-01 05:00:00,"VFR",-6,-10,73,360,3,14484.1,30.08,NA,NA,"METAR CYPL 010900Z AUTO 36003KT 9SM CLR M06/M10 A3008 RMK SLP210",2026-05-01 09:11:31.589617,2026-05-01 05:11:31.589617
"CYQT",2026-05-01 09:00:00,2026-05-01 05:00:00,"VFR",-2,-6,74,240,4,24140.16,30.05,NA,"SCT  ft; SCT  ft","METAR CYQT 010900Z 24004KT 15SM SCT081 SCT220 M02/M06 A3005 RMK AC3CI1 SLP188",2026-05-01 09:11:31.642764,2026-05-01 05:11:31.642764
"CYAM",2026-05-01 09:00:00,2026-05-01 05:00:00,"VFR",0,-1,92,320,5,24140.16,29.95,NA,"BKN  ft","METAR CYAM 010900Z 32005KT 15SM BKN097 00/M01 A2995 RMK AC7 SLP153",2026-05-01 09:11:31.681853,2026-05-01 05:11:31.681853
"CYTS",2026-05-01 09:00:00,2026-05-01 05:00:00,"MVFR",-2,-6,74,330,5,24140.16,29.94,NA,"OVC  ft","METAR CYTS 010900Z 33005KT 15SM OVC027 M02/M06 A2994 RMK SC8 SLP155",2026-05-01 09:11:31.736154,2026-05-01 05:11:31.736154
"CYSB",2026-05-01 09:00:00,2026-05-01 05:00:00,"VFR",0,-4,74,40,6,24140.16,29.89,NA,"OVC  ft","METAR CYSB 010900Z 04006KT 15SM OVC040 M00/M04 A2989 RMK SC8 SLP137",2026-05-01 09:11:31.772442,2026-05-01 05:11:31.772442
"CYYB",2026-05-01 09:00:00,2026-05-01 05:00:00,"VFR",0,-6,64,40,3,14484.1,29.87,NA,"BKN  ft; OVC  ft","METAR CYYB 010900Z AUTO 04003KT 360V060 9SM BKN042 OVC120 M00/M06 A2987 RMK SLP132",2026-05-01 09:11:31.8075,2026-05-01 05:11:31.8075
"CYOW",2026-05-01 09:00:00,2026-05-01 05:00:00,"VFR",1,-3,74,280,4,24140.16,29.89,NA,"FEW  ft","METAR CYOW 010900Z 28004KT 15SM FEW030 01/M03 A2989 RMK SC1 SC TR SLP126",2026-05-01 09:11:31.850477,2026-05-01 05:11:31.850477
"CYGK",2026-05-01 03:00:00,2026-04-30 23:00:00,"VFR",7,0,61,240,3,24140.16,29.89,NA,"SCT  ft; BKN  ft","METAR CYGK 010300Z 24003KT 15SM SCT050 BKN070 07/00 A2989 RMK SC3AC3 LAST STFD OBS/NXT 011000Z SLP125",2026-05-01 09:11:31.88458,2026-05-01 05:11:31.88458
"CYQG",2026-05-01 09:00:00,2026-05-01 05:00:00,"VFR",6,3,81,160,3,14484.1,29.92,NA,"BKN  ft; OVC  ft","METAR CYQG 010900Z AUTO 16003KT 9SM -RA BKN039 OVC060 06/03 A2992 RMK SLP137",2026-05-01 09:11:31.947204,2026-05-01 05:11:31.947204
"CYVV",2026-05-01 09:00:00,2026-05-01 05:00:00,"IFR",2,2,100,240,5,9999,29.91,NA,"OVC  ft","METAR CYVV 010900Z 24005KT 10SM -RA OVC007 02/02 A2991 RMK SF8 SLP138",2026-05-01 09:11:31.990163,2026-05-01 05:11:31.990163
"CYYZ",2026-05-01 09:00:00,2026-05-01 05:00:00,"VFR",3,-2,69,310,5,24140.16,29.91,NA,"BKN  ft","METAR CYYZ 010900Z 31005KT 15SM BKN083 03/M02 A2991 RMK AC5 SLP134",2026-05-01 09:11:32.025914,2026-05-01 05:11:32.025914
"CYQA",2026-05-01 09:00:00,2026-05-01 05:00:00,"VFR",-2,-3,92,0,0,14484.1,29.88,NA,"BKN  ft","METAR CYQA 010900Z AUTO 00000KT 9SM BKN110 M02/M03 A2988 RMK SLP130",2026-05-01 09:11:32.074193,2026-05-01 05:11:32.074193
"CYVR",2026-05-01 09:00:00,2026-05-01 05:00:00,"VFR",11,11,100,120,5,48280.32,30.01,NA,"FEW  ft; OVC  ft","METAR CYVR 010900Z 12005KT 30SM FEW160 OVC230 11/11 A3001 RMK AC1CI8 AC TR SLP165",2026-05-01 09:11:32.133665,2026-05-01 05:11:32.133665
"CYYJ",2026-05-01 09:00:00,2026-05-01 05:00:00,"VFR",11,10,93,70,2,48280.32,30.01,NA,"BKN  ft","METAR CYYJ 010900Z 07002KT 30SM BKN250 11/10 A3001 RMK CI5 SLP163",2026-05-01 09:11:32.210589,2026-05-01 05:11:32.210589
"CYLW",2026-05-01 09:00:00,2026-05-01 05:00:00,"VFR",9,3,66,80,4,14484.1,30.02,NA,NA,"METAR CYLW 010900Z AUTO 08004KT 9SM CLR 09/03 A3002 RMK SLP169",2026-05-01 09:11:32.247023,2026-05-01 05:11:32.247023
"CYXS",2026-05-01 09:00:00,2026-05-01 05:00:00,"VFR",3,1,86,NA,2,14484.1,30.07,NA,NA,"METAR CYXS 010900Z AUTO VRB02KT 9SM CLR 03/01 A3007 RMK SLP200",2026-05-01 09:11:32.285694,2026-05-01 05:11:32.285694
"CYXT",2026-05-01 09:00:00,2026-05-01 05:00:00,"VFR",6,5,93,360,5,32186.88,30.16,NA,"FEW  ft","METAR CYXT 010900Z 36005KT 20SM FEW060 06/05 A3016 RMK SC1 SLP220",2026-05-01 09:11:32.332734,2026-05-01 05:11:32.332734
"CYQQ",2026-05-01 09:00:00,2026-05-01 05:00:00,"VFR",12,7,71,330,6,32186.88,30.03,NA,"FEW  ft; BKN  ft","METAR CYQQ 010900Z 33006KT 20SM FEW180 BKN220 12/07 A3003 RMK AC1CI7 DENSITY ALT -236FT SLP169",2026-05-01 09:11:32.414327,2026-05-01 05:11:32.414327
"CYYC",2026-05-01 09:00:00,2026-05-01 05:00:00,"VFR",10,-4,37,10,6,24140.16,30,NA,NA,"METAR CYYC 010900Z 01006KT 15SM SKC 10/M04 A3000 RMK SLP167",2026-05-01 09:11:32.480419,2026-05-01 05:11:32.480419
"CYEG",2026-05-01 09:00:00,2026-05-01 05:00:00,"VFR",10,-2,43,260,10,32186.88,29.9,NA,"FEW  ft","METAR CYEG 010900Z 26010KT 20SM FEW250 10/M02 A2990 RMK CI1 CI TR SLP130",2026-05-01 09:11:32.571367,2026-05-01 05:11:32.571367
"CYMM",2026-05-01 09:00:00,2026-05-01 05:00:00,"VFR",5,-3,56,90,4,14484.1,29.82,NA,"FEW  ft; BKN  ft","METAR CYMM 010900Z AUTO 09004KT 9SM FEW100 BKN140 05/M03 A2982 RMK SLP111",2026-05-01 09:11:32.700353,2026-05-01 05:11:32.700353
"CYQF",2026-05-01 09:00:00,2026-05-01 05:00:00,"VFR",4,-5,51,220,6,14484.1,29.98,NA,NA,"METAR CYQF 010900Z AUTO 22006KT 9SM CLR 04/M05 A2998 RMK ICE MISG SLP168",2026-05-01 09:11:32.77807,2026-05-01 05:11:32.77807
"CYXE",2026-05-01 09:00:00,2026-05-01 05:00:00,"VFR",2,-3,69,220,7,24140.16,29.99,NA,"SCT  ft","METAR CYXE 010900Z 22007KT 15SM SCT260 02/M03 A2999 RMK CI4 SLP173",2026-05-01 09:11:32.818877,2026-05-01 05:11:32.818877
"CYQR",2026-05-01 09:00:00,2026-05-01 05:00:00,"VFR",1,-4,69,190,4,24140.16,30.04,NA,"BKN  ft","METAR CYQR 010900Z 19004KT 15SM BKN270 01/M04 A3004 RMK CI5 SLP193",2026-05-01 09:11:32.856841,2026-05-01 05:11:32.856841
"CYWG",2026-05-01 09:00:00,2026-05-01 05:00:00,"VFR",-3,-6,79,220,3,24140.16,30.12,NA,NA,"METAR CYWG 010900Z 22003KT 15SM SKC M03/M06 A3012 RMK SLP216",2026-05-01 09:11:32.89851,2026-05-01 05:11:32.89851
"CYBR",2026-05-01 09:00:00,2026-05-01 05:00:00,"VFR",-3,-7,73,100,3,14484.1,30.1,NA,"SCT  ft; SCT  ft","METAR CYBR 010900Z AUTO 10003KT 9SM SCT091 SCT150 M03/M07 A3010 RMK SLP214",2026-05-01 09:11:32.953518,2026-05-01 05:11:32.953518
"CYUL",2026-05-01 09:00:00,2026-05-01 05:00:00,"VFR",3,-1,74,310,5,24140.16,29.85,NA,"FEW  ft","METAR CYUL 010900Z 31005KT 15SM FEW060 03/M01 A2985 RMK SC1 SLP110",2026-05-01 09:11:33.021549,2026-05-01 05:11:33.021549
"CYHU",2026-05-01 09:00:00,2026-05-01 05:00:00,"VFR",3,-1,74,300,4,14484.1,29.84,NA,NA,"METAR CYHU 010900Z AUTO 30004KT 9SM CLR 03/M01 A2984 RMK SLP107",2026-05-01 09:11:33.076216,2026-05-01 05:11:33.076216
"CYQB",2026-05-01 09:00:00,2026-05-01 05:00:00,"MVFR",3,2,93,240,11,24140.16,29.73,NA,"FEW  ft; OVC  ft","METAR CYQB 010900Z 24011KT 15SM FEW008 OVC026 03/02 A2973 RMK SF1SC8 SF TR SLP072",2026-05-01 09:11:33.124125,2026-05-01 05:11:33.124125
"CYVO",2026-05-01 09:00:00,2026-05-01 05:00:00,"VFR",-2,-6,74,340,10,14484.1,29.87,NA,"BKN  ft","METAR CYVO 010900Z AUTO 34010KT 9SM BKN100 M02/M06 A2987 RMK SLP138",2026-05-01 09:11:33.163055,2026-05-01 05:11:33.163055
"CYUY",2026-05-01 09:00:00,2026-05-01 05:00:00,"VFR",-2,-3,92,10,3,9999,29.9,NA,"BKN  ft; BKN  ft","METAR CYUY 010900Z 01003KT 10SM -SN BKN042 BKN070 M02/M03 A2990 RMK SC6AC1 SLP142",2026-05-01 09:11:33.212433,2026-05-01 05:11:33.212433
"CYZV",2026-05-01 09:05:00,2026-05-01 05:05:00,"MVFR",1,0,93,80,18,8046.72,29.92,NA,"VV  ft","SPECI CYZV 010905Z 08018G29KT 5SM -DZ BR VV004 01/00 A2992 RMK FG8 SLP138",2026-05-01 09:11:33.247256,2026-05-01 05:11:33.247256
"CYBC",2026-05-01 09:02:00,2026-05-01 05:02:00,"IFR",3,3,100,60,14,3218.69,29.78,NA,"OVC  ft","SPECI CYBC 010902Z AUTO 06014G19KT 2SM -RA BR OVC007 03/03 A2978 RMK SLP086",2026-05-01 09:11:33.288973,2026-05-01 05:11:33.288973
"CYRJ",2026-05-01 09:00:00,2026-05-01 05:00:00,"MVFR",0,-1,92,290,7,4828.03,29.75,NA,"OVC  ft","METAR CYRJ 010900Z 29007KT 3SM -SN OVC032 00/M01 A2975 RMK NS8 SLP083",2026-05-01 09:11:33.326655,2026-05-01 05:11:33.326655
"CYHZ",2026-05-01 09:04:00,2026-05-01 05:04:00,"LIFR",7,7,100,110,17,3218.69,29.76,NA,"OVC  ft","SPECI CYHZ 010904Z 11017KT 2SM RA BR OVC003 07/07 A2976 RMK NS8 SLP084",2026-05-01 09:11:33.366466,2026-05-01 05:11:33.366466
"CYYG",2026-05-01 09:00:00,2026-05-01 05:00:00,"IFR",6,6,100,120,15,12874.75,29.84,NA,"OVC  ft","METAR CYYG 010900Z 12015KT 8SM -DZ OVC005 06/06 A2984 RMK SF8 SLP106",2026-05-01 09:11:33.4344,2026-05-01 05:11:33.4344
"CYQM",2026-05-01 09:00:00,2026-05-01 05:00:00,"LIFR",8,7,93,100,12,9656.06,29.71,NA,"BKN  ft; BKN  ft; OVC  ft","METAR CYQM 010900Z 10012G18KT 6SM -RA BR BKN004 BKN015 OVC048 08/07 A2971 RMK ST7SC1SC1 SC TR VIS LWR W-NW SLP065",2026-05-01 09:11:33.541267,2026-05-01 05:11:33.541267
"CYFC",2026-05-01 09:00:00,2026-05-01 05:00:00,"IFR",9,9,100,70,3,14484.1,29.64,NA,"OVC  ft","METAR CYFC 010900Z AUTO 07003KT 9SM -RA OVC009 09/09 A2964 RMK PCPN 2.8MM PAST HR SLP041",2026-05-01 09:11:33.603359,2026-05-01 05:11:33.603359
"CYYT",2026-05-01 09:00:00,2026-05-01 05:00:00,"LIFR",1,1,100,130,8,2414.02,30.26,NA,"OVC  ft","METAR CYYT 010900Z 13008KT 1 1/2SM -DZ BR OVC002 01/01 A3026 RMK ST8 SLP255",2026-05-01 09:11:33.64567,2026-05-01 05:11:33.64567
"CYQY",2026-05-01 09:00:00,2026-05-01 05:00:00,"LIFR",3,3,100,130,11,2414.02,30.03,NA,"OVC  ft","METAR CYQY 010900Z 13011KT 1 1/2SM -DZ BR OVC004 03/03 A3003 RMK NS8 SLP172",2026-05-01 09:11:33.680398,2026-05-01 05:11:33.680398
"CYXY",2026-05-01 09:00:00,2026-05-01 05:00:00,"VFR",2,-2,74,180,8,24140.16,29.99,NA,NA,"METAR CYXY 010900Z 18008KT 15SM SKC 02/M02 A2999 RMK SLP187",2026-05-01 09:11:33.723608,2026-05-01 05:11:33.723608
"CYZF",2026-05-01 09:00:00,2026-05-01 05:00:00,"VFR",2,2,100,90,3,24140.16,29.66,NA,"BKN  ft; BKN  ft","METAR CYZF 010900Z 09003KT 15SM -RA BKN046 BKN085 02/02 A2966 RMK SC5AC2 SLP057",2026-05-01 09:11:33.762506,2026-05-01 05:11:33.762506
"CYFB",2026-05-01 09:00:00,2026-05-01 05:00:00,"VFR",-16,-17,91,310,3,48280.32,30.12,NA,"FEW  ft; SCT  ft","METAR CYFB 010900Z 31003KT 30SM FEW050 SCT240 M16/M17 A3012 RMK SC1CI2 SLP206",2026-05-01 09:11:33.809392,2026-05-01 05:11:33.809392
"CYRT",2026-05-01 09:00:00,2026-05-01 05:00:00,"VFR",-17,-19,84,20,3,24140.16,30.31,NA,NA,"METAR CYRT 010900Z 02003KT 15SM SKC M17/M19 A3031 RMK SLP269",2026-05-01 09:11:33.853517,2026-05-01 05:11:33.853517
"CYBK",2026-05-01 09:00:00,2026-05-01 05:00:00,"VFR",-21,-23,83,NA,2,32186.88,30.31,NA,"FEW  ft","METAR CYBK 010900Z VRB02KT 20SM FEW030 M21/M23 A3031 RMK SC1 SC TR SLP267",2026-05-01 09:11:33.889338,2026-05-01 05:11:33.889338
"CYRB",2026-05-01 08:00:00,2026-05-01 04:00:00,"VFR",-24,-27,76,360,4,48280.32,30.19,NA,NA,"METAR CYRB 010800Z 36004KT 30SM SKC M24/M27 A3019 RMK SLP236",2026-05-01 09:11:33.964361,2026-05-01 05:11:33.964361
"CYCO",2026-05-01 09:00:00,2026-05-01 05:00:00,"IFR",-9,-10,92,350,10,3218.69,29.88,NA,"OVC  ft","METAR CYCO 010900Z 35010KT 2SM -SG OVC006 M09/M10 A2988 RMK ST8 SLP124",2026-05-01 09:11:34.114468,2026-05-01 05:11:34.114468
"CYER",2026-05-01 10:00:00,2026-05-01 06:00:00,"VFR",-12,-13,92,310,4,14484.1,30.21,NA,"OVC  ft","METAR CYER 011000Z AUTO 31004KT 9SM OVC050 M12/M13 A3021 RMK SLP235",2026-05-01 10:47:39.289374,2026-05-01 06:47:39.289374
"CYAT",2026-05-01 10:40:00,2026-05-01 06:40:00,"IFR",-5,-5,100,10,7,9656.06,30.03,NA,"OVC  ft","SPECI CYAT 011040Z AUTO 01007KT 6SM BR OVC005 M05/M05 A3003 RMK SLP172",2026-05-01 10:47:39.395786,2026-05-01 06:47:39.395786
"CYMO",2026-05-01 10:39:00,2026-05-01 06:39:00,"IFR",-4,-5,92,340,4,8046.72,29.99,NA,"BKN  ft; OVC  ft","SPECI CYMO 011039Z AUTO 34004KT 5SM -SN BKN009 OVC012 M04/M05 A2999 RMK SLP159",2026-05-01 10:47:39.494351,2026-05-01 06:47:39.494351
"CYPL",2026-05-01 10:00:00,2026-05-01 06:00:00,"VFR",-7,-10,79,340,3,14484.1,30.09,NA,NA,"METAR CYPL 011000Z AUTO 34003KT 9SM CLR M07/M10 A3009 RMK SLP213",2026-05-01 10:47:39.602329,2026-05-01 06:47:39.602329
"CYQT",2026-05-01 10:00:00,2026-05-01 06:00:00,"VFR",-3,-6,79,230,4,24140.16,30.06,NA,"SCT  ft; SCT  ft","METAR CYQT 011000Z 23004KT 15SM SCT063 SCT220 M03/M06 A3006 RMK SC3CI1 SLP191",2026-05-01 10:47:39.700571,2026-05-01 06:47:39.700571
"CYAM",2026-05-01 10:00:00,2026-05-01 06:00:00,"VFR",-1,-3,86,320,5,24140.16,29.95,NA,"SCT  ft; BKN  ft","METAR CYAM 011000Z 32005KT 15SM SCT098 BKN220 M01/M03 A2995 RMK AC4CI3 SLP154",2026-05-01 10:47:39.817087,2026-05-01 06:47:39.817087
"CYTS",2026-05-01 10:00:00,2026-05-01 06:00:00,"MVFR",-2,-6,74,320,4,24140.16,29.94,NA,"BKN  ft","METAR CYTS 011000Z 32004KT 15SM BKN030 M02/M06 A2994 RMK SC7 SLP156",2026-05-01 10:47:39.918101,2026-05-01 06:47:39.918101
"CYSB",2026-05-01 10:00:00,2026-05-01 06:00:00,"VFR",-1,-4,80,30,8,24140.16,29.89,NA,"OVC  ft","METAR CYSB 011000Z 03008KT 15SM -SHSN OVC037 M01/M04 A2989 RMK SC8 CVCTV CLD EMBD SLP139",2026-05-01 10:47:40.016002,2026-05-01 06:47:40.016002
"CYYB",2026-05-01 10:00:00,2026-05-01 06:00:00,"VFR",0,-6,64,30,4,14484.1,29.87,NA,"BKN  ft; OVC  ft","METAR CYYB 011000Z AUTO 03004KT 9SM BKN037 OVC120 M00/M06 A2987 RMK SLP133",2026-05-01 10:47:40.115475,2026-05-01 06:47:40.115475
"CYOW",2026-05-01 10:00:00,2026-05-01 06:00:00,"VFR",0,-4,74,280,3,24140.16,29.89,NA,"FEW  ft","METAR CYOW 011000Z 28003KT 15SM FEW030 M00/M04 A2989 RMK SC1 SC TR SLP127",2026-05-01 10:47:40.218874,2026-05-01 06:47:40.218874
"CYGK",2026-05-01 10:00:00,2026-05-01 06:00:00,"VFR",0,-4,74,360,5,24140.16,29.91,NA,"BKN  ft","METAR CYGK 011000Z 36005KT 15SM BKN110 M00/M04 A2991 RMK AC5 SLP135",2026-05-01 10:47:40.345869,2026-05-01 06:47:40.345869
"CYQG",2026-05-01 10:00:00,2026-05-01 06:00:00,"VFR",6,4,87,200,4,14484.1,29.9,NA,"OVC  ft","METAR CYQG 011000Z AUTO 20004KT 9SM OVC060 06/04 A2990 RMK SLP131",2026-05-01 10:47:40.449932,2026-05-01 06:47:40.449932
"CYVV",2026-05-01 10:00:00,2026-05-01 06:00:00,"MVFR",2,2,100,250,5,9999,29.91,NA,"OVC  ft","METAR CYVV 011000Z 25005KT 10SM OVC011 02/02 A2991 RMK SF8 SLP137",2026-05-01 10:47:40.572442,2026-05-01 06:47:40.572442
"CYYZ",2026-05-01 10:00:00,2026-05-01 06:00:00,"VFR",4,-2,64,310,5,24140.16,29.91,NA,"BKN  ft","METAR CYYZ 011000Z 31005KT 15SM BKN078 04/M02 A2991 RMK AC7 SLP133",2026-05-01 10:47:40.670016,2026-05-01 06:47:40.670016
"CYQA",2026-05-01 10:00:00,2026-05-01 06:00:00,"VFR",-3,-3,100,0,0,14484.1,29.88,NA,"SCT  ft","METAR CYQA 011000Z AUTO 00000KT 9SM SCT091 M03/M03 A2988 RMK SLP130",2026-05-01 10:47:40.825829,2026-05-01 06:47:40.825829
"CYVR",2026-05-01 10:00:00,2026-05-01 06:00:00,"VFR",10,10,100,NA,2,48280.32,30.01,NA,"OVC  ft","METAR CYVR 011000Z VRB02KT 30SM OVC210 10/10 A3001 RMK CI8 SLP165",2026-05-01 10:47:40.934921,2026-05-01 06:47:40.934921
"CYYJ",2026-05-01 10:00:00,2026-05-01 06:00:00,"VFR",9,9,100,0,0,48280.32,30,NA,"BKN  ft","METAR CYYJ 011000Z 00000KT 30SM BKN250 09/09 A3000 RMK CI5 SLP161",2026-05-01 10:47:41.042233,2026-05-01 06:47:41.042233
"CYLW",2026-05-01 10:00:00,2026-05-01 06:00:00,"VFR",7,2,70,70,3,14484.1,30.02,NA,NA,"METAR CYLW 011000Z AUTO 07003KT 9SM CLR 07/02 A3002 RMK SLP170",2026-05-01 10:47:41.141204,2026-05-01 06:47:41.141204
"CYXS",2026-05-01 10:00:00,2026-05-01 06:00:00,"VFR",2,1,93,200,3,14484.1,30.08,NA,NA,"METAR CYXS 011000Z AUTO 20003KT 9SM CLR 02/01 A3008 RMK SLP202",2026-05-01 10:47:41.237599,2026-05-01 06:47:41.237599
"CYXT",2026-05-01 10:00:00,2026-05-01 06:00:00,"VFR",4,3,93,10,3,32186.88,30.16,NA,"FEW  ft","METAR CYXT 011000Z 01003KT 320V020 20SM FEW060 04/03 A3016 RMK SC1 SLP221",2026-05-01 10:47:41.352376,2026-05-01 06:47:41.352376
"CYQQ",2026-05-01 10:00:00,2026-05-01 06:00:00,"VFR",12,8,76,330,8,32186.88,30.03,NA,"FEW  ft; BKN  ft","METAR CYQQ 011000Z 33008KT 20SM FEW075 BKN220 12/08 A3003 RMK AC1CI6 DENSITY ALT -269FT SLP168",2026-05-01 10:47:41.456333,2026-05-01 06:47:41.456333
"CYYC",2026-05-01 10:04:00,2026-05-01 06:04:00,"VFR",9,-5,36,350,10,24140.16,30.01,NA,NA,"SPECI CYYC 011004Z 35010KT 15SM SKC 09/M05 A3001 RMK SLP171",2026-05-01 10:47:41.56059,2026-05-01 06:47:41.56059
"CYEG",2026-05-01 10:00:00,2026-05-01 06:00:00,"VFR",9,-2,46,260,11,32186.88,29.9,NA,"FEW  ft","METAR CYEG 011000Z 26011KT 20SM FEW250 09/M02 A2990 RMK CI1 CI TR SLP131",2026-05-01 10:47:41.66182,2026-05-01 06:47:41.66182
"CYMM",2026-05-01 10:00:00,2026-05-01 06:00:00,"VFR",4,-2,64,140,4,14484.1,29.83,NA,"BKN  ft; BKN  ft; OVC  ft","METAR CYMM 011000Z AUTO 14004KT 9SM BKN100 BKN120 OVC160 04/M02 A2983 RMK SLP114",2026-05-01 10:47:41.772057,2026-05-01 06:47:41.772057
"CYQF",2026-05-01 10:00:00,2026-05-01 06:00:00,"VFR",2,-5,59,210,4,14484.1,29.98,NA,NA,"METAR CYQF 011000Z AUTO 21004KT 9SM CLR 02/M05 A2998 RMK SLP170",2026-05-01 10:47:41.876211,2026-05-01 06:47:41.876211
"CYXE",2026-05-01 10:00:00,2026-05-01 06:00:00,"VFR",2,-3,69,210,7,24140.16,29.98,NA,"SCT  ft","METAR CYXE 011000Z 21007KT 15SM SCT230 02/M03 A2998 RMK CI4 SLP171",2026-05-01 10:47:41.974959,2026-05-01 06:47:41.974959
"CYQR",2026-05-01 10:00:00,2026-05-01 06:00:00,"VFR",1,-4,69,170,4,24140.16,30.04,NA,"BKN  ft","METAR CYQR 011000Z 17004KT 15SM BKN270 01/M04 A3004 RMK CI5 SLP194",2026-05-01 10:47:42.072342,2026-05-01 06:47:42.072342
"CYWG",2026-05-01 10:00:00,2026-05-01 06:00:00,"VFR",-4,-6,85,200,3,24140.16,30.14,NA,NA,"METAR CYWG 011000Z 20003KT 15SM SKC M04/M06 A3014 RMK SLP221",2026-05-01 10:47:42.173025,2026-05-01 06:47:42.173025
"CYBR",2026-05-01 10:00:00,2026-05-01 06:00:00,"VFR",-3,-5,86,80,3,14484.1,30.1,NA,"OVC  ft","METAR CYBR 011000Z AUTO 08003KT 9SM OVC081 M03/M05 A3010 RMK SLP216",2026-05-01 10:47:42.284078,2026-05-01 06:47:42.284078
"CYUL",2026-05-01 10:00:00,2026-05-01 06:00:00,"VFR",3,-1,74,300,6,48280.32,29.86,NA,"FEW  ft","METAR CYUL 011000Z 30006KT 30SM FEW060 03/M01 A2986 RMK SC1 SC TR SLP114",2026-05-01 10:47:42.385795,2026-05-01 06:47:42.385795
"CYHU",2026-05-01 10:00:00,2026-05-01 06:00:00,"VFR",3,0,80,280,7,14484.1,29.85,NA,NA,"METAR CYHU 011000Z AUTO 28007KT 9SM CLR 03/00 A2985 RMK SLP110",2026-05-01 10:47:42.488532,2026-05-01 06:47:42.488532
"CYQB",2026-05-01 10:00:00,2026-05-01 06:00:00,"VFR",3,2,93,250,10,24140.16,29.73,NA,"FEW  ft; SCT  ft; BKN  ft","METAR CYQB 011000Z 25010KT 15SM FEW008 SCT026 BKN054 03/02 A2973 RMK SF1SC6SC1 SF TR SLP074",2026-05-01 10:47:42.585201,2026-05-01 06:47:42.585201
"CYVO",2026-05-01 10:00:00,2026-05-01 06:00:00,"VFR",-3,-6,79,300,2,24140.16,29.88,NA,"SCT  ft; BKN  ft; BKN  ft","METAR CYVO 011000Z 30002KT 15SM SCT017 BKN044 BKN100 M03/M06 A2988 RMK SC3SC2AC2 SLP141",2026-05-01 10:47:42.680032,2026-05-01 06:47:42.680032
"CYUY",2026-05-01 10:00:00,2026-05-01 06:00:00,"VFR",-2,-3,92,0,0,9656.06,29.9,NA,"SCT  ft; BKN  ft","METAR CYUY 011000Z 00000KT 6SM -SN SCT010 BKN040 M02/M03 A2990 RMK SC4SC3 SLP143",2026-05-01 10:47:42.785034,2026-05-01 06:47:42.785034
"CYZV",2026-05-01 10:20:00,2026-05-01 06:20:00,"IFR",1,1,100,80,18,4828.03,29.92,NA,"OVC  ft","SPECI CYZV 011020Z 08018G31KT 3SM -RA BR OVC005 01/01 A2992 RMK FG4SC4 SLP137",2026-05-01 10:47:42.882908,2026-05-01 06:47:42.882908
"CYBC",2026-05-01 10:27:00,2026-05-01 06:27:00,"IFR",3,3,100,70,9,3621.02,29.76,NA,"OVC  ft","SPECI CYBC 011027Z AUTO 07009G16KT 2 1/4SM -RA BR OVC005 03/03 A2976 RMK SLP081",2026-05-01 10:47:42.98349,2026-05-01 06:47:42.98349
"CYRJ",2026-05-01 10:00:00,2026-05-01 06:00:00,"MVFR",1,-1,86,290,7,19312.13,29.76,NA,"OVC  ft","METAR CYRJ 011000Z 29007KT 12SM OVC024 01/M01 A2976 RMK NS8 SLP086",2026-05-01 10:47:43.084088,2026-05-01 06:47:43.084088
"CYHZ",2026-05-01 10:42:00,2026-05-01 06:42:00,"LIFR",9,9,100,130,19,1207.01,29.75,NA,"OVC  ft","SPECI CYHZ 011042Z 13019G26KT 3/4SM R14/P6000FT/U R23/P6000FT/D -RA BR OVC002 09/09 A2975 RMK ST8 SLP078",2026-05-01 10:47:43.179988,2026-05-01 06:47:43.179988
"CYYG",2026-05-01 10:00:00,2026-05-01 06:00:00,"LIFR",6,6,100,110,15,12874.75,29.82,NA,"OVC  ft","METAR CYYG 011000Z 11015G21KT 8SM -DZ OVC004 06/06 A2982 RMK SF8 SLP103",2026-05-01 10:47:43.281647,2026-05-01 06:47:43.281647
"CYQM",2026-05-01 10:00:00,2026-05-01 06:00:00,"LIFR",8,8,100,110,11,19312.13,29.7,NA,"BKN  ft; OVC  ft","METAR CYQM 011000Z 11011KT 12SM -RA BKN004 OVC012 08/08 A2970 RMK ST7SC1 SLP060",2026-05-01 10:47:43.378498,2026-05-01 06:47:43.378498
"CYFC",2026-05-01 10:36:00,2026-05-01 06:36:00,"IFR",10,9,93,70,4,1609.34,29.64,NA,"VV  ft","SPECI CYFC 011036Z AUTO 07004KT 1SM R09/5500FT/N -RA BR VV011 10/09 A2964 RMK SLP040",2026-05-01 10:47:43.475625,2026-05-01 06:47:43.475625
"CYYT",2026-05-01 10:41:00,2026-05-01 06:41:00,"LIFR",2,2,100,130,7,603.5,30.28,NA,"VV  ft","SPECI CYYT 011041Z 13007KT 3/8SM R16/2200V2600FT/N R10/3000VP6000FT/D FG VV002 02/02 A3028 RMK FG8 SLP261",2026-05-01 10:47:43.584072,2026-05-01 06:47:43.584072
"CYQY",2026-05-01 10:00:00,2026-05-01 06:00:00,"LIFR",3,3,100,120,12,2414.02,30.03,NA,"OVC  ft","METAR CYQY 011000Z 12012KT 1 1/2SM -RA BR OVC003 03/03 A3003 RMK NS8 SLP173",2026-05-01 10:47:43.682648,2026-05-01 06:47:43.682648
"CYXY",2026-05-01 10:00:00,2026-05-01 06:00:00,"VFR",1,-2,80,190,8,24140.16,30,NA,"FEW  ft","METAR CYXY 011000Z 19008KT 15SM FEW190 01/M02 A3000 RMK AC1 AC TR SLP190",2026-05-01 10:47:43.789901,2026-05-01 06:47:43.789901
"CYZF",2026-05-01 10:00:00,2026-05-01 06:00:00,"VFR",1,1,100,250,4,24140.16,29.67,NA,"SCT  ft; BKN  ft","METAR CYZF 011000Z 25004KT 15SM SCT052 BKN100 01/01 A2967 RMK SC4AC2 SLP063",2026-05-01 10:47:43.888103,2026-05-01 06:47:43.888103
"CYFB",2026-05-01 10:00:00,2026-05-01 06:00:00,"VFR",-15,-17,84,360,5,48280.32,30.14,NA,"SCT  ft; SCT  ft","METAR CYFB 011000Z 36005KT 30SM SCT020 SCT240 M15/M17 A3014 RMK SC3CI1 CI TR SLP211",2026-05-01 10:47:43.986408,2026-05-01 06:47:43.986408
"CYRT",2026-05-01 10:00:00,2026-05-01 06:00:00,"VFR",-18,-19,91,30,4,24140.16,30.31,NA,"FEW  ft","METAR CYRT 011000Z 03004KT 15SM FEW250 M18/M19 A3031 RMK CI1 SLP270",2026-05-01 10:47:44.089746,2026-05-01 06:47:44.089746
"CYBK",2026-05-01 10:00:00,2026-05-01 06:00:00,"VFR",-20,-22,84,20,2,32186.88,30.31,NA,"FEW  ft; FEW  ft","METAR CYBK 011000Z 02002KT 20SM FEW030 FEW230 M20/M22 A3031 RMK SC1CI1 SLP267",2026-05-01 10:47:44.187867,2026-05-01 06:47:44.187867
"CYRB",2026-05-01 10:00:00,2026-05-01 06:00:00,"VFR",-23,-26,76,350,4,48280.32,30.2,NA,NA,"METAR CYRB 011000Z 35004KT 30SM SKC M23/M26 A3020 RMK SLP238",2026-05-01 10:47:44.297403,2026-05-01 06:47:44.297403
"CYCO",2026-05-01 10:23:00,2026-05-01 06:23:00,"MVFR",-9,-11,85,350,11,4828.03,29.88,NA,"OVC  ft","SPECI CYCO 011023Z 35011KT 3SM -SG BR OVC010 M09/M11 A2988 RMK ST8 SLP123",2026-05-01 10:47:44.39388,2026-05-01 06:47:44.39388
"CYER",2026-05-01 12:00:00,2026-05-01 08:00:00,"VFR",-8,-9,92,NA,2,14484.1,30.23,NA,"OVC  ft","METAR CYER 011200Z AUTO VRB02KT 9SM OVC048 M08/M09 A3023 RMK SLP241",2026-05-01 12:10:24.012021,2026-05-01 08:10:24.012021
"CYAT",2026-05-01 12:00:00,2026-05-01 08:00:00,"IFR",-4,-5,92,360,8,14484.1,30.04,NA,"OVC  ft","METAR CYAT 011200Z AUTO 36008G16KT 9SM OVC009 M04/M05 A3004 RMK SLP175",2026-05-01 12:10:24.07881,2026-05-01 08:10:24.07881
"CYMO",2026-05-01 12:02:00,2026-05-01 08:02:00,"MVFR",-4,-5,92,330,6,11265.41,30,NA,"OVC  ft","SPECI CYMO 011202Z AUTO 33006KT 300V010 7SM -SN OVC011 M04/M05 A3000 RMK SLP160",2026-05-01 12:10:24.12654,2026-05-01 08:10:24.12654
"CYPL",2026-05-01 12:00:00,2026-05-01 08:00:00,"VFR",-6,-11,67,0,0,14484.1,30.1,NA,NA,"METAR CYPL 011200Z AUTO 00000KT 9SM CLR M06/M11 A3010 RMK SLP218",2026-05-01 12:10:24.179551,2026-05-01 08:10:24.179551
"CYQT",2026-05-01 12:00:00,2026-05-01 08:00:00,"VFR",-1,-5,74,250,4,32186.88,30.07,NA,"BKN  ft; BKN  ft","METAR CYQT 011200Z 25004KT 20SM BKN055 BKN160 M01/M05 A3007 RMK SC5AC1 SLP197",2026-05-01 12:10:24.226991,2026-05-01 08:10:24.226991
"CYAM",2026-05-01 12:00:00,2026-05-01 08:00:00,"VFR",1,-2,80,350,7,24140.16,29.97,NA,"FEW  ft; FEW  ft; SCT  ft; BKN  ft","METAR CYAM 011200Z CCA 35007KT 15SM FEW047 FEW140 SCT220 BKN250 01/M02 A2997 RMK SC1AC1CI2CI1 SLP159",2026-05-01 12:10:24.274613,2026-05-01 08:10:24.274613
"CYTS",2026-05-01 11:39:00,2026-05-01 07:39:00,"MVFR",-2,-5,79,320,5,19312.13,29.95,NA,"OVC  ft","SPECI CYTS 011139Z 32005KT 12SM -SN OVC029 M02/M05 A2995 RMK SC8 SLP158",2026-05-01 12:10:24.322529,2026-05-01 08:10:24.322529
"CYSB",2026-05-01 12:00:00,2026-05-01 08:00:00,"IFR",-2,-3,92,30,9,3218.69,29.91,NA,"SCT  ft; OVC  ft","METAR CYSB 011200Z CCA 03009KT 2SM -SHSN BR SCT007 OVC030 M02/M03 A2991 RMK SF3SC5 VIS VRB 1-3 CVCTV CLD EMBD SLP144",2026-05-01 12:10:24.372281,2026-05-01 08:10:24.372281
"CYYB",2026-05-01 12:00:00,2026-05-01 08:00:00,"VFR",0,-5,69,40,7,48280.32,29.89,NA,"OVC  ft","METAR CYYB 011200Z 04007KT 30SM OVC041 00/M05 A2989 RMK SC8 SLP137",2026-05-01 12:10:24.420871,2026-05-01 08:10:24.420871
"CYOW",2026-05-01 12:00:00,2026-05-01 08:00:00,"VFR",4,-3,60,270,6,24140.16,29.91,NA,"FEW  ft","METAR CYOW 011200Z 27006KT 15SM FEW060 04/M03 A2991 RMK SC1 SC TR SLP135",2026-05-01 12:10:24.470792,2026-05-01 08:10:24.470792
"CYGK",2026-05-01 12:00:00,2026-05-01 08:00:00,"VFR",4,-3,60,100,3,24140.16,29.93,NA,"BKN  ft","METAR CYGK 011200Z 10003KT 030V120 15SM BKN070 04/M03 A2993 RMK AC6 SLP141",2026-05-01 12:10:24.52235,2026-05-01 08:10:24.52235
"CYQG",2026-05-01 12:00:00,2026-05-01 08:00:00,"VFR",6,3,81,250,3,14484.1,29.92,NA,"BKN  ft; OVC  ft","METAR CYQG 011200Z AUTO 25003KT 9SM -RA BKN050 OVC071 06/03 A2992 RMK SLP137",2026-05-01 12:10:24.578928,2026-05-01 08:10:24.578928
"CYVV",2026-05-01 12:00:00,2026-05-01 08:00:00,"MVFR",3,1,86,260,5,24140.16,29.91,NA,"BKN  ft; BKN  ft","METAR CYVV 011200Z 26005KT 220V290 15SM BKN011 BKN092 03/01 A2991 RMK SC5AC2 SLP137",2026-05-01 12:10:24.637085,2026-05-01 08:10:24.637085
"CYYZ",2026-05-01 12:00:00,2026-05-01 08:00:00,"VFR",5,-2,60,280,2,24140.16,29.91,NA,"FEW  ft; BKN  ft","METAR CYYZ 011200Z 28002KT 15SM FEW040 BKN080 05/M02 A2991 RMK SC1AC7 SC TR SLP135",2026-05-01 12:10:24.69213,2026-05-01 08:10:24.69213
"CYQA",2026-05-01 12:01:00,2026-05-01 08:01:00,"VFR",1,0,93,0,0,14484.1,29.89,NA,"FEW  ft; OVC  ft","SPECI CYQA 011201Z AUTO 00000KT 9SM FEW009 OVC066 01/00 A2989 RMK SLP133",2026-05-01 12:10:24.739131,2026-05-01 08:10:24.739131
"CYVR",2026-05-01 11:00:00,2026-05-01 07:00:00,"VFR",9,9,100,340,2,48280.32,30,NA,"OVC  ft","METAR CYVR 011100Z 34002KT 30SM OVC210 09/09 A3000 RMK CI8 SLP163",2026-05-01 12:10:24.783947,2026-05-01 08:10:24.783947
"CYYJ",2026-05-01 12:00:00,2026-05-01 08:00:00,"VFR",10,10,100,260,4,48280.32,30.01,NA,"BKN  ft","METAR CYYJ 011200Z 26004KT 30SM BKN250 10/10 A3001 RMK CI5 SLP164",2026-05-01 12:10:24.830294,2026-05-01 08:10:24.830294
"CYLW",2026-05-01 12:00:00,2026-05-01 08:00:00,"VFR",8,3,70,0,0,14484.1,30.04,NA,"FEW  ft","METAR CYLW 011200Z AUTO 00000KT 9SM FEW110 08/03 A3004 RMK SLP173",2026-05-01 12:10:24.878391,2026-05-01 08:10:24.878391
"CYXS",2026-05-01 12:00:00,2026-05-01 08:00:00,"VFR",1,0,93,210,3,14484.1,30.09,NA,NA,"METAR CYXS 011200Z AUTO 21003KT 9SM CLR 01/00 A3009 RMK SLP208",2026-05-01 12:10:24.92914,2026-05-01 08:10:24.92914
"CYXT",2026-05-01 12:00:00,2026-05-01 08:00:00,"VFR",5,4,93,360,11,32186.88,30.16,NA,NA,"METAR CYXT 011200Z 36011KT 20SM SKC 05/04 A3016 RMK SLP221",2026-05-01 12:10:24.979422,2026-05-01 08:10:24.979422
"CYQQ",2026-05-01 12:00:00,2026-05-01 08:00:00,"VFR",11,7,76,320,7,32186.88,30.03,NA,"FEW  ft; BKN  ft","METAR CYQQ 011200Z 32007KT 20SM FEW180 BKN220 11/07 A3003 RMK AC1CI6 DENSITY ALT -398FT CIG PDMTLY TRANSPARENT SLP169",2026-05-01 12:10:25.027637,2026-05-01 08:10:25.027637
"CYYC",2026-05-01 12:00:00,2026-05-01 08:00:00,"VFR",7,-6,39,NA,2,32186.88,30.02,NA,"FEW  ft","METAR CYYC 011200Z VRB02KT 20SM FEW220 07/M06 A3002 RMK CI1 SLP177",2026-05-01 12:10:25.079741,2026-05-01 08:10:25.079741
"CYEG",2026-05-01 12:00:00,2026-05-01 08:00:00,"VFR",8,-2,49,270,11,32186.88,29.93,NA,"FEW  ft; BKN  ft","METAR CYEG 011200Z 27011KT 20SM FEW100 BKN240 08/M02 A2993 RMK AC1CI5 AC TR CC ASOCTD CONTRAILS SLP142",2026-05-01 12:10:25.136892,2026-05-01 08:10:25.136892
"CYMM",2026-05-01 12:00:00,2026-05-01 08:00:00,"VFR",6,-2,56,180,6,14484.1,29.8,NA,"BKN  ft; OVC  ft","METAR CYMM 011200Z AUTO 18006KT 9SM BKN100 OVC150 06/M02 A2980 RMK SLP106",2026-05-01 12:10:25.18383,2026-05-01 08:10:25.18383
"CYQF",2026-05-01 12:00:00,2026-05-01 08:00:00,"VFR",0,-5,69,190,6,14484.1,29.99,NA,NA,"METAR CYQF 011200Z AUTO 19006KT 9SM CLR 00/M05 A2999 RMK SLP174",2026-05-01 12:10:25.229826,2026-05-01 08:10:25.229826
"CYXE",2026-05-01 12:00:00,2026-05-01 08:00:00,"VFR",4,-4,55,200,6,24140.16,29.98,NA,"BKN  ft","METAR CYXE 011200Z 20006KT 15SM BKN260 04/M04 A2998 RMK CI5 SLP170",2026-05-01 12:10:25.282212,2026-05-01 08:10:25.282212
"CYQR",2026-05-01 12:00:00,2026-05-01 08:00:00,"VFR",1,-5,64,NA,2,24140.16,30.04,NA,"FEW  ft; SCT  ft","METAR CYQR 011200Z VRB02KT 15SM FEW080 SCT270 01/M05 A3004 RMK AC1CI3 AC TR CONTRAILS SLP193",2026-05-01 12:10:25.328601,2026-05-01 08:10:25.328601
"CYWG",2026-05-01 12:00:00,2026-05-01 08:00:00,"VFR",-3,-6,79,220,3,24140.16,30.15,NA,NA,"METAR CYWG 011200Z 22003KT 15SM SKC M03/M06 A3015 RMK SLP223",2026-05-01 12:10:25.373657,2026-05-01 08:10:25.373657
"CYBR",2026-05-01 12:00:00,2026-05-01 08:00:00,"VFR",-1,-4,80,90,3,24140.16,30.1,NA,"BKN  ft","METAR CYBR 011200Z 09003KT 15SM BKN080 M01/M04 A3010 RMK AC7 SLP214",2026-05-01 12:10:25.421098,2026-05-01 08:10:25.421098
"CYUL",2026-05-01 12:00:00,2026-05-01 08:00:00,"VFR",5,-1,65,310,9,48280.32,29.89,NA,"FEW  ft; FEW  ft","METAR CYUL 011200Z 31009KT 30SM FEW025 FEW060 05/M01 A2989 RMK CU1SC1 CU TR SC TR SLP123",2026-05-01 12:10:25.46944,2026-05-01 08:10:25.46944
"CYHU",2026-05-01 12:00:00,2026-05-01 08:00:00,"VFR",5,-1,65,320,9,14484.1,29.87,NA,NA,"METAR CYHU 011200Z AUTO 32009KT 9SM CLR 05/M01 A2987 RMK SLP118",2026-05-01 12:10:25.523289,2026-05-01 08:10:25.523289
"CYQB",2026-05-01 12:00:00,2026-05-01 08:00:00,"VFR",4,2,86,240,12,48280.32,29.75,NA,"FEW  ft; SCT  ft; BKN  ft","METAR CYQB 011200Z 24012KT 30SM FEW009 SCT029 BKN130 04/02 A2975 RMK SF1SC3AC3 DIST FG NE VIS 10 MT TOP OBSC N QUAD SLP080",2026-05-01 12:10:25.584635,2026-05-01 08:10:25.584635
"CYVO",2026-05-01 12:00:00,2026-05-01 08:00:00,"VFR",-1,-5,74,360,7,24140.16,29.88,NA,"FEW  ft; SCT  ft; BKN  ft","METAR CYVO 011200Z 36007KT 15SM FEW017 SCT038 BKN100 M01/M05 A2988 RMK SC2SC2AC1 SLP141",2026-05-01 12:10:25.640282,2026-05-01 08:10:25.640282
"CYUY",2026-05-01 12:00:00,2026-05-01 08:00:00,"VFR",-2,-3,92,NA,2,9656.06,29.91,NA,"FEW  ft; SCT  ft; BKN  ft","METAR CYUY 011200Z VRB02KT 6SM -SN FEW007 SCT015 BKN033 M02/M03 A2991 RMK SF2SC1SC2 PCPN VRY LGT SLP145",2026-05-01 12:10:25.685754,2026-05-01 08:10:25.685754
"CYZV",2026-05-01 12:00:00,2026-05-01 08:00:00,"IFR",2,2,100,80,18,4828.03,29.9,NA,"OVC  ft","METAR CYZV 011200Z 08018G32KT 3SM -RA BR OVC006 02/02 A2990 RMK FG4SC4 CIG VRB 005-007 SLP129",2026-05-01 12:10:25.734622,2026-05-01 08:10:25.734622
"CYBC",2026-05-01 12:00:00,2026-05-01 08:00:00,"IFR",3,3,100,60,8,4828.03,29.77,NA,"BKN  ft; OVC  ft","METAR CYBC 011200Z AUTO 06008G15KT 3SM -RA BR BKN005 OVC010 03/03 A2977 RMK PCPN 1.8MM PAST HR SLP083",2026-05-01 12:10:25.784667,2026-05-01 08:10:25.784667
"CYRJ",2026-05-01 12:00:00,2026-05-01 08:00:00,"VFR",1,-1,86,300,10,32186.88,29.77,NA,"BKN  ft","METAR CYRJ 011200Z 30010KT 20SM BKN039 01/M01 A2977 RMK SC7 SLP090",2026-05-01 12:10:25.83157,2026-05-01 08:10:25.83157
"CYHZ",2026-05-01 12:00:00,2026-05-01 08:00:00,"LIFR",10,10,100,130,20,201.17,29.73,NA,"VV  ft","METAR CYHZ 011200Z 13020G27KT 1/8SM R14/3500V5500FT/D R23/2200V2800FT/N FG VV002 10/10 A2973 RMK FG8 SLP074",2026-05-01 12:10:25.877544,2026-05-01 08:10:25.877544
"CYYG",2026-05-01 12:00:00,2026-05-01 08:00:00,"IFR",7,7,100,110,12,9999,29.8,NA,"OVC  ft","METAR CYYG 011200Z 11012KT 10SM -RA OVC005 07/07 A2980 RMK ST8 SLP096",2026-05-01 12:10:25.932472,2026-05-01 08:10:25.932472
"CYQM",2026-05-01 12:00:00,2026-05-01 08:00:00,"IFR",10,10,100,110,16,19312.13,29.67,NA,"BKN  ft; OVC  ft","METAR CYQM 011200Z 11016KT 12SM RA BKN007 OVC015 10/10 A2967 RMK ST7NS1 SLP050",2026-05-01 12:10:25.978697,2026-05-01 08:10:25.978697
"CYFC",2026-05-01 12:01:00,2026-05-01 08:01:00,"IFR",10,10,100,100,5,2816.35,29.63,NA,"BKN  ft; OVC  ft","SPECI CYFC 011201Z AUTO 10005KT 1 3/4SM R09/5000FT/D -RA BR BKN005 OVC008 10/10 A2963 RMK VIS VRB 1 1/4-2 SLP037",2026-05-01 12:10:26.035128,2026-05-01 08:10:26.035128
"CYYT",2026-05-01 12:00:00,2026-05-01 08:00:00,"LIFR",2,2,100,130,7,804.67,30.28,NA,"VV  ft","METAR CYYT 011200Z 13007KT 1/2SM R16/P6000FT/D R10/P6000FT/U FG VV002 02/02 A3028 RMK FG8 SLP261",2026-05-01 12:10:26.101437,2026-05-01 08:10:26.101437
"CYQY",2026-05-01 12:00:00,2026-05-01 08:00:00,"LIFR",4,4,100,120,16,2414.02,30.01,NA,"OVC  ft","METAR CYQY 011200Z 12016G21KT 1 1/2SM -DZ BR OVC003 04/04 A3001 RMK NS8 SLP168",2026-05-01 12:10:26.155676,2026-05-01 08:10:26.155676
"CYXY",2026-05-01 12:00:00,2026-05-01 08:00:00,"VFR",1,-3,74,170,10,64373.76,29.99,NA,"FEW  ft","METAR CYXY 011200Z 17010KT 40SM FEW190 01/M03 A2999 RMK AC1 SLP187",2026-05-01 12:10:26.212013,2026-05-01 08:10:26.212013
"CYZF",2026-05-01 12:00:00,2026-05-01 08:00:00,"MVFR",2,1,93,290,12,24140.16,29.7,NA,"BKN  ft; BKN  ft; BKN  ft","METAR CYZF 011200Z 29012G18KT 15SM BKN010 BKN035 BKN140 02/01 A2970 RMK SC5SC1AC1 SLP072",2026-05-01 12:10:26.263762,2026-05-01 08:10:26.263762
"CYFB",2026-05-01 12:00:00,2026-05-01 08:00:00,"MVFR",-14,-16,84,0,0,48280.32,30.16,NA,"BKN  ft; BKN  ft","METAR CYFB 011200Z 00000KT 30SM BKN018 BKN240 M14/M16 A3016 RMK SC6CI1 SLP219",2026-05-01 12:10:26.31742,2026-05-01 08:10:26.31742
"CYRT",2026-05-01 12:00:00,2026-05-01 08:00:00,"VFR",-16,-17,91,130,3,24140.16,30.32,NA,"FEW  ft","METAR CYRT 011200Z 13003KT 100V180 15SM FEW250 M16/M17 A3032 RMK CI1 SLP273",2026-05-01 12:10:26.368264,2026-05-01 08:10:26.368264
"CYBK",2026-05-01 11:00:00,2026-05-01 07:00:00,"VFR",-19,-21,84,360,3,32186.88,30.3,NA,"FEW  ft; FEW  ft","METAR CYBK 011100Z 36003KT 20SM FEW030 FEW230 M19/M21 A3030 RMK SC1CI1 SC TR SLP264",2026-05-01 12:10:26.415661,2026-05-01 08:10:26.415661
"CYRB",2026-05-01 12:00:00,2026-05-01 08:00:00,"VFR",-21,-23,83,330,3,48280.32,30.2,NA,NA,"METAR CYRB 011200Z 33003KT 30SM SKC M21/M23 A3020 RMK SLP241",2026-05-01 12:10:26.463316,2026-05-01 08:10:26.463316
"CYCO",2026-05-01 12:00:00,2026-05-01 08:00:00,"IFR",-9,-10,92,360,9,8046.72,29.89,NA,"OVC  ft","METAR CYCO 011200Z 36009KT 5SM -SG BR OVC009 M09/M10 A2989 RMK ST8 SLP126",2026-05-01 12:10:26.509881,2026-05-01 08:10:26.509881
"CYER",2026-05-01 13:00:00,2026-05-01 09:00:00,"VFR",-7,-8,92,330,4,14484.1,30.23,NA,"OVC  ft","METAR CYER 011300Z AUTO 33004KT 300V010 9SM OVC048 M07/M08 A3023 RMK SLP242",2026-05-01 13:54:40.214895,2026-05-01 09:54:40.214895
"CYAT",2026-05-01 13:04:00,2026-05-01 09:04:00,"IFR",-4,-6,85,20,10,14484.1,30.04,NA,"OVC  ft","SPECI CYAT 011304Z AUTO 02010G16KT 9SM OVC009 M04/M06 A3004 RMK SLP177",2026-05-01 13:54:40.255211,2026-05-01 09:54:40.255211
"CYMO",2026-05-01 13:32:00,2026-05-01 09:32:00,"MVFR",-3,-6,79,310,9,14484.1,30,NA,"OVC  ft","SPECI CYMO 011332Z AUTO 31009KT 9SM -SN OVC011 M03/M06 A3000 RMK SLP160",2026-05-01 13:54:40.29326,2026-05-01 09:54:40.29326
"CYPL",2026-05-01 13:00:00,2026-05-01 09:00:00,"VFR",-3,-10,58,90,2,14484.1,30.11,NA,NA,"METAR CYPL 011300Z AUTO 09002KT 9SM CLR M03/M10 A3011 RMK SLP220",2026-05-01 13:54:40.326743,2026-05-01 09:54:40.326743
"CYQT",2026-05-01 13:00:00,2026-05-01 09:00:00,"VFR",3,-4,60,NA,2,32186.88,30.08,NA,"FEW  ft; SCT  ft","METAR CYQT 011300Z VRB02KT 20SM FEW050 SCT270 03/M04 A3008 RMK SC1CI3 SLP197",2026-05-01 13:54:40.355769,2026-05-01 09:54:40.355769
"CYAM",2026-05-01 13:00:00,2026-05-01 09:00:00,"VFR",2,-3,69,330,7,24140.16,29.98,NA,"FEW  ft; FEW  ft; FEW  ft; SCT  ft; SCT  ft","METAR CYAM 011300Z 33007KT 300V010 15SM FEW010 FEW047 FEW150 SCT220 SCT250 02/M03 A2998 RMK CU1SC1AC1CI2CI1 CU TR AC TR DIST SH W-NW SLP162",2026-05-01 13:54:40.38384,2026-05-01 09:54:40.38384
"CYTS",2026-05-01 13:00:00,2026-05-01 09:00:00,"MVFR",-1,-5,74,320,7,24140.16,29.95,NA,"SCT  ft; OVC  ft","METAR CYTS 011300Z 32007KT 15SM -SN SCT015 OVC029 M01/M05 A2995 RMK SC4SC4 SLP159",2026-05-01 13:54:40.413395,2026-05-01 09:54:40.413395
"CYSB",2026-05-01 13:45:00,2026-05-01 09:45:00,"IFR",-1,-2,92,40,8,4828.03,29.91,NA,"OVC  ft","SPECI CYSB 011345Z 04008KT 3SM -SHSN BR OVC005 M01/M02 A2991 RMK SC8 SLP145",2026-05-01 13:54:40.443123,2026-05-01 09:54:40.443123
"CYYB",2026-05-01 13:00:00,2026-05-01 09:00:00,"VFR",0,-5,69,60,7,19312.13,29.89,NA,"OVC  ft","METAR CYYB 011300Z 06007KT 020V090 12SM -SN OVC036 00/M05 A2989 RMK SC8 SLP140",2026-05-01 13:54:40.471653,2026-05-01 09:54:40.471653
"CYOW",2026-05-01 13:00:00,2026-05-01 09:00:00,"VFR",5,-4,52,280,5,24140.16,29.91,NA,"FEW  ft; FEW  ft","METAR CYOW 011300Z 28005KT 270V340 15SM FEW060 FEW200 05/M04 A2991 RMK SC1CI1 SC TR SLP133",2026-05-01 13:54:40.501729,2026-05-01 09:54:40.501729
"CYGK",2026-05-01 13:00:00,2026-05-01 09:00:00,"VFR",6,-3,52,130,5,24140.16,29.94,NA,"FEW  ft; BKN  ft","METAR CYGK 011300Z 13005KT 010V150 15SM FEW070 BKN090 06/M03 A2994 RMK AC2AC3 SLP143",2026-05-01 13:54:40.533359,2026-05-01 09:54:40.533359
"CYQG",2026-05-01 13:39:00,2026-05-01 09:39:00,"MVFR",7,4,81,240,4,14484.1,29.92,NA,"BKN  ft; BKN  ft; OVC  ft","SPECI CYQG 011339Z AUTO 24004KT 190V270 9SM -RA BKN018 BKN050 OVC060 07/04 A2992 RMK SLP138",2026-05-01 13:54:40.568337,2026-05-01 09:54:40.568337
"CYVV",2026-05-01 13:00:00,2026-05-01 09:00:00,"MVFR",3,0,80,280,9,24140.16,29.91,NA,"BKN  ft; BKN  ft","METAR CYVV 011300Z 28009KT 15SM BKN012 BKN089 03/M00 A2991 RMK CF5AC2 SLP139",2026-05-01 13:54:40.604693,2026-05-01 09:54:40.604693
"CYYZ",2026-05-01 13:00:00,2026-05-01 09:00:00,"VFR",6,-2,56,250,4,24140.16,29.91,NA,"SCT  ft; BKN  ft; BKN  ft","METAR CYYZ 011300Z 25004KT 230V300 15SM SCT048 BKN075 BKN250 06/M02 A2991 RMK SC3AC4CI1 CI TR SLP136",2026-05-01 13:54:40.633823,2026-05-01 09:54:40.633823
"CYQA",2026-05-01 13:30:00,2026-05-01 09:30:00,"MVFR",3,1,86,330,6,14484.1,29.89,NA,"OVC  ft","SPECI CYQA 011330Z AUTO 33006KT 250V340 9SM -RA OVC011 03/01 A2989 RMK SLP133",2026-05-01 13:54:40.666663,2026-05-01 09:54:40.666663
"CYVR",2026-05-01 13:00:00,2026-05-01 09:00:00,"VFR",9,9,100,0,0,48280.32,30.01,NA,"FEW  ft; FEW  ft; OVC  ft","METAR CYVR 011300Z 00000KT 30SM FEW050 FEW170 OVC210 09/09 A3001 RMK SC1AC1CI7 SLP166",2026-05-01 13:54:40.697013,2026-05-01 09:54:40.697013
"CYYJ",2026-05-01 13:00:00,2026-05-01 09:00:00,"VFR",9,9,100,270,2,48280.32,30.02,NA,"FEW  ft; BKN  ft","METAR CYYJ 011300Z 27002KT 30SM FEW160 BKN230 09/09 A3002 RMK AC1CI5 AC TR SLP166",2026-05-01 13:54:40.726497,2026-05-01 09:54:40.726497
"CYLW",2026-05-01 13:00:00,2026-05-01 09:00:00,"VFR",8,3,70,40,2,14484.1,30.04,NA,"SCT  ft","METAR CYLW 011300Z AUTO 04002KT 9SM SCT110 08/03 A3004 RMK SLP174",2026-05-01 13:54:40.760071,2026-05-01 09:54:40.760071
"CYXS",2026-05-01 13:00:00,2026-05-01 09:00:00,"VFR",-1,-1,100,NA,3,14484.1,30.09,NA,NA,"METAR CYXS 011300Z AUTO VRB03KT 9SM CLR M01/M01 A3009 RMK SLP212",2026-05-01 13:54:40.82028,2026-05-01 09:54:40.82028
"CYXT",2026-05-01 13:00:00,2026-05-01 09:00:00,"VFR",4,3,93,360,10,32186.88,30.16,NA,"FEW  ft; FEW  ft; FEW  ft","METAR CYXT 011300Z 36010KT 20SM FEW001 FEW035 FEW220 04/03 A3016 RMK SF1SC1CI1 SC TR CI TR SLP222",2026-05-01 13:54:40.851791,2026-05-01 09:54:40.851791
"CYQQ",2026-05-01 13:00:00,2026-05-01 09:00:00,"VFR",10,6,76,310,5,32186.88,30.03,NA,"FEW  ft; SCT  ft","METAR CYQQ 011300Z 31005KT 20SM FEW180 SCT220 10/06 A3003 RMK AC1CI4 DENSITY ALT -502FT SLP171",2026-05-01 13:54:40.879926,2026-05-01 09:54:40.879926
"CYYC",2026-05-01 13:00:00,2026-05-01 09:00:00,"VFR",7,-5,42,NA,2,64373.76,30.02,NA,"FEW  ft; FEW  ft","METAR CYYC 011300Z VRB02KT 40SM FEW170 FEW220 07/M05 A3002 RMK AC1CI1 AC TR SLP178",2026-05-01 13:54:40.907985,2026-05-01 09:54:40.907985
"CYEG",2026-05-01 13:00:00,2026-05-01 09:00:00,"VFR",8,-2,49,270,8,32186.88,29.95,NA,"FEW  ft; BKN  ft","METAR CYEG 011300Z 27008KT 20SM FEW100 BKN240 08/M02 A2995 RMK AC1CI5 AC TR CC ASOCTD CONTRAILS SLP148",2026-05-01 13:54:40.938051,2026-05-01 09:54:40.938051
"CYMM",2026-05-01 13:00:00,2026-05-01 09:00:00,"VFR",7,-1,56,310,5,14484.1,29.82,NA,"BKN  ft; BKN  ft; BKN  ft","METAR CYMM 011300Z AUTO 31005KT 9SM BKN120 BKN140 BKN160 07/M01 A2982 RMK SLP111",2026-05-01 13:54:40.966325,2026-05-01 09:54:40.966325
"CYQF",2026-05-01 13:00:00,2026-05-01 09:00:00,"VFR",3,-3,64,200,6,14484.1,30,NA,NA,"METAR CYQF 011300Z AUTO 20006KT 9SM CLR 03/M03 A3000 RMK SLP174",2026-05-01 13:54:40.996524,2026-05-01 09:54:40.996524
"CYXE",2026-05-01 13:00:00,2026-05-01 09:00:00,"VFR",4,-3,60,180,6,24140.16,29.98,NA,"BKN  ft","METAR CYXE 011300Z 18006KT 15SM BKN280 04/M03 A2998 RMK CI6 SLP168",2026-05-01 13:54:41.027541,2026-05-01 09:54:41.027541
"CYQR",2026-05-01 13:00:00,2026-05-01 09:00:00,"VFR",3,-3,64,250,2,24140.16,30.05,NA,"FEW  ft; SCT  ft","METAR CYQR 011300Z 25002KT 15SM FEW080 SCT270 03/M03 A3005 RMK AC1CI4 AC TR CONTRAILS SLP196",2026-05-01 13:54:41.06294,2026-05-01 09:54:41.06294
"CYWG",2026-05-01 13:00:00,2026-05-01 09:00:00,"VFR",2,-4,64,0,0,24140.16,30.16,NA,"FEW  ft","METAR CYWG 011300Z 00000KT 15SM FEW250 02/M04 A3016 RMK CI1 CI TR SLP227",2026-05-01 13:54:41.097887,2026-05-01 09:54:41.097887
"CYBR",2026-05-01 13:00:00,2026-05-01 09:00:00,"VFR",1,-4,69,130,3,24140.16,30.11,NA,"BKN  ft","METAR CYBR 011300Z 13003KT 15SM BKN080 01/M04 A3011 RMK AC7 SLP215",2026-05-01 13:54:41.13595,2026-05-01 09:54:41.13595
"CYUL",2026-05-01 13:00:00,2026-05-01 09:00:00,"VFR",6,-3,52,300,10,48280.32,29.88,NA,"FEW  ft; FEW  ft","METAR CYUL 011300Z 30010G16KT 30SM FEW035 FEW060 06/M03 A2988 RMK CU1SC1 SC TR SLP121",2026-05-01 13:54:41.169591,2026-05-01 09:54:41.169591
"CYHU",2026-05-01 13:00:00,2026-05-01 09:00:00,"VFR",6,-1,60,290,10,14484.1,29.86,NA,"BKN  ft","METAR CYHU 011300Z AUTO 29010G17KT 260V320 9SM BKN038 06/M01 A2986 RMK SLP116",2026-05-01 13:54:41.214497,2026-05-01 09:54:41.214497
"CYQB",2026-05-01 13:00:00,2026-05-01 09:00:00,"VFR",5,2,80,240,12,48280.32,29.76,NA,"FEW  ft; BKN  ft; BKN  ft","METAR CYQB 011300Z 24012KT 30SM FEW015 BKN035 BKN130 05/02 A2976 RMK SF2SC3AC2 VIS NE LWR SLP081",2026-05-01 13:54:41.243818,2026-05-01 09:54:41.243818
"CYVO",2026-05-01 13:00:00,2026-05-01 09:00:00,"MVFR",-1,-6,68,330,6,24140.16,29.88,NA,"BKN  ft","METAR CYVO 011300Z 33006KT 15SM BKN018 M01/M06 A2988 RMK SC6 SLP141",2026-05-01 13:54:41.27132,2026-05-01 09:54:41.27132
"CYUY",2026-05-01 13:00:00,2026-05-01 09:00:00,"MVFR",-1,-3,86,290,4,9999,29.9,NA,"SCT  ft; BKN  ft","METAR CYUY 011300Z 29004KT 270V340 10SM -SN SCT014 BKN025 M01/M03 A2990 RMK SC3SC2 PCPN VRY LGT SLP144",2026-05-01 13:54:41.299762,2026-05-01 09:54:41.299762
"CYZV",2026-05-01 13:00:00,2026-05-01 09:00:00,"IFR",3,2,93,90,16,8046.72,29.88,NA,"OVC  ft","METAR CYZV 011300Z 09016G31KT 5SM -RA BR OVC006 03/02 A2988 RMK SC8 SLP122",2026-05-01 13:54:41.334571,2026-05-01 09:54:41.334571
"CYBC",2026-05-01 13:02:00,2026-05-01 09:02:00,"IFR",3,3,100,60,10,9656.06,29.75,NA,"OVC  ft","SPECI CYBC 011302Z AUTO 06010G15KT 6SM -RA BR OVC007 03/03 A2975 RMK SLP076",2026-05-01 13:54:41.37124,2026-05-01 09:54:41.37124
"CYRJ",2026-05-01 13:00:00,2026-05-01 09:00:00,"MVFR",2,-1,80,300,9,40233.6,29.78,NA,"BKN  ft","METAR CYRJ 011300Z 30009G16KT 25SM BKN016 02/M01 A2978 RMK SC7 SLP095",2026-05-01 13:54:41.406013,2026-05-01 09:54:41.406013
"CYHZ",2026-05-01 13:45:00,2026-05-01 09:45:00,"LIFR",9,9,100,130,16,3218.69,29.72,NA,"OVC  ft","SPECI CYHZ 011345Z 13016G24KT 2SM RA BR OVC004 09/09 A2972 RMK ST8 SLP071",2026-05-01 13:54:41.435329,2026-05-01 09:54:41.435329
"CYYG",2026-05-01 13:00:00,2026-05-01 09:00:00,"IFR",8,7,93,120,12,9656.06,29.79,NA,"OVC  ft","METAR CYYG 011300Z 12012G24KT 6SM -RA BR OVC005 08/07 A2979 RMK ST8 SLP091",2026-05-01 13:54:41.465503,2026-05-01 09:54:41.465503
"CYQM",2026-05-01 13:00:00,2026-05-01 09:00:00,"IFR",10,10,100,120,14,24140.16,29.67,NA,"BKN  ft; OVC  ft","METAR CYQM 011300Z 12014G20KT 15SM -RA BKN007 OVC017 10/10 A2967 RMK ST7SC1 SLP050",2026-05-01 13:54:41.495497,2026-05-01 09:54:41.495497
"CYFC",2026-05-01 13:50:00,2026-05-01 09:50:00,"IFR",11,10,93,180,5,8046.72,29.64,NA,"BKN  ft; OVC  ft","SPECI CYFC 011350Z AUTO 18005KT 5SM BR BKN006 OVC014 11/10 A2964 RMK SLP040",2026-05-01 13:54:41.536072,2026-05-01 09:54:41.536072
"CYYT",2026-05-01 13:43:00,2026-05-01 09:43:00,"LIFR",4,4,100,130,9,4023.36,30.27,NA,"BKN  ft; BKN  ft; OVC  ft","SPECI CYYT 011343Z 13009KT 2 1/2SM BR BKN003 BKN100 OVC120 04/04 A3027 RMK SF6AC1AC1 SLP260",2026-05-01 13:54:41.576024,2026-05-01 09:54:41.576024
"CYQY",2026-05-01 13:45:00,2026-05-01 09:45:00,"LIFR",5,5,100,140,19,8046.72,29.99,NA,"OVC  ft","SPECI CYQY 011345Z 14019G26KT 5SM BR OVC003 05/05 A2999 RMK ST8 SLP160",2026-05-01 13:54:41.611941,2026-05-01 09:54:41.611941
"CYXY",2026-05-01 13:00:00,2026-05-01 09:00:00,"VFR",1,-3,74,180,10,64373.76,30,NA,"FEW  ft; FEW  ft","METAR CYXY 011300Z 18010KT 40SM FEW140 FEW200 01/M03 A3000 RMK AC1CI1 AC TR SLP188",2026-05-01 13:54:41.647507,2026-05-01 09:54:41.647507
"CYZF",2026-05-01 13:00:00,2026-05-01 09:00:00,"MVFR",2,1,93,290,12,24140.16,29.71,NA,"BKN  ft; BKN  ft; OVC  ft","METAR CYZF 011300Z 29012G18KT 15SM BKN012 BKN035 OVC140 02/01 A2971 RMK SC5SC1AC2 SLP076",2026-05-01 13:54:41.680128,2026-05-01 09:54:41.680128
"CYFB",2026-05-01 13:00:00,2026-05-01 09:00:00,"MVFR",-11,-13,85,280,4,48280.32,30.17,NA,"BKN  ft","METAR CYFB 011300Z 28004KT 30SM BKN018 M11/M13 A3017 RMK SC7 SLP221",2026-05-01 13:54:41.70891,2026-05-01 09:54:41.70891
"CYRT",2026-05-01 13:00:00,2026-05-01 09:00:00,"VFR",-12,-14,85,120,6,24140.16,30.32,NA,"FEW  ft","METAR CYRT 011300Z 12006KT 15SM FEW250 M12/M14 A3032 RMK CI1 SLP275",2026-05-01 13:54:41.740871,2026-05-01 09:54:41.740871
"CYBK",2026-05-01 13:36:00,2026-05-01 09:36:00,"MVFR",-20,-22,84,0,0,32186.88,30.29,NA,"BKN  ft","SPECI CYBK 011336Z 00000KT 20SM BKN013 M20/M22 A3029 RMK SC7 SLP261",2026-05-01 13:54:41.771205,2026-05-01 09:54:41.771205
"CYRB",2026-05-01 13:00:00,2026-05-01 09:00:00,"VFR",-21,-23,83,350,3,48280.32,30.2,NA,NA,"METAR CYRB 011300Z 35003KT 290V360 30SM SKC M21/M23 A3020 RMK SLP239",2026-05-01 13:54:41.799982,2026-05-01 09:54:41.799982
"CYCO",2026-05-01 13:41:00,2026-05-01 09:41:00,"MVFR",-9,-11,85,340,12,9999,29.91,NA,"OVC  ft","SPECI CYCO 011341Z 34012KT 10SM -SG OVC011 M09/M11 A2991 RMK ST8 SLP132",2026-05-01 13:54:41.831257,2026-05-01 09:54:41.831257
"CYER",2026-05-01 15:00:00,2026-05-01 11:00:00,"VFR",-4,-8,73,330,6,14484.1,30.24,NA,"OVC  ft","METAR CYER 011500Z AUTO 33006KT 300V010 9SM OVC050 M04/M08 A3024 RMK SLP244",2026-05-01 15:10:10.527729,2026-05-01 11:10:10.527729
"CYAT",2026-05-01 15:00:00,2026-05-01 11:00:00,"MVFR",-4,-6,85,20,12,14484.1,30.03,NA,"OVC  ft","METAR CYAT 011500Z AUTO 02012G17KT 9SM OVC013 M04/M06 A3003 RMK SLP173",2026-05-01 15:10:10.586237,2026-05-01 11:10:10.586237
"CYMO",2026-05-01 15:00:00,2026-05-01 11:00:00,"MVFR",-3,-6,79,320,8,14484.1,29.99,NA,"OVC  ft","METAR CYMO 011500Z AUTO 32008KT 280V350 9SM OVC013 M03/M06 A2999 RMK SLP159",2026-05-01 15:10:10.63182,2026-05-01 11:10:10.63182
"CYPL",2026-05-01 15:00:00,2026-05-01 11:00:00,"VFR",1,-12,37,20,7,14484.1,30.11,NA,NA,"METAR CYPL 011500Z AUTO 02007KT 360V070 9SM CLR 01/M12 A3011 RMK SLP219",2026-05-01 15:10:10.70576,2026-05-01 11:10:10.70576
"CYQT",2026-05-01 15:00:00,2026-05-01 11:00:00,"VFR",5,-7,41,320,9,32186.88,30.07,NA,"SCT  ft; BKN  ft","METAR CYQT 011500Z 32009G16KT 310V020 20SM SCT051 BKN260 05/M07 A3007 RMK CU4CI1 SLP193",2026-05-01 15:10:10.753215,2026-05-01 11:10:10.753215
"CYAM",2026-05-01 15:00:00,2026-05-01 11:00:00,"VFR",5,-4,52,320,11,24140.16,29.98,NA,"FEW  ft; BKN  ft; BKN  ft","METAR CYAM 011500Z 32011KT 15SM FEW039 BKN077 BKN250 05/M04 A2998 RMK CU1AC5CI1 SLP163",2026-05-01 15:10:10.808064,2026-05-01 11:10:10.808064
"CYTS",2026-05-01 15:00:00,2026-05-01 11:00:00,"MVFR",1,-5,64,310,8,24140.16,29.93,NA,"OVC  ft","METAR CYTS 011500Z 31008KT 260V350 15SM -SN OVC027 01/M05 A2993 RMK SC8 SLP154",2026-05-01 15:10:10.852859,2026-05-01 11:10:10.852859
"CYSB",2026-05-01 15:00:00,2026-05-01 11:00:00,"IFR",0,-2,86,40,9,9656.06,29.9,NA,"BKN  ft; BKN  ft","METAR CYSB 011500Z 04009KT 6SM -SHSN BR BKN009 BKN036 00/M02 A2990 RMK SC5ST2 SLP143",2026-05-01 15:10:10.898223,2026-05-01 11:10:10.898223
"CYYB",2026-05-01 15:00:00,2026-05-01 11:00:00,"MVFR",2,-2,74,90,4,12874.75,29.89,NA,"SCT  ft; OVC  ft","METAR CYYB 011500Z 09004KT 040V120 8SM -SN SCT020 OVC030 02/M02 A2989 RMK SC3SC5 SLP139",2026-05-01 15:10:10.950718,2026-05-01 11:10:10.950718
"CYOW",2026-05-01 15:00:00,2026-05-01 11:00:00,"VFR",7,-4,45,270,3,24140.16,29.89,NA,"FEW  ft; FEW  ft; FEW  ft","METAR CYOW 011500Z 27003KT 230V360 15SM FEW060 FEW120 FEW200 07/M04 A2989 RMK CU1AC2CI1 CU TR CI TR SLP128",2026-05-01 15:10:11.074815,2026-05-01 11:10:11.074815
"CYGK",2026-05-01 15:00:00,2026-05-01 11:00:00,"VFR",6,-1,60,200,7,24140.16,29.94,NA,"SCT  ft; BKN  ft; BKN  ft","METAR CYGK 011500Z 20007KT 15SM SCT060 BKN085 BKN240 06/M01 A2994 RMK SC3AC3CI1 SLP144",2026-05-01 15:10:11.119004,2026-05-01 11:10:11.119004
"CYQG",2026-05-01 15:00:00,2026-05-01 11:00:00,"MVFR",7,5,87,30,9,14484.1,29.94,NA,"BKN  ft; BKN  ft; BKN  ft; OVC  ft","METAR CYQG 011500Z AUTO 03009KT 9SM BKN013 BKN038 BKN048 OVC055 07/05 A2994 RMK PCPN 1.2MM PAST HR SLP143",2026-05-01 15:10:11.168362,2026-05-01 11:10:11.168362
"CYVV",2026-05-01 15:00:00,2026-05-01 11:00:00,"MVFR",4,0,75,270,9,24140.16,29.92,NA,"BKN  ft","METAR CYVV 011500Z 27009G15KT 15SM BKN016 04/00 A2992 RMK SC7 SLP140",2026-05-01 15:10:11.213684,2026-05-01 11:10:11.213684
"CYYZ",2026-05-01 15:00:00,2026-05-01 11:00:00,"VFR",9,0,53,210,6,24140.16,29.89,NA,"SCT  ft; BKN  ft; BKN  ft","METAR CYYZ 011500Z 21006KT 15SM SCT040 BKN080 BKN250 09/M00 A2989 RMK CU3AC2CI1 SLP129",2026-05-01 15:10:11.262535,2026-05-01 11:10:11.262535
"CYQA",2026-05-01 15:00:00,2026-05-01 11:00:00,"MVFR",4,1,80,290,5,14484.1,29.89,NA,"SCT  ft; SCT  ft; BKN  ft; OVC  ft","METAR CYQA 011500Z AUTO 29005KT 260V330 9SM SCT016 SCT021 BKN030 OVC045 04/01 A2989 RMK SLP132",2026-05-01 15:10:11.318556,2026-05-01 11:10:11.318556
"CYVR",2026-05-01 15:00:00,2026-05-01 11:00:00,"VFR",14,12,87,NA,2,32186.88,30.04,NA,"FEW  ft; BKN  ft","METAR CYVR 011500Z VRB02KT 20SM FEW220 BKN250 14/12 A3004 RMK CI2CS4 SLP175",2026-05-01 15:10:11.365739,2026-05-01 11:10:11.365739
"CYYJ",2026-05-01 15:00:00,2026-05-01 11:00:00,"VFR",13,11,87,270,4,48280.32,30.04,NA,"FEW  ft; BKN  ft","METAR CYYJ 011500Z 27004KT 30SM FEW070 BKN250 13/11 A3004 RMK AC1CI7 AC TR SLP174",2026-05-01 15:10:11.412687,2026-05-01 11:10:11.412687
"CYLW",2026-05-01 15:00:00,2026-05-01 11:00:00,"VFR",14,3,47,200,4,14484.1,30.06,NA,"BKN  ft","METAR CYLW 011500Z AUTO 20004KT 100V220 9SM BKN100 14/03 A3006 RMK SLP181",2026-05-01 15:10:11.463777,2026-05-01 11:10:11.463777
"CYXS",2026-05-01 15:00:00,2026-05-01 11:00:00,"VFR",6,3,81,170,3,14484.1,30.11,NA,NA,"METAR CYXS 011500Z AUTO 17003KT 140V210 9SM CLR 06/03 A3011 RMK SLP214",2026-05-01 15:10:11.519857,2026-05-01 11:10:11.519857
"CYXT",2026-05-01 15:00:00,2026-05-01 11:00:00,"VFR",5,4,93,20,8,32186.88,30.18,NA,"FEW  ft; FEW  ft; FEW  ft; FEW  ft","METAR CYXT 011500Z 02008KT 20SM FEW001 FEW005 FEW040 FEW220 05/04 A3018 RMK SF1SF1SC1CI1 SF TR SC TR CI TR SLP227",2026-05-01 15:10:11.579063,2026-05-01 11:10:11.579063
"CYQQ",2026-05-01 14:00:00,2026-05-01 10:00:00,"VFR",10,6,76,310,6,32186.88,30.05,NA,"FEW  ft; BKN  ft","METAR CYQQ 011400Z 31006KT 20SM FEW180 BKN230 10/06 A3005 RMK AC1CI6 DENSITY ALT -535FT SLP175",2026-05-01 15:10:11.623837,2026-05-01 11:10:11.623837
"CYYC",2026-05-01 15:00:00,2026-05-01 11:00:00,"VFR",15,-1,33,180,5,64373.76,30.03,NA,"FEW  ft; SCT  ft","METAR CYYC 011500Z 18005KT 160V220 40SM FEW120 SCT250 15/M01 A3003 RMK AC1CI3 AC TR CC ASOCTD SLP174 DENSITY ALT 4300FT",2026-05-01 15:10:11.669254,2026-05-01 11:10:11.669254
"CYEG",2026-05-01 15:00:00,2026-05-01 11:00:00,"VFR",13,0,40,290,7,32186.88,29.96,NA,"SCT  ft; BKN  ft","METAR CYEG 011500Z 29007KT 20SM SCT120 BKN240 13/M00 A2996 RMK AC4CI3 CONTRAILS SLP157 DENSITY ALT 2700FT",2026-05-01 15:10:11.716311,2026-05-01 11:10:11.716311
"CYMM",2026-05-01 15:00:00,2026-05-01 11:00:00,"VFR",10,-1,46,240,5,14484.1,29.83,NA,"BKN  ft; BKN  ft","METAR CYMM 011500Z AUTO 24005KT 9SM BKN100 BKN170 10/M01 A2983 RMK SLP116",2026-05-01 15:10:11.769664,2026-05-01 11:10:11.769664
"CYQF",2026-05-01 15:00:00,2026-05-01 11:00:00,"VFR",14,-1,35,240,5,14484.1,30,NA,NA,"METAR CYQF 011500Z AUTO 24005KT 9SM CLR 14/M01 A3000 RMK SLP169 DENSITY ALT 3500FT",2026-05-01 15:10:11.81454,2026-05-01 11:10:11.81454
"CYXE",2026-05-01 15:00:00,2026-05-01 11:00:00,"VFR",11,-3,37,200,7,24140.16,29.98,NA,"BKN  ft","METAR CYXE 011500Z 20007KT 15SM BKN300 11/M03 A2998 RMK CI6 SLP168",2026-05-01 15:10:11.870272,2026-05-01 11:10:11.870272
"CYQR",2026-05-01 15:00:00,2026-05-01 11:00:00,"VFR",13,-4,30,260,16,24140.16,30.05,NA,"BKN  ft","METAR CYQR 011500Z 26016KT 15SM BKN270 13/M04 A3005 RMK CI5 SLP193",2026-05-01 15:10:11.919681,2026-05-01 11:10:11.919681
"CYWG",2026-05-01 15:00:00,2026-05-01 11:00:00,"VFR",7,-5,42,NA,3,24140.16,30.15,NA,"FEW  ft","METAR CYWG 011500Z VRB03KT 15SM FEW065 07/M05 A3015 RMK SC1 SC TR SLP225",2026-05-01 15:10:11.975718,2026-05-01 11:10:11.975718
"CYBR",2026-05-01 15:00:00,2026-05-01 11:00:00,"VFR",6,-3,52,NA,2,24140.16,30.11,NA,"SCT  ft","METAR CYBR 011500Z VRB02KT 15SM SCT080 06/M03 A3011 RMK AC3 SLP218",2026-05-01 15:10:12.025328,2026-05-01 11:10:12.025328
"CYUL",2026-05-01 15:00:00,2026-05-01 11:00:00,"VFR",8,-3,45,330,11,48280.32,29.87,NA,"SCT  ft","METAR CYUL 011500Z 33011KT 270V340 30SM SCT045 08/M03 A2987 RMK SC3 SLP119",2026-05-01 15:10:12.089043,2026-05-01 11:10:12.089043
"CYHU",2026-05-01 15:00:00,2026-05-01 11:00:00,"VFR",7,-2,52,290,10,14484.1,29.87,NA,"BKN  ft","METAR CYHU 011500Z AUTO 29010G16KT 270V350 9SM BKN046 07/M02 A2987 RMK SLP118",2026-05-01 15:10:12.138042,2026-05-01 11:10:12.138042
"CYQB",2026-05-01 15:00:00,2026-05-01 11:00:00,"VFR",7,1,65,260,16,48280.32,29.77,NA,"SCT  ft; BKN  ft","METAR CYQB 011500Z 26016G21KT 30SM SCT025 BKN035 07/01 A2977 RMK SC4SC3 MT N AND MONT STE ANNE OBSC SLP086",2026-05-01 15:10:12.188955,2026-05-01 11:10:12.188955
"CYVO",2026-05-01 15:00:00,2026-05-01 11:00:00,"MVFR",1,-6,59,330,9,24140.16,29.88,NA,"BKN  ft","METAR CYVO 011500Z 33009KT 290V360 15SM BKN022 01/M06 A2988 RMK SC6 SLP138",2026-05-01 15:10:12.236001,2026-05-01 11:10:12.236001
"CYUY",2026-05-01 15:00:00,2026-05-01 11:00:00,"MVFR",1,-3,74,320,7,24140.16,29.89,NA,"BKN  ft; BKN  ft","METAR CYUY 011500Z 32007KT 270V350 15SM -SHSN BKN022 BKN036 01/M03 A2989 RMK CU6SC1 SLP141",2026-05-01 15:10:12.278991,2026-05-01 11:10:12.278991
"CYZV",2026-05-01 15:00:00,2026-05-01 11:00:00,"IFR",3,2,93,90,19,6437.38,29.83,NA,"BKN  ft; OVC  ft","METAR CYZV 011500Z 09019G33KT 4SM RA BR BKN006 OVC008 03/02 A2983 RMK SC7SC1 SLP107",2026-05-01 15:10:12.346429,2026-05-01 11:10:12.346429
"CYBC",2026-05-01 15:00:00,2026-05-01 11:00:00,"MVFR",4,3,93,60,12,9656.06,29.72,NA,"BKN  ft; OVC  ft","METAR CYBC 011500Z AUTO 06012KT 6SM -RA BR BKN011 OVC015 04/03 A2972 RMK PCPN 2.0MM PAST HR SLP066",2026-05-01 15:10:12.403253,2026-05-01 11:10:12.403253
"CYRJ",2026-05-01 15:00:00,2026-05-01 11:00:00,"MVFR",3,-1,74,290,11,32186.88,29.78,NA,"OVC  ft","METAR CYRJ 011500Z 29011KT 20SM OVC019 03/M01 A2978 RMK SC8 SLP094",2026-05-01 15:10:12.483913,2026-05-01 11:10:12.483913
"CYHZ",2026-05-01 15:00:00,2026-05-01 11:00:00,"LIFR",10,10,100,130,13,1609.34,29.7,NA,"OVC  ft","METAR CYHZ 011500Z 13013G22KT 1SM R14/P6000FT/N R23/P6000FT/N -RA BR OVC003 10/10 A2970 RMK ST8 CIG RAG SLP064",2026-05-01 15:10:12.564159,2026-05-01 11:10:12.564159
"CYYG",2026-05-01 15:00:00,2026-05-01 11:00:00,"IFR",9,9,100,120,13,9656.06,29.76,NA,"OVC  ft","METAR CYYG 011500Z 12013G18KT 6SM -RA BR OVC005 09/09 A2976 RMK ST8 SLP081",2026-05-01 15:10:12.632942,2026-05-01 11:10:12.632942
"CYQM",2026-05-01 15:00:00,2026-05-01 11:00:00,"IFR",12,11,93,140,8,9656.06,29.67,NA,"BKN  ft; BKN  ft; OVC  ft","METAR CYQM 011500Z 14008G16KT 6SM -RA BR BKN007 BKN024 OVC044 12/11 A2967 RMK SC6SC1SC1 SLP051",2026-05-01 15:10:12.690847,2026-05-01 11:10:12.690847
"CYFC",2026-05-01 15:00:00,2026-05-01 11:00:00,"IFR",12,11,93,140,6,9656.06,29.63,NA,"BKN  ft; OVC  ft","METAR CYFC 011500Z AUTO 14006KT 6SM BR BKN007 OVC020 12/11 A2963 RMK SLP035",2026-05-01 15:10:12.76865,2026-05-01 11:10:12.76865
"CYYT",2026-05-01 15:00:00,2026-05-01 11:00:00,"VFR",8,4,75,140,6,24140.16,30.25,NA,"SCT  ft; SCT  ft; BKN  ft","METAR CYYT 011500Z 14006KT 060V160 15SM SCT013 SCT140 BKN220 08/04 A3025 RMK SC3AC1CI1 LWR VIS SSE-N 3 SLP252",2026-05-01 15:10:12.814064,2026-05-01 11:10:12.814064
"CYQY",2026-05-01 15:00:00,2026-05-01 11:00:00,"IFR",6,6,100,140,17,8046.72,29.98,NA,"BKN  ft; OVC  ft","METAR CYQY 011500Z 14017G24KT 5SM BR BKN007 OVC032 06/06 A2998 RMK ST7SC1 SLP157",2026-05-01 15:10:12.87726,2026-05-01 11:10:12.87726
"CYXY",2026-05-01 15:00:00,2026-05-01 11:00:00,"VFR",3,-3,64,160,13,64373.76,29.98,NA,"FEW  ft; FEW  ft","METAR CYXY 011500Z 16013G18KT 40SM FEW140 FEW220 03/M03 A2998 RMK AC1CI2 AC TR SLP183",2026-05-01 15:10:12.932488,2026-05-01 11:10:12.932488
"CYZF",2026-05-01 15:00:00,2026-05-01 11:00:00,"MVFR",3,0,80,290,17,24140.16,29.73,NA,"BKN  ft; OVC  ft","METAR CYZF 011500Z 29017G25KT 15SM BKN017 OVC035 03/M00 A2973 RMK SC7SC1 SLP082",2026-05-01 15:10:12.993241,2026-05-01 11:10:12.993241
"CYFB",2026-05-01 15:00:00,2026-05-01 11:00:00,"VFR",-7,-11,73,310,6,48280.32,30.18,NA,"SCT  ft","METAR CYFB 011500Z 31006KT 30SM SCT018 M07/M11 A3018 RMK SC3 SLP224",2026-05-01 15:10:13.056628,2026-05-01 11:10:13.056628
"CYRT",2026-05-01 15:00:00,2026-05-01 11:00:00,"VFR",-11,-12,92,120,6,24140.16,30.31,NA,"SCT  ft; SCT  ft","METAR CYRT 011500Z 12006KT 15SM SCT003 SCT250 M11/M12 A3031 RMK SC3CI1 SLP272",2026-05-01 15:10:13.106602,2026-05-01 11:10:13.106602
"CYBK",2026-05-01 15:00:00,2026-05-01 11:00:00,"MVFR",-17,-19,84,110,7,40233.6,30.26,NA,"SCT  ft; BKN  ft","METAR CYBK 011500Z 11007KT 25SM VCSH SCT005 BKN010 M17/M19 A3026 RMK SC3SC4 SLP253",2026-05-01 15:10:13.159218,2026-05-01 11:10:13.159218
"CYRB",2026-05-01 15:00:00,2026-05-01 11:00:00,"VFR",-20,-22,84,340,2,48280.32,30.2,NA,"FEW  ft","METAR CYRB 011500Z 34002KT 30SM FEW200 M20/M22 A3020 RMK CI1 SLP241",2026-05-01 15:10:13.208108,2026-05-01 11:10:13.208108
"CYCO",2026-05-01 15:00:00,2026-05-01 11:00:00,"MVFR",-9,-11,85,340,13,9656.06,29.92,NA,"OVC  ft","METAR CYCO 011500Z 34013KT 6SM -SG OVC011 M09/M11 A2992 RMK ST8 SLP136",2026-05-01 15:10:13.25487,2026-05-01 11:10:13.25487
"CYER",2026-05-01 16:00:00,2026-05-01 12:00:00,"VFR",-3,-7,73,10,9,14484.1,30.24,NA,"BKN  ft","METAR CYER 011600Z AUTO 01009KT 9SM BKN044 M03/M07 A3024 RMK SLP244",2026-05-01 16:11:49.333126,2026-05-01 12:11:49.333126
"CYAT",2026-05-01 16:06:00,2026-05-01 12:06:00,"MVFR",-3,-6,79,10,9,14484.1,30.03,NA,"OVC  ft","SPECI CYAT 011606Z AUTO 01009G17KT 9SM -SN OVC015 M03/M06 A3003 RMK SLP171",2026-05-01 16:11:49.447097,2026-05-01 12:11:49.447097
"CYMO",2026-05-01 16:00:00,2026-05-01 12:00:00,"MVFR",-2,-6,74,300,8,14484.1,29.98,NA,"BKN  ft; OVC  ft","METAR CYMO 011600Z AUTO 30008KT 280V340 9SM -SN BKN021 OVC038 M02/M06 A2998 RMK SLP156",2026-05-01 16:11:49.562347,2026-05-01 12:11:49.562347
"CYPL",2026-05-01 16:00:00,2026-05-01 12:00:00,"VFR",3,-12,32,50,7,14484.1,30.1,NA,NA,"METAR CYPL 011600Z AUTO 05007KT 340V080 9SM CLR 03/M12 A3010 RMK SLP217",2026-05-01 16:11:49.662854,2026-05-01 12:11:49.662854
"CYQT",2026-05-01 16:00:00,2026-05-01 12:00:00,"VFR",5,-7,41,320,7,32186.88,30.07,NA,"SCT  ft; BKN  ft","METAR CYQT 011600Z 32007G20KT 20SM SCT050 BKN120 05/M07 A3007 RMK CU4AC2 SLP194",2026-05-01 16:11:49.763424,2026-05-01 12:11:49.763424
"CYAM",2026-05-01 16:00:00,2026-05-01 12:00:00,"VFR",4,-3,60,270,19,32186.88,29.98,NA,"FEW  ft; SCT  ft; BKN  ft","METAR CYAM 011600Z 27019KT 20SM FEW039 SCT063 BKN250 04/M03 A2998 RMK CU2SC2CI2 WIND EST SLP161",2026-05-01 16:11:49.854746,2026-05-01 12:11:49.854746
"CYTS",2026-05-01 16:00:00,2026-05-01 12:00:00,"VFR",2,-6,55,310,8,24140.16,29.92,NA,"BKN  ft","METAR CYTS 011600Z 31008KT 290V360 15SM BKN036 02/M06 A2992 RMK SC7 SLP151",2026-05-01 16:11:49.942698,2026-05-01 12:11:49.942698
"CYSB",2026-05-01 16:05:00,2026-05-01 12:05:00,"IFR",1,-3,74,10,9,3218.69,29.9,NA,"BKN  ft; BKN  ft","SPECI CYSB 011605Z 01009KT 2SM -SHSN BR BKN014 BKN030 01/M03 A2990 RMK SC5ST2 VIS N HYR SLP142",2026-05-01 16:11:50.029907,2026-05-01 12:11:50.029907
"CYYB",2026-05-01 16:00:00,2026-05-01 12:00:00,"MVFR",3,-2,69,100,4,48280.32,29.88,NA,"BKN  ft; OVC  ft","METAR CYYB 011600Z 10004KT 350V140 30SM -SN BKN022 OVC031 03/M02 A2988 RMK SC6SC2 SLP134",2026-05-01 16:11:50.134441,2026-05-01 12:11:50.134441
"CYOW",2026-05-01 16:00:00,2026-05-01 12:00:00,"VFR",9,-3,42,280,8,24140.16,29.89,NA,"FEW  ft; SCT  ft; SCT  ft","METAR CYOW 011600Z 28008KT 210V300 15SM FEW050 SCT080 SCT200 09/M03 A2989 RMK CU2AC1CI1 CI TR SLP125",2026-05-01 16:11:50.226773,2026-05-01 12:11:50.226773
"CYGK",2026-05-01 16:00:00,2026-05-01 12:00:00,"VFR",7,0,61,170,6,24140.16,29.93,NA,"FEW  ft; BKN  ft; BKN  ft","METAR CYGK 011600Z 17006KT 15SM FEW060 BKN090 BKN240 07/00 A2993 RMK SC2AC4CI1 SLP139",2026-05-01 16:11:50.313918,2026-05-01 12:11:50.313918
"CYQG",2026-05-01 16:00:00,2026-05-01 12:00:00,"VFR",7,4,81,30,12,14484.1,29.92,NA,"BKN  ft; BKN  ft","METAR CYQG 011600Z AUTO 03012G17KT 9SM BKN060 BKN075 07/04 A2992 RMK SLP138",2026-05-01 16:11:50.402076,2026-05-01 12:11:50.402076
"CYVV",2026-05-01 16:00:00,2026-05-01 12:00:00,"MVFR",4,-1,69,260,10,24140.16,29.91,NA,"BKN  ft; BKN  ft","METAR CYVV 011600Z 26010KT 240V300 15SM BKN018 BKN090 04/M01 A2991 RMK SC6AC1 SLP138",2026-05-01 16:11:50.489625,2026-05-01 12:11:50.489625
"CYYZ",2026-05-01 16:00:00,2026-05-01 12:00:00,"VFR",10,0,49,NA,3,24140.16,29.88,NA,"BKN  ft; BKN  ft; BKN  ft","METAR CYYZ 011600Z VRB03KT 15SM BKN045 BKN085 BKN250 10/M00 A2988 RMK CU5AC2CI1 CI TR SLP124",2026-05-01 16:11:50.578029,2026-05-01 12:11:50.578029
"CYQA",2026-05-01 16:00:00,2026-05-01 12:00:00,"VFR",6,1,70,250,7,14484.1,29.87,NA,"FEW  ft; OVC  ft","METAR CYQA 011600Z AUTO 25007KT 220V350 9SM FEW020 OVC032 06/01 A2987 RMK SLP128",2026-05-01 16:11:50.667886,2026-05-01 12:11:50.667886
"CYVR",2026-05-01 16:00:00,2026-05-01 12:00:00,"VFR",15,12,82,290,5,32186.88,30.04,NA,"FEW  ft; BKN  ft","METAR CYVR 011600Z 29005KT 20SM FEW220 BKN250 15/12 A3004 RMK CI1CS6 SLP176",2026-05-01 16:11:50.755684,2026-05-01 12:11:50.755684
"CYYJ",2026-05-01 16:00:00,2026-05-01 12:00:00,"VFR",15,9,67,0,0,48280.32,30.04,NA,"FEW  ft; BKN  ft","METAR CYYJ 011600Z 00000KT 30SM FEW210 BKN250 15/09 A3004 RMK CC1CI6 SLP175",2026-05-01 16:11:50.845026,2026-05-01 12:11:50.845026
"CYLW",2026-05-01 16:00:00,2026-05-01 12:00:00,"VFR",16,3,41,150,5,14484.1,30.05,NA,"BKN  ft","METAR CYLW 011600Z AUTO 15005KT 9SM BKN100 16/03 A3005 RMK SLP179 DENSITY ALT 1700FT",2026-05-01 16:11:50.935195,2026-05-01 12:11:50.935195
"CYXS",2026-05-01 16:00:00,2026-05-01 12:00:00,"VFR",10,3,61,NA,4,14484.1,30.12,NA,NA,"METAR CYXS 011600Z AUTO VRB04KT 9SM CLR 10/03 A3012 RMK SLP216",2026-05-01 16:11:51.022732,2026-05-01 12:11:51.022732
"CYXT",2026-05-01 15:00:00,2026-05-01 11:00:00,"VFR",5,4,93,20,8,32186.88,30.18,NA,"FEW  ft; FEW  ft; FEW  ft; FEW  ft","METAR CYXT 011500Z 02008KT 20SM FEW001 FEW005 FEW040 FEW220 05/04 A3018 RMK SF1SF1SC1CI1 SF TR SC TR CI TR SLP227",2026-05-01 16:11:51.156948,2026-05-01 12:11:51.156948
"CYQQ",2026-05-01 16:00:00,2026-05-01 12:00:00,"VFR",12,7,71,340,10,32186.88,30.07,NA,"FEW  ft; OVC  ft","METAR CYQQ 011600Z 34010G15KT 20SM FEW160 OVC250 12/07 A3007 RMK AC1CI8 DENSITY ALT -333FT SLP183",2026-05-01 16:11:51.260324,2026-05-01 12:11:51.260324
"CYYC",2026-05-01 16:00:00,2026-05-01 12:00:00,"VFR",17,-2,27,220,6,64373.76,30.01,NA,"FEW  ft; SCT  ft","METAR CYYC 011600Z 22006KT 40SM FEW120 SCT250 17/M02 A3001 RMK AC1CI4 AC TR SLP166 DENSITY ALT 4600FT",2026-05-01 16:11:51.356325,2026-05-01 12:11:51.356325
"CYEG",2026-05-01 16:00:00,2026-05-01 12:00:00,"VFR",15,1,38,310,6,32186.88,29.97,NA,"FEW  ft; BKN  ft","METAR CYEG 011600Z 31006KT 20SM FEW140 BKN240 15/01 A2997 RMK AC2CI3 CC ASOCTD SLP162 DENSITY ALT 2900FT",2026-05-01 16:11:51.449597,2026-05-01 12:11:51.449597
"CYMM",2026-05-01 16:00:00,2026-05-01 12:00:00,"VFR",11,0,46,280,9,14484.1,29.84,NA,"OVC  ft","METAR CYMM 011600Z AUTO 28009KT 9SM OVC110 11/M00 A2984 RMK SLP121",2026-05-01 16:11:51.536761,2026-05-01 12:11:51.536761
"CYQF",2026-05-01 16:00:00,2026-05-01 12:00:00,"VFR",16,-2,29,20,6,14484.1,29.99,NA,NA,"METAR CYQF 011600Z AUTO 02006KT 9SM CLR 16/M02 A2999 RMK SLP168 DENSITY ALT 3800FT",2026-05-01 16:11:51.635484,2026-05-01 12:11:51.635484
"CYXE",2026-05-01 16:00:00,2026-05-01 12:00:00,"VFR",15,-2,31,200,8,24140.16,29.96,NA,"BKN  ft","METAR CYXE 011600Z 20008KT 150V220 15SM BKN300 15/M02 A2996 RMK CI5 SLP160 DENSITY ALT 2000FT",2026-05-01 16:11:51.734319,2026-05-01 12:11:51.734319
"CYQR",2026-05-01 16:00:00,2026-05-01 12:00:00,"VFR",14,-4,28,270,12,24140.16,30.05,NA,"FEW  ft; BKN  ft","METAR CYQR 011600Z 27012KT 15SM FEW220 BKN270 14/M04 A3005 RMK CI1CI6 CONTRAILS SLP195 DENSITY ALT 2200FT",2026-05-01 16:11:51.823401,2026-05-01 12:11:51.823401
"CYWG",2026-05-01 16:00:00,2026-05-01 12:00:00,"VFR",8,-5,39,330,4,24140.16,30.15,NA,"FEW  ft","METAR CYWG 011600Z 33004KT 15SM FEW020 08/M05 A3015 RMK CF1 CF TR SLP222",2026-05-01 16:11:51.911446,2026-05-01 12:11:51.911446
"CYBR",2026-05-01 16:00:00,2026-05-01 12:00:00,"VFR",9,-2,46,170,5,24140.16,30.1,NA,"FEW  ft","METAR CYBR 011600Z 17005KT 120V190 15SM FEW250 09/M02 A3010 RMK CI2 SLP209",2026-05-01 16:11:51.997252,2026-05-01 12:11:51.997252
"CYUL",2026-05-01 16:00:00,2026-05-01 12:00:00,"VFR",9,-2,46,240,10,48280.32,29.87,NA,"FEW  ft; SCT  ft","METAR CYUL 011600Z 24010G19KT 230V290 30SM FEW040 SCT048 09/M02 A2987 RMK CF1SC3 CF TR SLP117",2026-05-01 16:11:52.088948,2026-05-01 12:11:52.088948
"CYHU",2026-05-01 16:00:00,2026-05-01 12:00:00,"VFR",9,-1,49,280,10,14484.1,29.86,NA,"BKN  ft","METAR CYHU 011600Z AUTO 28010G17KT 9SM BKN048 09/M01 A2986 RMK SLP115",2026-05-01 16:11:52.176571,2026-05-01 12:11:52.176571
"CYQB",2026-05-01 16:00:00,2026-05-01 12:00:00,"MVFR",7,1,65,260,18,48280.32,29.77,NA,"BKN  ft; BKN  ft","METAR CYQB 011600Z 26018G24KT 30SM BKN028 BKN035 07/01 A2977 RMK SC5SC2 VIRGA NW AND DIST SH N QUAD MT OBSC SLP085",2026-05-01 16:11:52.264625,2026-05-01 12:11:52.264625
"CYVO",2026-05-01 16:00:00,2026-05-01 12:00:00,"MVFR",2,-5,59,340,9,24140.16,29.87,NA,"OVC  ft","METAR CYVO 011600Z 34009KT 240V360 15SM OVC028 02/M05 A2987 RMK SC8 SLP136",2026-05-01 16:11:52.350462,2026-05-01 12:11:52.350462
"CYUY",2026-05-01 16:00:00,2026-05-01 12:00:00,"VFR",2,-4,64,300,7,24140.16,29.89,NA,"SCT  ft; BKN  ft","METAR CYUY 011600Z 30007KT 15SM SCT018 BKN034 02/M04 A2989 RMK CU3SC4 SLP141",2026-05-01 16:11:52.436654,2026-05-01 12:11:52.436654
"CYZV",2026-05-01 16:00:00,2026-05-01 12:00:00,"IFR",3,3,100,90,22,4828.03,29.8,NA,"OVC  ft","METAR CYZV 011600Z 09022G36KT 3SM RA BR OVC006 03/03 A2980 RMK SC8 SLP095",2026-05-01 16:11:52.522759,2026-05-01 12:11:52.522759
"CYBC",2026-05-01 16:00:00,2026-05-01 12:00:00,"IFR",4,4,100,60,10,2816.35,29.71,NA,"BKN  ft; OVC  ft","METAR CYBC 011600Z AUTO 06010G15KT 1 3/4SM -RA BR BKN009 OVC013 04/04 A2971 RMK PCPN 0.5MM PAST HR SLP065",2026-05-01 16:11:52.626649,2026-05-01 12:11:52.626649
"CYRJ",2026-05-01 16:00:00,2026-05-01 12:00:00,"MVFR",4,0,75,290,10,40233.6,29.78,NA,"OVC  ft","METAR CYRJ 011600Z 29010KT 270V330 25SM -RA OVC020 04/M00 A2978 RMK SC8 SLP093",2026-05-01 16:11:52.713205,2026-05-01 12:11:52.713205
"CYHZ",2026-05-01 16:00:00,2026-05-01 12:00:00,"LIFR",10,10,100,150,15,201.17,29.7,NA,"VV  ft","METAR CYHZ 011600Z 15015G20KT 1/8SM R14/1600V2000FT/N R23/1400V1600FT/N -RA FG VV002 10/10 A2970 RMK FG8 SLP062",2026-05-01 16:11:52.802625,2026-05-01 12:11:52.802625
"CYYG",2026-05-01 16:00:00,2026-05-01 12:00:00,"IFR",9,9,100,110,13,4828.03,29.73,NA,"OVC  ft","METAR CYYG 011600Z 11013G19KT 3SM -RA BR OVC005 09/09 A2973 RMK ST8 SLP071",2026-05-01 16:11:52.892545,2026-05-01 12:11:52.892545
"CYQM",2026-05-01 16:00:00,2026-05-01 12:00:00,"IFR",12,11,93,140,10,24140.16,29.66,NA,"FEW  ft; BKN  ft; OVC  ft","METAR CYQM 011600Z 14010G17KT 15SM -RA FEW004 BKN008 OVC015 12/11 A2966 RMK SF1SC7SC1 SF TR SLP047",2026-05-01 16:11:52.978362,2026-05-01 12:11:52.978362
"CYFC",2026-05-01 16:07:00,2026-05-01 12:07:00,"MVFR",12,11,93,NA,2,4828.03,29.62,NA,"BKN  ft; OVC  ft","SPECI CYFC 011607Z AUTO VRB02KT 3SM -RA BR BKN010 OVC017 12/11 A2962 RMK SLP034",2026-05-01 16:11:53.075381,2026-05-01 12:11:53.075381
"CYYT",2026-05-01 16:00:00,2026-05-01 12:00:00,"MVFR",8,3,70,130,8,24140.16,30.24,NA,"FEW  ft; BKN  ft","METAR CYYT 011600Z 13008KT 15SM FEW004 BKN024 08/03 A3024 RMK SF1SC7 SF TR FG BANK LWR VIS S-NE 4 SLP247",2026-05-01 16:11:53.162016,2026-05-01 12:11:53.162016
"CYQY",2026-05-01 16:00:00,2026-05-01 12:00:00,"IFR",7,6,93,140,18,9999,29.96,NA,"BKN  ft; OVC  ft","METAR CYQY 011600Z 14018G24KT 10SM BKN008 OVC033 07/06 A2996 RMK ST6SC2 SLP151",2026-05-01 16:11:53.248063,2026-05-01 12:11:53.248063
"CYXY",2026-05-01 16:00:00,2026-05-01 12:00:00,"VFR",4,-3,60,150,14,64373.76,29.98,NA,"FEW  ft; SCT  ft","METAR CYXY 011600Z 15014G21KT 40SM FEW140 SCT240 04/M03 A2998 RMK AC1CI3 AC TR CC ASOCTD SLP183",2026-05-01 16:11:53.334713,2026-05-01 12:11:53.334713
"CYZF",2026-05-01 16:00:00,2026-05-01 12:00:00,"MVFR",3,0,80,270,12,24140.16,29.73,NA,"BKN  ft; OVC  ft","METAR CYZF 011600Z 27012G20KT 15SM BKN018 OVC028 03/M00 A2973 RMK SC7SC1 SLP083",2026-05-01 16:11:53.421364,2026-05-01 12:11:53.421364
"CYFB",2026-05-01 16:00:00,2026-05-01 12:00:00,"VFR",-6,-9,79,320,10,48280.32,30.17,NA,"FEW  ft; FEW  ft","METAR CYFB 011600Z 32010KT 30SM FEW018 FEW250 M06/M09 A3017 RMK SC1CI2 SC TR SLP222",2026-05-01 16:11:53.511645,2026-05-01 12:11:53.511645
"CYRT",2026-05-01 16:00:00,2026-05-01 12:00:00,"VFR",-9,-10,92,100,7,24140.16,30.31,NA,"SCT  ft; BKN  ft","METAR CYRT 011600Z 10007KT 15SM SCT004 BKN250 M09/M10 A3031 RMK SC4CI2 SLP270",2026-05-01 16:11:53.614776,2026-05-01 12:11:53.614776
"CYBK",2026-05-01 16:00:00,2026-05-01 12:00:00,"IFR",-16,-18,84,100,8,40233.6,30.25,NA,"BKN  ft; BKN  ft; BKN  ft","METAR CYBK 011600Z 10008KT 25SM VCSH BKN007 BKN013 BKN220 M16/M18 A3025 RMK SC5SC2CS1 CS TR SLP248",2026-05-01 16:11:53.705114,2026-05-01 12:11:53.705114
"CYRB",2026-05-01 15:00:00,2026-05-01 11:00:00,"VFR",-20,-22,84,340,2,48280.32,30.2,NA,"FEW  ft","METAR CYRB 011500Z 34002KT 30SM FEW200 M20/M22 A3020 RMK CI1 SLP241",2026-05-01 16:11:53.791571,2026-05-01 12:11:53.791571
"CYCO",2026-05-01 16:00:00,2026-05-01 12:00:00,"MVFR",-9,-11,85,340,14,6437.38,29.93,NA,"OVC  ft","METAR CYCO 011600Z 34014KT 4SM -SN DRSN OVC015 M09/M11 A2993 RMK SC8 SLP139",2026-05-01 16:11:53.877067,2026-05-01 12:11:53.877067
"CYER",2026-05-01 17:00:00,2026-05-01 13:00:00,"VFR",-2,-7,68,20,9,14484.1,30.23,NA,NA,"METAR CYER 011700Z AUTO 02009KT 330V050 9SM CLR M02/M07 A3023 RMK SLP242",2026-05-01 17:16:27.232763,2026-05-01 13:16:27.232763
"CYAT",2026-05-01 17:03:00,2026-05-01 13:03:00,"IFR",-3,-5,86,360,8,2414.02,30.03,NA,"BKN  ft; OVC  ft","SPECI CYAT 011703Z AUTO 36008G16KT 330V030 1 1/2SM -SN BKN017 OVC024 M03/M05 A3003 RMK SLP172",2026-05-01 17:16:27.270375,2026-05-01 13:16:27.270375
"CYMO",2026-05-01 17:00:00,2026-05-01 13:00:00,"MVFR",-1,-6,68,330,7,14484.1,29.98,NA,"OVC  ft","METAR CYMO 011700Z AUTO 33007KT 270V350 9SM -SN OVC024 M01/M06 A2998 RMK SLP154",2026-05-01 17:16:27.309903,2026-05-01 13:16:27.309903
"CYPL",2026-05-01 17:00:00,2026-05-01 13:00:00,"VFR",3,-12,32,30,5,14484.1,30.1,NA,NA,"METAR CYPL 011700Z AUTO 03005KT 340V060 9SM CLR 03/M12 A3010 RMK SLP215",2026-05-01 17:16:27.347231,2026-05-01 13:16:27.347231
"CYQT",2026-05-01 17:00:00,2026-05-01 13:00:00,"VFR",6,-9,33,360,7,32186.88,30.06,NA,"BKN  ft; BKN  ft","METAR CYQT 011700Z 36007G16KT 300V030 20SM BKN063 BKN240 06/M09 A3006 RMK SC5CI1 SLP190",2026-05-01 17:16:27.38111,2026-05-01 13:16:27.38111
"CYAM",2026-05-01 17:00:00,2026-05-01 13:00:00,"VFR",4,-3,60,290,14,32186.88,29.98,NA,"SCT  ft; BKN  ft; BKN  ft","METAR CYAM 011700Z 29014G21KT 20SM SCT032 BKN059 BKN250 04/M03 A2998 RMK CU4SC2CI1 CI TR SLP163",2026-05-01 17:16:27.416913,2026-05-01 13:16:27.416913
"CYTS",2026-05-01 17:00:00,2026-05-01 13:00:00,"VFR",3,-6,51,330,5,24140.16,29.92,NA,"OVC  ft","METAR CYTS 011700Z 33005KT 15SM OVC038 03/M06 A2992 RMK SC8 SLP148",2026-05-01 17:16:27.455082,2026-05-01 13:16:27.455082
"CYSB",2026-05-01 17:09:00,2026-05-01 13:09:00,"LIFR",0,-2,86,NA,4,603.5,29.89,NA,"VV  ft","SPECI CYSB 011709Z VRB04KT 3/8SM R22/3500VP6000FT/D SN VV009 M00/M02 A2989 RMK SN8 SLP140",2026-05-01 17:16:27.486793,2026-05-01 13:16:27.486793
"CYYB",2026-05-01 17:00:00,2026-05-01 13:00:00,"MVFR",3,-3,64,NA,2,40233.6,29.87,NA,"OVC  ft","METAR CYYB 011700Z VRB02KT 25SM OVC028 03/M03 A2987 RMK SC8 -SN INTMT SLP131",2026-05-01 17:16:27.516044,2026-05-01 13:16:27.516044
"CYOW",2026-05-01 17:00:00,2026-05-01 13:00:00,"VFR",11,-1,43,230,11,24140.16,29.87,NA,"BKN  ft; BKN  ft; BKN  ft","METAR CYOW 011700Z 23011KT 210V330 15SM BKN054 BKN095 BKN120 11/M01 A2987 RMK SC5AC1AC1 AC TR SLP119",2026-05-01 17:16:27.546492,2026-05-01 13:16:27.546492
"CYGK",2026-05-01 17:00:00,2026-05-01 13:00:00,"VFR",8,-3,45,200,9,24140.16,29.91,NA,"FEW  ft; BKN  ft; BKN  ft","METAR CYGK 011700Z 20009KT 15SM FEW060 BKN090 BKN240 08/M03 A2991 RMK SC1AC4CI2 SLP135",2026-05-01 17:16:27.578671,2026-05-01 13:16:27.578671
"CYQG",2026-05-01 17:00:00,2026-05-01 13:00:00,"VFR",9,3,66,40,7,14484.1,29.93,NA,"BKN  ft; BKN  ft; BKN  ft","METAR CYQG 011700Z AUTO 04007KT 9SM BKN055 BKN071 BKN210 09/03 A2993 RMK SLP140",2026-05-01 17:16:27.612169,2026-05-01 13:16:27.612169
"CYVV",2026-05-01 17:00:00,2026-05-01 13:00:00,"MVFR",3,0,80,250,11,24140.16,29.9,NA,"BKN  ft; BKN  ft","METAR CYVV 011700Z 25011G16KT 230V300 15SM BKN016 BKN090 03/M00 A2990 RMK SC6AC1 SLP136",2026-05-01 17:16:27.643495,2026-05-01 13:16:27.643495
"CYYZ",2026-05-01 17:00:00,2026-05-01 13:00:00,"VFR",10,0,49,160,11,24140.16,29.87,NA,"BKN  ft; BKN  ft; BKN  ft","METAR CYYZ 011700Z 16011KT 15SM BKN050 BKN120 BKN250 10/M00 A2987 RMK CU5AC2CI1 CI TR SLP121",2026-05-01 17:16:27.675949,2026-05-01 13:16:27.675949
"CYQA",2026-05-01 17:00:00,2026-05-01 13:00:00,"VFR",7,-1,56,280,8,14484.1,29.86,NA,"FEW  ft; SCT  ft","METAR CYQA 011700Z AUTO 28008G16KT 250V330 9SM FEW024 SCT032 07/M01 A2986 RMK SLP125",2026-05-01 17:16:27.708784,2026-05-01 13:16:27.708784
"CYVR",2026-05-01 17:00:00,2026-05-01 13:00:00,"VFR",16,13,82,280,7,32186.88,30.04,NA,"FEW  ft; FEW  ft; BKN  ft","METAR CYVR 011700Z 28007KT 20SM FEW050 FEW100 BKN230 16/13 A3004 RMK CU1AC1CI7 CU TR AC TR SLP175",2026-05-01 17:16:27.738926,2026-05-01 13:16:27.738926
"CYYJ",2026-05-01 17:00:00,2026-05-01 13:00:00,"VFR",16,9,63,40,6,48280.32,30.04,NA,"FEW  ft; BKN  ft","METAR CYYJ 011700Z 04006KT 30SM FEW120 BKN250 16/09 A3004 RMK AC1CI6 SLP173",2026-05-01 17:16:27.770957,2026-05-01 13:16:27.770957
"CYLW",2026-05-01 17:00:00,2026-05-01 13:00:00,"VFR",18,3,36,160,5,14484.1,30.04,NA,"BKN  ft","METAR CYLW 011700Z AUTO 16005KT 110V210 9SM BKN100 18/03 A3004 RMK SLP175 DENSITY ALT 2000FT",2026-05-01 17:16:27.802378,2026-05-01 13:16:27.802378
"CYXS",2026-05-01 17:00:00,2026-05-01 13:00:00,"VFR",11,3,57,NA,2,14484.1,30.12,NA,NA,"METAR CYXS 011700Z AUTO VRB02KT 9SM CLR 11/03 A3012 RMK SLP217",2026-05-01 17:16:27.833206,2026-05-01 13:16:27.833206
"CYXT",2026-05-01 17:00:00,2026-05-01 13:00:00,"VFR",10,4,66,10,9,32186.88,30.17,NA,"FEW  ft; FEW  ft; FEW  ft","METAR CYXT 011700Z 01009KT 20SM FEW001 FEW030 FEW220 10/04 A3017 RMK SF1CF1CI1 SF TR CF TR CI TR SLP225",2026-05-01 17:16:27.868013,2026-05-01 13:16:27.868013
"CYQQ",2026-05-01 17:00:00,2026-05-01 13:00:00,"VFR",13,8,71,350,10,32186.88,30.07,NA,"FEW  ft; OVC  ft","METAR CYQQ 011700Z 35010KT 20SM FEW160 OVC250 13/08 A3007 RMK AC1CI8 DENSITY ALT -194FT SLP182",2026-05-01 17:16:27.901482,2026-05-01 13:16:27.901482
"CYYC",2026-05-01 17:00:00,2026-05-01 13:00:00,"VFR",19,-4,20,250,4,64373.76,30,NA,"FEW  ft; BKN  ft","METAR CYYC 011700Z 25004KT 220V320 40SM FEW120 BKN250 19/M04 A3000 RMK AC2CI5 CONTRAILS SLP163 DENSITY ALT 4800FT",2026-05-01 17:16:27.933562,2026-05-01 13:16:27.933562
"CYEG",2026-05-01 17:00:00,2026-05-01 13:00:00,"VFR",17,1,33,330,12,32186.88,29.97,NA,"BKN  ft; BKN  ft","METAR CYEG 011700Z 33012KT 20SM BKN120 BKN240 17/01 A2997 RMK AC5CI2 SLP160 DENSITY ALT 3200FT",2026-05-01 17:16:27.963997,2026-05-01 13:16:27.963997
"CYMM",2026-05-01 17:00:00,2026-05-01 13:00:00,"VFR",12,0,43,290,6,14484.1,29.86,NA,"BKN  ft; OVC  ft","METAR CYMM 011700Z AUTO 29006KT 9SM BKN096 OVC110 12/M00 A2986 RMK SLP125",2026-05-01 17:16:27.994367,2026-05-01 13:16:27.994367
"CYQF",2026-05-01 17:00:00,2026-05-01 13:00:00,"VFR",17,-2,27,30,5,14484.1,29.99,NA,"FEW  ft","METAR CYQF 011700Z AUTO 03005KT 350V080 9SM FEW190 17/M02 A2999 RMK SLP169 DENSITY ALT 3900FT",2026-05-01 17:16:28.025572,2026-05-01 13:16:28.025572
"CYXE",2026-05-01 17:00:00,2026-05-01 13:00:00,"VFR",18,-1,27,190,9,24140.16,29.95,NA,"SCT  ft","METAR CYXE 011700Z 19009KT 170V230 15SM SCT300 18/M01 A2995 RMK CI3 SLP154 DENSITY ALT 2400FT",2026-05-01 17:16:28.060134,2026-05-01 13:16:28.060134
"CYQR",2026-05-01 17:00:00,2026-05-01 13:00:00,"VFR",17,-4,23,240,9,24140.16,30.05,NA,"FEW  ft; BKN  ft","METAR CYQR 011700Z 24009G17KT 210V280 15SM FEW220 BKN270 17/M04 A3005 RMK CI1CI5 CI TR CONTRAILS SLP192 DENSITY ALT 2500FT",2026-05-01 17:16:28.10137,2026-05-01 13:16:28.10137
"CYWG",2026-05-01 17:00:00,2026-05-01 13:00:00,"VFR",9,-4,39,40,4,24140.16,30.14,NA,"FEW  ft","METAR CYWG 011700Z 04004KT 15SM FEW020 09/M04 A3014 RMK CF1 CF TR SLP220",2026-05-01 17:16:28.136576,2026-05-01 13:16:28.136576
"CYBR",2026-05-01 17:00:00,2026-05-01 13:00:00,"VFR",10,-1,46,NA,3,24140.16,30.09,NA,"FEW  ft; FEW  ft","METAR CYBR 011700Z VRB03KT 15SM FEW080 FEW240 10/M01 A3009 RMK AC1CI1 SLP209",2026-05-01 17:16:28.17435,2026-05-01 13:16:28.17435
"CYUL",2026-05-01 17:00:00,2026-05-01 13:00:00,"VFR",10,-2,43,270,12,48280.32,29.86,NA,"FEW  ft; FEW  ft","METAR CYUL 011700Z 27012G17KT 30SM FEW040 FEW050 10/M02 A2986 RMK CF1SC2 CF TR SLP114",2026-05-01 17:16:28.207614,2026-05-01 13:16:28.207614
"CYHU",2026-05-01 17:00:00,2026-05-01 13:00:00,"VFR",9,-1,49,280,11,14484.1,29.85,NA,"SCT  ft","METAR CYHU 011700Z AUTO 28011G16KT 220V290 9SM SCT050 09/M01 A2985 RMK SLP110",2026-05-01 17:16:28.239484,2026-05-01 13:16:28.239484
"CYQB",2026-05-01 17:00:00,2026-05-01 13:00:00,"VFR",8,2,65,250,15,48280.32,29.77,NA,"FEW  ft; BKN  ft","METAR CYQB 011700Z 25015G21KT 30SM FEW025 BKN035 08/02 A2977 RMK SC2SC5 DIST SH N QUAD SLP086",2026-05-01 17:16:28.270738,2026-05-01 13:16:28.270738
"CYVO",2026-05-01 17:00:00,2026-05-01 13:00:00,"VFR",2,-6,55,280,5,24140.16,29.87,NA,"OVC  ft","METAR CYVO 011700Z 28005KT 15SM OVC035 02/M06 A2987 RMK SC8 SLP134",2026-05-01 17:16:28.302886,2026-05-01 13:16:28.302886
"CYUY",2026-05-01 17:00:00,2026-05-01 13:00:00,"MVFR",3,-5,55,290,7,24140.16,29.89,NA,"BKN  ft","METAR CYUY 011700Z 29007KT 240V340 15SM -SHSN BKN030 03/M05 A2989 RMK CU7 SLP138",2026-05-01 17:16:28.335155,2026-05-01 13:16:28.335155
"CYZV",2026-05-01 17:00:00,2026-05-01 13:00:00,"IFR",3,2,93,90,22,4023.36,29.8,NA,"OVC  ft","METAR CYZV 011700Z 09022G34KT 2 1/2SM RA BR OVC008 03/02 A2980 RMK SC8 SLP097",2026-05-01 17:16:28.369539,2026-05-01 13:16:28.369539
"CYBC",2026-05-01 17:06:00,2026-05-01 13:06:00,"IFR",5,5,100,70,8,4828.03,29.7,NA,"BKN  ft; OVC  ft","SPECI CYBC 011706Z AUTO 07008KT 3SM -RA BR BKN009 OVC014 05/05 A2970 RMK SLP060",2026-05-01 17:16:28.401628,2026-05-01 13:16:28.401628
"CYRJ",2026-05-01 17:00:00,2026-05-01 13:00:00,"MVFR",4,1,80,320,8,32186.88,29.77,NA,"OVC  ft","METAR CYRJ 011700Z 32008G16KT 20SM -RA OVC015 04/01 A2977 RMK SC8 CIG VRB 11-19 SLP090",2026-05-01 17:16:28.430025,2026-05-01 13:16:28.430025
"CYHZ",2026-05-01 17:02:00,2026-05-01 13:02:00,"LIFR",9,9,100,150,11,603.5,29.69,NA,"OVC  ft","SPECI CYHZ 011702Z 15011G17KT 3/8SM R14/P6000FT/U R23/P6000FT/U -RA FG OVC002 09/09 A2969 RMK ST8 SLP060",2026-05-01 17:16:28.460847,2026-05-01 13:16:28.460847
"CYYG",2026-05-01 17:00:00,2026-05-01 13:00:00,"IFR",10,10,100,120,14,4828.03,29.72,NA,"OVC  ft","METAR CYYG 011700Z 12014G22KT 3SM -RA BR OVC005 10/10 A2972 RMK ST8 SLP067",2026-05-01 17:16:28.490039,2026-05-01 13:16:28.490039
"CYQM",2026-05-01 17:00:00,2026-05-01 13:00:00,"IFR",12,12,100,150,6,19312.13,29.65,NA,"BKN  ft; OVC  ft","METAR CYQM 011700Z 15006KT 12SM -RA BKN008 OVC012 12/12 A2965 RMK SC7SC1 SLP045",2026-05-01 17:16:28.521369,2026-05-01 13:16:28.521369
"CYFC",2026-05-01 17:05:00,2026-05-01 13:05:00,"MVFR",13,12,93,250,3,14484.1,29.63,NA,"SCT  ft; BKN  ft; BKN  ft; OVC  ft","SPECI CYFC 011705Z AUTO 25003KT 210V280 9SM SCT009 BKN014 BKN021 OVC029 13/12 A2963 RMK SLP035",2026-05-01 17:16:28.566971,2026-05-01 13:16:28.566971
"CYYT",2026-05-01 17:00:00,2026-05-01 13:00:00,"VFR",7,3,75,110,7,24140.16,30.23,NA,"FEW  ft; SCT  ft; BKN  ft","METAR CYYT 011700Z 11007KT 15SM FEW004 SCT023 BKN036 07/03 A3023 RMK SF1SC3SC3 SF TR FG BANK LWR VIS S-NE 3 SLP244",2026-05-01 17:16:28.604159,2026-05-01 13:16:28.604159
"CYQY",2026-05-01 17:00:00,2026-05-01 13:00:00,"IFR",7,5,87,150,20,9999,29.95,NA,"BKN  ft; OVC  ft","METAR CYQY 011700Z 15020G30KT 10SM BKN008 OVC034 07/05 A2995 RMK ST5SC3 SLP145",2026-05-01 17:16:28.641183,2026-05-01 13:16:28.641183
"CYXY",2026-05-01 17:00:00,2026-05-01 13:00:00,"VFR",5,-3,56,150,20,64373.76,29.97,NA,"FEW  ft; BKN  ft","METAR CYXY 011700Z 15020G26KT 40SM FEW140 BKN280 05/M03 A2997 RMK AC1CI5 AC TR SLP177",2026-05-01 17:16:28.672447,2026-05-01 13:16:28.672447
"CYZF",2026-05-01 17:00:00,2026-05-01 13:00:00,"MVFR",3,0,80,290,22,24140.16,29.74,NA,"OVC  ft","METAR CYZF 011700Z 29022G30KT 15SM OVC018 03/M00 A2974 RMK SC8 SLP086",2026-05-01 17:16:28.709065,2026-05-01 13:16:28.709065
"CYFB",2026-05-01 17:00:00,2026-05-01 13:00:00,"VFR",-6,-10,73,320,13,48280.32,30.18,NA,"FEW  ft; FEW  ft","METAR CYFB 011700Z 32013KT 30SM FEW018 FEW250 M06/M10 A3018 RMK SC1CI1 SC TR SLP224",2026-05-01 17:16:28.751027,2026-05-01 13:16:28.751027
"CYRT",2026-05-01 17:00:00,2026-05-01 13:00:00,"MVFR",-8,-10,85,130,7,24140.16,30.3,NA,"BKN  ft; BKN  ft","METAR CYRT 011700Z 13007KT 15SM BKN012 BKN160 M08/M10 A3030 RMK SC6AC1 SLP267",2026-05-01 17:16:28.784339,2026-05-01 13:16:28.784339
"CYBK",2026-05-01 17:00:00,2026-05-01 13:00:00,"VFR",-14,-16,84,110,11,24140.16,30.23,NA,"SCT  ft; BKN  ft","METAR CYBK 011700Z 11011KT 15SM IC SCT013 BKN220 M14/M16 A3023 RMK SC4CI3 CS ASCTD SLP242",2026-05-01 17:16:28.814963,2026-05-01 13:16:28.814963
"CYRB",2026-05-01 17:00:00,2026-05-01 13:00:00,"VFR",-21,-23,83,NA,2,40233.6,30.21,NA,"BKN  ft","METAR CYRB 011700Z VRB02KT 25SM IC BKN200 M21/M23 A3021 RMK CI5 SLP245",2026-05-01 17:16:28.845732,2026-05-01 13:16:28.845732
"CYCO",2026-05-01 17:00:00,2026-05-01 13:00:00,"MVFR",-9,-12,78,340,14,6437.38,29.95,NA,"OVC  ft","METAR CYCO 011700Z 34014KT 4SM -SN BR OVC015 M09/M12 A2995 RMK SC8 SLP145",2026-05-01 17:16:28.875647,2026-05-01 13:16:28.875647
"CYER",2026-05-01 19:00:00,2026-05-01 15:00:00,"VFR",-2,-7,68,20,8,14484.1,30.23,NA,"FEW  ft","METAR CYER 011900Z AUTO 02008KT 340V050 9SM FEW250 M02/M07 A3023 RMK SLP240",2026-05-01 19:28:15.864453,2026-05-01 15:28:15.864453
"CYAT",2026-05-01 19:16:00,2026-05-01 15:16:00,"MVFR",-2,-5,79,10,10,4828.03,30.03,NA,"BKN  ft; BKN  ft; OVC  ft","SPECI CYAT 011916Z AUTO 01010G16KT 330V030 3SM -SN BKN014 BKN021 OVC026 M02/M05 A3003 RMK SLP172",2026-05-01 19:28:15.907114,2026-05-01 15:28:15.907114
"CYMO",2026-05-01 19:20:00,2026-05-01 15:20:00,"MVFR",0,-4,74,320,10,4828.03,29.98,NA,"SCT  ft; BKN  ft; OVC  ft","SPECI CYMO 011920Z AUTO 32010KT 310V010 3SM -SN SCT018 BKN026 OVC036 M00/M04 A2998 RMK SLP153",2026-05-01 19:28:15.946418,2026-05-01 15:28:15.946418
"CYPL",2026-05-01 19:00:00,2026-05-01 15:00:00,"VFR",5,-12,28,350,4,14484.1,30.08,NA,NA,"METAR CYPL 011900Z AUTO 35004KT 320V050 9SM CLR 05/M12 A3008 RMK SLP209",2026-05-01 19:28:15.986552,2026-05-01 15:28:15.986552
"CYQT",2026-05-01 19:00:00,2026-05-01 15:00:00,"VFR",9,-7,31,340,6,32186.88,30.04,NA,"BKN  ft","METAR CYQT 011900Z 34006KT 290V030 20SM BKN077 09/M07 A3004 RMK AC5 SLP183",2026-05-01 19:28:16.025266,2026-05-01 15:28:16.025266
"CYAM",2026-05-01 19:00:00,2026-05-01 15:00:00,"VFR",4,-5,51,310,13,32186.88,29.99,NA,"SCT  ft; BKN  ft; BKN  ft","METAR CYAM 011900Z 31013G20KT 20SM VCSH SCT032 BKN063 BKN230 04/M05 A2999 RMK CU3CU4CI1 CI TR VCSH S SLP167",2026-05-01 19:28:16.06153,2026-05-01 15:28:16.06153
"CYTS",2026-05-01 19:00:00,2026-05-01 15:00:00,"VFR",4,-5,51,320,7,24140.16,29.91,NA,"OVC  ft","METAR CYTS 011900Z 32007G16KT 270V360 15SM OVC042 04/M05 A2991 RMK SC8 CIG RAG SLP146",2026-05-01 19:28:16.097851,2026-05-01 15:28:16.097851
"CYSB",2026-05-01 19:00:00,2026-05-01 15:00:00,"VFR",3,-2,69,60,5,19312.13,29.88,NA,"SCT  ft; OVC  ft","METAR CYSB 011900Z 06005KT 030V110 12SM SCT020 OVC037 03/M02 A2988 RMK SC3ST5 SLP135",2026-05-01 19:28:16.14142,2026-05-01 15:28:16.14142
"CYYB",2026-05-01 19:00:00,2026-05-01 15:00:00,"VFR",4,-2,64,10,3,48280.32,29.85,NA,"SCT  ft; OVC  ft","METAR CYYB 011900Z 01003KT 310V070 30SM SCT027 OVC047 04/M02 A2985 RMK SC3SC5 SLP125",2026-05-01 19:28:16.179148,2026-05-01 15:28:16.179148
"CYOW",2026-05-01 19:00:00,2026-05-01 15:00:00,"VFR",12,-3,35,260,9,24140.16,29.85,NA,"BKN  ft; BKN  ft; BKN  ft","METAR CYOW 011900Z 26009G16KT 240V310 15SM BKN055 BKN084 BKN120 12/M03 A2985 RMK CU5AC1AC1 AC TR DIST SH N-NE AND W SLP112",2026-05-01 19:28:16.22745,2026-05-01 15:28:16.22745
"CYGK",2026-05-01 19:00:00,2026-05-01 15:00:00,"VFR",8,-2,49,180,9,24140.16,29.9,NA,"FEW  ft; BKN  ft","METAR CYGK 011900Z 18009KT 15SM VCSH FEW040 BKN070 08/M02 A2990 RMK CU2AC5 SLP129",2026-05-01 19:28:16.275192,2026-05-01 15:28:16.275192
"CYQG",2026-05-01 19:00:00,2026-05-01 15:00:00,"VFR",8,1,61,NA,2,14484.1,29.93,NA,"BKN  ft; OVC  ft","METAR CYQG 011900Z AUTO VRB02KT 9SM BKN066 OVC083 08/01 A2993 RMK SLP142",2026-05-01 19:28:16.324977,2026-05-01 15:28:16.324977
"CYVV",2026-05-01 19:00:00,2026-05-01 15:00:00,"MVFR",5,-1,65,250,8,24140.16,29.91,NA,"BKN  ft","METAR CYVV 011900Z 25008KT 230V320 15SM BKN022 05/M01 A2991 RMK SC6 SLP137",2026-05-01 19:28:16.360651,2026-05-01 15:28:16.360651
"CYYZ",2026-05-01 19:00:00,2026-05-01 15:00:00,"VFR",9,-1,49,140,7,24140.16,29.85,NA,"FEW  ft; BKN  ft; BKN  ft","METAR CYYZ 011900Z 14007KT 15SM FEW040 BKN075 BKN250 09/M01 A2985 RMK CU2AC5CI1 CI TR SLP116",2026-05-01 19:28:16.396089,2026-05-01 15:28:16.396089
"CYQA",2026-05-01 19:00:00,2026-05-01 15:00:00,"VFR",9,-4,39,290,9,14484.1,29.85,NA,"FEW  ft","METAR CYQA 011900Z AUTO 29009G19KT 270V340 9SM FEW096 09/M04 A2985 RMK SLP119",2026-05-01 19:28:16.434493,2026-05-01 15:28:16.434493
"CYVR",2026-05-01 19:00:00,2026-05-01 15:00:00,"VFR",17,14,82,290,8,32186.88,30.04,NA,"SCT  ft; BKN  ft","METAR CYVR 011900Z 29008KT 20SM SCT098 BKN240 17/14 A3004 RMK AC3CI4 SLP174",2026-05-01 19:28:16.470396,2026-05-01 15:28:16.470396
"CYYJ",2026-05-01 19:00:00,2026-05-01 15:00:00,"VFR",18,10,59,50,6,48280.32,30.03,NA,"FEW  ft; BKN  ft","METAR CYYJ 011900Z 05006KT 30SM FEW025 BKN250 18/10 A3003 RMK CU1CI7 CU TR SLP171 DENSITY ALT 300FT",2026-05-01 19:28:16.5102,2026-05-01 15:28:16.5102
"CYLW",2026-05-01 19:00:00,2026-05-01 15:00:00,"VFR",21,2,28,0,0,14484.1,30.01,NA,NA,"METAR CYLW 011900Z AUTO 00000KT 9SM CLR 21/02 A3001 RMK SLP166 DENSITY ALT 2400FT",2026-05-01 19:28:16.546666,2026-05-01 15:28:16.546666
"CYXS",2026-05-01 19:00:00,2026-05-01 15:00:00,"VFR",13,1,43,340,5,14484.1,30.11,NA,NA,"METAR CYXS 011900Z AUTO 34005KT 290V010 9SM CLR 13/01 A3011 RMK SLP214",2026-05-01 19:28:16.580389,2026-05-01 15:28:16.580389
"CYXT",2026-05-01 19:00:00,2026-05-01 15:00:00,"VFR",14,5,54,340,6,32186.88,30.16,NA,"FEW  ft; FEW  ft; FEW  ft","METAR CYXT 011900Z 34006KT 320V030 20SM FEW020 FEW040 FEW210 14/05 A3016 RMK CF1CU1CI1 CF TR CU TR CI TR SLP221",2026-05-01 19:28:16.615538,2026-05-01 15:28:16.615538
"CYQQ",2026-05-01 19:00:00,2026-05-01 15:00:00,"VFR",15,8,62,350,8,32186.88,30.06,NA,"FEW  ft; OVC  ft","METAR CYQQ 011900Z 35008KT 20SM FEW160 OVC220 15/08 A3006 RMK AC1CS8 DENSITY ALT 26FT SLP181",2026-05-01 19:28:16.649643,2026-05-01 15:28:16.649643
"CYYC",2026-05-01 19:00:00,2026-05-01 15:00:00,"VFR",20,-6,16,260,9,64373.76,29.97,NA,"BKN  ft; BKN  ft","METAR CYYC 011900Z 26009G15KT 230V300 40SM BKN100 BKN250 20/M06 A2997 RMK AC7CI1 CI TR SLP153 DENSITY ALT 5000FT",2026-05-01 19:28:16.683543,2026-05-01 15:28:16.683543
"CYEG",2026-05-01 19:00:00,2026-05-01 15:00:00,"VFR",17,1,33,300,16,32186.88,29.98,NA,"BKN  ft; OVC  ft","METAR CYEG 011900Z 30016KT 20SM BKN130 OVC240 17/01 A2998 RMK AC6CI2 VIRGA SLP164 DENSITY ALT 3100FT",2026-05-01 19:28:16.717206,2026-05-01 15:28:16.717206
"CYMM",2026-05-01 19:00:00,2026-05-01 15:00:00,"VFR",14,0,38,260,5,14484.1,29.87,NA,"FEW  ft","METAR CYMM 011900Z AUTO 26005KT 9SM FEW096 14/00 A2987 RMK SLP130 DENSITY ALT 1500FT",2026-05-01 19:28:16.755927,2026-05-01 15:28:16.755927
"CYQF",2026-05-01 19:00:00,2026-05-01 15:00:00,"VFR",18,-2,25,340,6,14484.1,29.99,NA,"OVC  ft","METAR CYQF 011900Z AUTO 34006KT 290V060 9SM OVC120 18/M02 A2999 RMK SLP167 DENSITY ALT 4000FT",2026-05-01 19:28:16.799176,2026-05-01 15:28:16.799176
"CYXE",2026-05-01 19:00:00,2026-05-01 15:00:00,"VFR",22,-1,21,200,11,24140.16,29.9,NA,"SCT  ft","METAR CYXE 011900Z 20011G18KT 170V240 15SM SCT300 22/M01 A2990 RMK CI3 SLP137 DENSITY ALT 2900FT",2026-05-01 19:28:16.846358,2026-05-01 15:28:16.846358
"CYQR",2026-05-01 19:00:00,2026-05-01 15:00:00,"VFR",19,-4,20,200,8,24140.16,30,NA,"BKN  ft","METAR CYQR 011900Z 20008G15KT 160V260 15SM BKN250 19/M04 A3000 RMK CI5 CONTRAILS SLP177 DENSITY ALT 2800FT",2026-05-01 19:28:16.881492,2026-05-01 15:28:16.881492
"CYWG",2026-05-01 19:00:00,2026-05-01 15:00:00,"VFR",10,-6,31,NA,4,24140.16,30.11,NA,"FEW  ft; FEW  ft","METAR CYWG 011900Z VRB04KT 15SM FEW020 FEW250 10/M06 A3011 RMK CF1CI1 CF TR CI TR SLP210",2026-05-01 19:28:16.915832,2026-05-01 15:28:16.915832
"CYBR",2026-05-01 19:00:00,2026-05-01 15:00:00,"VFR",14,-1,35,NA,2,24140.16,30.05,NA,"FEW  ft; SCT  ft","METAR CYBR 011900Z VRB02KT 15SM FEW048 SCT250 14/M01 A3005 RMK CU1CI3 CU TR SLP193",2026-05-01 19:28:16.953091,2026-05-01 15:28:16.953091
"CYUL",2026-05-01 19:00:00,2026-05-01 15:00:00,"VFR",12,-3,35,270,12,48280.32,29.84,NA,"FEW  ft","METAR CYUL 011900Z 27012G20KT 30SM FEW055 12/M03 A2984 RMK CU2 SLP107",2026-05-01 19:28:16.988469,2026-05-01 15:28:16.988469
"CYHU",2026-05-01 19:00:00,2026-05-01 15:00:00,"VFR",12,-1,40,260,11,14484.1,29.83,NA,"FEW  ft","METAR CYHU 011900Z AUTO 26011G17KT 240V310 9SM FEW060 12/M01 A2983 RMK SLP105",2026-05-01 19:28:17.023716,2026-05-01 15:28:17.023716
"CYQB",2026-05-01 19:00:00,2026-05-01 15:00:00,"VFR",8,0,57,250,16,48280.32,29.78,NA,"SCT  ft; BKN  ft","METAR CYQB 011900Z 25016KT 30SM SCT032 BKN045 08/00 A2978 RMK SC4SC3 DIST SH NNW-NNE SLP090",2026-05-01 19:28:17.057923,2026-05-01 15:28:17.057923
"CYVO",2026-05-01 19:00:00,2026-05-01 15:00:00,"VFR",3,-5,55,350,4,24140.16,29.86,NA,"OVC  ft","METAR CYVO 011900Z 35004KT 300V040 15SM OVC037 03/M05 A2986 RMK SC8 SLP131",2026-05-01 19:28:17.091849,2026-05-01 15:28:17.091849
"CYUY",2026-05-01 19:00:00,2026-05-01 15:00:00,"VFR",2,-6,55,300,7,24140.16,29.89,NA,"BKN  ft","METAR CYUY 011900Z CCA 30007KT 290V360 15SM BKN036 02/M06 A2989 RMK SC7 SLP139",2026-05-01 19:28:17.125356,2026-05-01 15:28:17.125356
"CYZV",2026-05-01 19:00:00,2026-05-01 15:00:00,"IFR",2,2,100,90,21,3218.69,29.79,NA,"OVC  ft","METAR CYZV 011900Z 09021G36KT 2SM RA BR OVC006 02/02 A2979 RMK SC8 SLP092",2026-05-01 19:28:17.159559,2026-05-01 15:28:17.159559
"CYBC",2026-05-01 19:17:00,2026-05-01 15:17:00,"LIFR",5,5,100,50,5,4828.03,29.7,NA,"BKN  ft; OVC  ft","SPECI CYBC 011917Z AUTO 05005KT 3SM BR BKN004 OVC009 05/05 A2970 RMK SLP060",2026-05-01 19:28:17.197666,2026-05-01 15:28:17.197666
"CYRJ",2026-05-01 19:03:00,2026-05-01 15:03:00,"MVFR",4,1,80,290,13,32186.88,29.78,NA,"OVC  ft","SPECI CYRJ 011903Z 29013KT 220V310 20SM -RASN OVC027 04/01 A2978 RMK SC8 SLP094",2026-05-01 19:28:17.233561,2026-05-01 15:28:17.233561
"CYHZ",2026-05-01 19:00:00,2026-05-01 15:00:00,"IFR",8,8,100,130,13,4023.36,29.66,NA,"OVC  ft","METAR CYHZ 011900Z 13013KT 2 1/2SM RA BR OVC005 08/08 A2966 RMK ST8 CIG RAG SLP049",2026-05-01 19:28:17.271393,2026-05-01 15:28:17.271393
"CYYG",2026-05-01 19:00:00,2026-05-01 15:00:00,"LIFR",10,10,100,110,14,4828.03,29.7,NA,"OVC  ft","METAR CYYG 011900Z 11014KT 3SM -RA BR OVC004 10/10 A2970 RMK ST8 SLP059",2026-05-01 19:28:17.317641,2026-05-01 15:28:17.317641
"CYQM",2026-05-01 19:00:00,2026-05-01 15:00:00,"IFR",12,11,93,160,9,24140.16,29.64,NA,"BKN  ft; BKN  ft; OVC  ft","METAR CYQM 011900Z 16009KT 15SM -RA BKN008 BKN039 OVC070 12/11 A2964 RMK SC5SC2AC1 SLP042",2026-05-01 19:28:17.355421,2026-05-01 15:28:17.355421
"CYFC",2026-05-01 19:17:00,2026-05-01 15:17:00,"MVFR",13,10,82,280,8,14484.1,29.64,NA,"BKN  ft; BKN  ft; BKN  ft; OVC  ft","SPECI CYFC 011917Z AUTO 28008G17KT 250V330 9SM -RA BKN017 BKN025 BKN031 OVC039 13/10 A2964 RMK SLP039",2026-05-01 19:28:17.40177,2026-05-01 15:28:17.40177
"CYYT",2026-05-01 19:00:00,2026-05-01 15:00:00,"MVFR",6,3,81,110,6,24140.16,30.2,NA,"FEW  ft; OVC  ft","METAR CYYT 011900Z 11006KT 15SM FEW003 OVC014 06/03 A3020 RMK SF1SC8 SF TR FG BANK LWR VIS S-NNE 2 1/2 SLP235",2026-05-01 19:28:17.43834,2026-05-01 15:28:17.43834
"CYQY",2026-05-01 19:19:00,2026-05-01 15:19:00,"LIFR",5,5,100,140,18,2414.02,29.91,NA,"OVC  ft","SPECI CYQY 011919Z 14018G27KT 1 1/2SM -RA BR OVC004 05/05 A2991 RMK NS8 SLP134",2026-05-01 19:28:17.472479,2026-05-01 15:28:17.472479
"CYXY",2026-05-01 19:00:00,2026-05-01 15:00:00,"VFR",9,-4,39,140,13,64373.76,29.95,NA,"FEW  ft; BKN  ft","METAR CYXY 011900Z 14013G20KT 40SM FEW140 BKN280 09/M04 A2995 RMK AC1CI6 SLP172",2026-05-01 19:28:17.506795,2026-05-01 15:28:17.506795
"CYZF",2026-05-01 19:00:00,2026-05-01 15:00:00,"MVFR",4,0,75,290,21,24140.16,29.8,NA,"OVC  ft","METAR CYZF 011900Z 29021G30KT 15SM OVC018 04/00 A2980 RMK SC8 SLP104",2026-05-01 19:28:17.546437,2026-05-01 15:28:17.546437
"CYFB",2026-05-01 19:00:00,2026-05-01 15:00:00,"VFR",-8,-11,79,320,19,48280.32,30.18,NA,"SCT  ft","METAR CYFB 011900Z 32019KT 30SM SCT250 M08/M11 A3018 RMK CI3 SLP226",2026-05-01 19:28:17.585695,2026-05-01 15:28:17.585695
"CYRT",2026-05-01 19:00:00,2026-05-01 15:00:00,"MVFR",-7,-10,79,150,12,24140.16,30.27,NA,"BKN  ft; OVC  ft","METAR CYRT 011900Z 15012KT 15SM BKN014 OVC160 M07/M10 A3027 RMK SC7AC1 SLP258",2026-05-01 19:28:17.62252,2026-05-01 15:28:17.62252
"CYBK",2026-05-01 19:00:00,2026-05-01 15:00:00,"VFR",-11,-13,85,110,13,24140.16,30.2,NA,"SCT  ft; BKN  ft","METAR CYBK 011900Z 11013KT 15SM IC SCT014 BKN220 M11/M13 A3020 RMK SC4CI3 SLP233",2026-05-01 19:28:17.656002,2026-05-01 15:28:17.656002
"CYRB",2026-05-01 19:00:00,2026-05-01 15:00:00,"VFR",-20,-22,84,NA,2,40233.6,30.23,NA,"FEW  ft; OVC  ft","METAR CYRB 011900Z VRB02KT 25SM R35/5000VP6000FT/D IC FEW005 OVC200 M20/M22 A3023 RMK ST2CI6 SLP251",2026-05-01 19:28:21.449865,2026-05-01 15:28:21.449865
"CYCO",2026-05-01 19:00:00,2026-05-01 15:00:00,"MVFR",-9,-12,78,330,16,12874.75,29.97,NA,"OVC  ft","METAR CYCO 011900Z 33016KT 8SM -SN DRSN OVC015 M09/M12 A2997 RMK SC8 SLP154",2026-05-01 19:28:21.485065,2026-05-01 15:28:21.485065
"CYER",2026-05-01 20:00:00,2026-05-01 16:00:00,"VFR",-2,-6,74,30,8,14484.1,30.23,NA,NA,"METAR CYER 012000Z AUTO 03008KT 9SM CLR M02/M06 A3023 RMK SLP239",2026-05-01 21:07:57.48755,2026-05-01 17:07:57.48755
"CYAT",2026-05-01 20:46:00,2026-05-01 16:46:00,"IFR",-2,-5,79,10,12,4023.36,30.03,NA,"BKN  ft; OVC  ft","SPECI CYAT 012046Z AUTO 01012G18KT 2 1/2SM -SN BKN017 OVC024 M02/M05 A3003 RMK SLP172",2026-05-01 21:07:57.552188,2026-05-01 17:07:57.552188
"CYMO",2026-05-01 21:01:00,2026-05-01 17:01:00,"MVFR",-1,-4,80,320,12,8046.72,29.97,NA,"SCT  ft; BKN  ft; OVC  ft","SPECI CYMO 012101Z AUTO 32012G17KT 5SM -SN SCT024 BKN028 OVC066 M01/M04 A2997 RMK SLP152",2026-05-01 21:07:57.598504,2026-05-01 17:07:57.598504
"CYPL",2026-05-01 20:00:00,2026-05-01 16:00:00,"VFR",6,-11,28,320,6,14484.1,30.07,NA,NA,"METAR CYPL 012000Z AUTO 32006KT 270V360 9SM CLR 06/M11 A3007 RMK SLP206",2026-05-01 21:07:57.649034,2026-05-01 17:07:57.649034
"CYQT",2026-05-01 20:00:00,2026-05-01 16:00:00,"VFR",8,-8,31,120,8,32186.88,30.04,NA,"BKN  ft","METAR CYQT 012000Z 12008G16KT 20SM BKN076 08/M08 A3004 RMK AC7 SLP183",2026-05-01 21:07:57.69423,2026-05-01 17:07:57.69423
"CYAM",2026-05-01 20:00:00,2026-05-01 16:00:00,"VFR",4,-5,51,320,12,32186.88,29.99,NA,"FEW  ft; BKN  ft","METAR CYAM 012000Z 32012G22KT 20SM FEW032 BKN060 04/M05 A2999 RMK CU1SC6 SLP167",2026-05-01 21:07:57.740924,2026-05-01 17:07:57.740924
"CYTS",2026-05-01 20:00:00,2026-05-01 16:00:00,"VFR",4,-6,48,310,10,24140.16,29.92,NA,"OVC  ft","METAR CYTS 012000Z 31010G15KT 280V340 15SM OVC042 04/M06 A2992 RMK SC8 SLP147",2026-05-01 21:07:57.785834,2026-05-01 17:07:57.785834
"CYSB",2026-05-01 20:00:00,2026-05-01 16:00:00,"MVFR",3,-3,64,0,0,32186.88,29.87,NA,"OVC  ft","METAR CYSB 012000Z 00000KT 20SM OVC029 03/M03 A2987 RMK SC8 SLP132",2026-05-01 21:07:57.832096,2026-05-01 17:07:57.832096
"CYYB",2026-05-01 20:00:00,2026-05-01 16:00:00,"VFR",4,-1,69,290,5,32186.88,29.84,NA,"SCT  ft; OVC  ft","METAR CYYB 012000Z 29005KT 270V340 20SM SCT036 OVC047 04/M01 A2984 RMK SC3SC5 SLP123",2026-05-01 21:07:57.877252,2026-05-01 17:07:57.877252
"CYOW",2026-05-01 21:04:00,2026-05-01 17:04:00,"VFR",9,0,53,280,15,24140.16,29.84,NA,"SCT  ft; BKN  ft","SPECI CYOW 012104Z 28015KT 260V340 15SM -SHRA SCT059 BKN078 09/00 A2984 RMK CU4AC3 VIRGA ASOCTD ALQDS SLP110",2026-05-01 21:07:57.927561,2026-05-01 17:07:57.927561
"CYGK",2026-05-01 20:00:00,2026-05-01 16:00:00,"VFR",8,-2,49,190,6,24140.16,29.88,NA,"SCT  ft; OVC  ft","METAR CYGK 012000Z 19006KT 15SM VCSH SCT060 OVC080 08/M02 A2988 RMK CU3AC5 SH SW-NW SLP123",2026-05-01 21:07:57.971781,2026-05-01 17:07:57.971781
"CYQG",2026-05-01 20:25:00,2026-05-01 16:25:00,"VFR",8,3,70,100,4,14484.1,29.94,NA,"FEW  ft; SCT  ft; BKN  ft; OVC  ft","SPECI CYQG 012025Z AUTO 10004KT 9SM FEW041 SCT055 BKN067 OVC087 08/03 A2994 RMK SLP144",2026-05-01 21:07:58.017172,2026-05-01 17:07:58.017172
"CYVV",2026-05-01 20:00:00,2026-05-01 16:00:00,"VFR",5,-1,65,280,9,24140.16,29.91,NA,"SCT  ft","METAR CYVV 012000Z 28009KT 230V300 15SM SCT026 05/M01 A2991 RMK CU4 SLP138",2026-05-01 21:07:58.077034,2026-05-01 17:07:58.077034
"CYYZ",2026-05-01 20:00:00,2026-05-01 16:00:00,"VFR",9,-1,49,170,6,24140.16,29.85,NA,"BKN  ft; BKN  ft","METAR CYYZ 012000Z 17006KT 130V190 15SM BKN062 BKN080 09/M01 A2985 RMK SC5AC2 SLP115",2026-05-01 21:07:58.122738,2026-05-01 17:07:58.122738
"CYQA",2026-05-01 20:00:00,2026-05-01 16:00:00,"VFR",8,-4,42,300,9,14484.1,29.84,NA,"FEW  ft; SCT  ft","METAR CYQA 012000Z AUTO 30009G16KT 250V320 9SM FEW066 SCT088 08/M04 A2984 RMK SLP117",2026-05-01 21:07:58.169833,2026-05-01 17:07:58.169833
"CYVR",2026-05-01 20:00:00,2026-05-01 16:00:00,"VFR",17,14,82,280,10,32186.88,30.03,NA,"FEW  ft; BKN  ft","METAR CYVR 012000Z 28010KT 20SM FEW100 BKN240 17/14 A3003 RMK AC1CI5 SLP171",2026-05-01 21:07:58.218933,2026-05-01 17:07:58.218933
"CYYJ",2026-05-01 20:00:00,2026-05-01 16:00:00,"VFR",18,10,59,80,7,48280.32,30.02,NA,"FEW  ft; BKN  ft","METAR CYYJ 012000Z 08007KT 30SM FEW030 BKN250 18/10 A3002 RMK CU1CI7 CU TR SLP168 DENSITY ALT 400FT",2026-05-01 21:07:58.264316,2026-05-01 17:07:58.264316
"CYLW",2026-05-01 20:00:00,2026-05-01 16:00:00,"VFR",22,4,30,20,3,14484.1,30,NA,"FEW  ft","METAR CYLW 012000Z AUTO 02003KT 320V080 9SM FEW230 22/04 A3000 RMK SLP161 DENSITY ALT 2500FT",2026-05-01 21:07:58.308829,2026-05-01 17:07:58.308829
"CYXS",2026-05-01 20:00:00,2026-05-01 16:00:00,"VFR",16,2,38,350,7,14484.1,30.1,NA,NA,"METAR CYXS 012000Z AUTO 35007KT 310V110 9SM CLR 16/02 A3010 RMK SLP213 DENSITY ALT 2700FT",2026-05-01 21:07:58.355064,2026-05-01 17:07:58.355064
"CYXT",2026-05-01 20:00:00,2026-05-01 16:00:00,"VFR",16,4,44,340,3,32186.88,30.15,NA,"FEW  ft; FEW  ft","METAR CYXT 012000Z 34003KT 300V070 20SM FEW040 FEW210 16/04 A3015 RMK CU1CI1 CU TR CI TR SLP216",2026-05-01 21:07:58.407155,2026-05-01 17:07:58.407155
"CYQQ",2026-05-01 20:00:00,2026-05-01 16:00:00,"VFR",17,9,59,350,8,32186.88,30.06,NA,"FEW  ft; FEW  ft; BKN  ft; OVC  ft","METAR CYQQ 012000Z 35008KT 20SM FEW028 FEW160 BKN190 OVC250 17/09 A3006 RMK CU1AC1AS6CI2 DENSITY ALT 266FT SLP179",2026-05-01 21:07:58.455822,2026-05-01 17:07:58.455822
"CYYC",2026-05-01 20:00:00,2026-05-01 16:00:00,"VFR",20,-5,18,300,16,64373.76,29.97,NA,"SCT  ft; OVC  ft","METAR CYYC 012000Z 30016G24KT 40SM SCT100 OVC220 20/M05 A2997 RMK AC3CI5 SLP157 DENSITY ALT 5000FT",2026-05-01 21:07:58.501201,2026-05-01 17:07:58.501201
"CYEG",2026-05-01 20:00:00,2026-05-01 16:00:00,"VFR",17,2,36,310,9,32186.88,29.98,NA,"FEW  ft; FEW  ft; OVC  ft","METAR CYEG 012000Z 31009G15KT 20SM FEW062 FEW140 OVC240 17/02 A2998 RMK CU1AC2CI6 CU TR VIRGA SLP164 DENSITY ALT 3200FT",2026-05-01 21:07:58.553418,2026-05-01 17:07:58.553418
"CYMM",2026-05-01 20:00:00,2026-05-01 16:00:00,"VFR",15,0,35,210,3,14484.1,29.88,NA,"FEW  ft; SCT  ft","METAR CYMM 012000Z AUTO 21003KT 180V290 9SM FEW120 SCT230 15/00 A2988 RMK SLP133 DENSITY ALT 1600FT",2026-05-01 21:07:58.608168,2026-05-01 17:07:58.608168
"CYQF",2026-05-01 20:00:00,2026-05-01 16:00:00,"VFR",19,-1,25,320,6,14484.1,29.99,NA,"BKN  ft; BKN  ft","METAR CYQF 012000Z AUTO 32006KT 9SM BKN110 BKN130 19/M01 A2999 RMK SLP172 DENSITY ALT 4100FT",2026-05-01 21:07:58.657914,2026-05-01 17:07:58.657914
"CYXE",2026-05-01 20:00:00,2026-05-01 16:00:00,"VFR",23,-1,20,210,14,24140.16,29.87,NA,"FEW  ft; BKN  ft","METAR CYXE 012000Z 21014KT 15SM FEW140 BKN300 23/M01 A2987 RMK AC1CI6 SLP128 DENSITY ALT 3000FT",2026-05-01 21:07:58.704508,2026-05-01 17:07:58.704508
"CYQR",2026-05-01 20:00:00,2026-05-01 16:00:00,"VFR",20,-4,19,230,9,24140.16,29.98,NA,"FEW  ft","METAR CYQR 012000Z 23009G20KT 190V290 15SM FEW250 20/M04 A2998 RMK CI1 CI TR SLP170 DENSITY ALT 2900FT",2026-05-01 21:07:58.748708,2026-05-01 17:07:58.748708
"CYWG",2026-05-01 20:00:00,2026-05-01 16:00:00,"VFR",11,-5,32,270,5,24140.16,30.1,NA,"FEW  ft; FEW  ft","METAR CYWG 012000Z 27005KT 230V310 15SM FEW020 FEW250 11/M05 A3010 RMK CF1CI1 CF TR CI TR SLP205",2026-05-01 21:07:58.794483,2026-05-01 17:07:58.794483
"CYBR",2026-05-01 20:00:00,2026-05-01 16:00:00,"VFR",16,-2,29,340,4,24140.16,30.03,NA,"FEW  ft; SCT  ft","METAR CYBR 012000Z 34004KT 290V010 15SM FEW050 SCT250 16/M02 A3003 RMK CU1CI3 CU TR SLP188 DENSITY ALT 1600FT",2026-05-01 21:07:58.842036,2026-05-01 17:07:58.842036
"CYUL",2026-05-01 20:00:00,2026-05-01 16:00:00,"VFR",13,-4,30,270,14,48280.32,29.83,NA,"SCT  ft","METAR CYUL 012000Z 27014G19KT 30SM SCT060 13/M04 A2983 RMK CU3 SLP103",2026-05-01 21:07:58.88769,2026-05-01 17:07:58.88769
"CYHU",2026-05-01 20:00:00,2026-05-01 16:00:00,"VFR",13,-2,35,260,15,14484.1,29.82,NA,"FEW  ft","METAR CYHU 012000Z AUTO 26015G20KT 9SM FEW066 13/M02 A2982 RMK SLP100",2026-05-01 21:07:58.935246,2026-05-01 17:07:58.935246
"CYQB",2026-05-01 20:28:00,2026-05-01 16:28:00,"VFR",7,2,70,270,10,48280.32,29.81,NA,"FEW  ft; SCT  ft; BKN  ft","SPECI CYQB 012028Z 27010G22KT 30SM -SHRA FEW013 SCT030 BKN055 07/02 A2981 RMK SF1SC4SC3 SF TR CVCTV CLD EMBD SLP098",2026-05-01 21:07:58.982149,2026-05-01 17:07:58.982149
"CYVO",2026-05-01 20:00:00,2026-05-01 16:00:00,"VFR",3,-4,60,330,7,24140.16,29.86,NA,"OVC  ft","METAR CYVO 012000Z 33007KT 290V360 15SM -SHSN OVC034 03/M04 A2986 RMK SC8 CVCTC CLD EMBD SLP131",2026-05-01 21:07:59.029394,2026-05-01 17:07:59.029394
"CYUY",2026-05-01 20:00:00,2026-05-01 16:00:00,"VFR",2,-5,59,340,8,24140.16,29.89,NA,"OVC  ft","METAR CYUY 012000Z 34008KT 270V350 15SM OVC034 02/M05 A2989 RMK SC8 SLP139",2026-05-01 21:07:59.082743,2026-05-01 17:07:59.082743
"CYZV",2026-05-01 20:00:00,2026-05-01 16:00:00,"IFR",2,2,100,90,19,4828.03,29.78,NA,"OVC  ft","METAR CYZV 012000Z 09019G28KT 3SM RA BR OVC005 02/02 A2978 RMK SC8 SLP089",2026-05-01 21:07:59.138009,2026-05-01 17:07:59.138009
"CYBC",2026-05-01 20:55:00,2026-05-01 16:55:00,"MVFR",5,5,100,280,2,12874.75,29.73,NA,"SCT  ft; OVC  ft","SPECI CYBC 012055Z AUTO 28002KT 8SM -RA SCT006 OVC010 05/05 A2973 RMK PCPN 0.5MM PAST HR SLP070",2026-05-01 21:07:59.187987,2026-05-01 17:07:59.187987
"CYRJ",2026-05-01 20:00:00,2026-05-01 16:00:00,"VFR",5,-1,65,290,12,40233.6,29.78,NA,"BKN  ft","METAR CYRJ 012000Z 29012KT 25SM BKN042 05/M01 A2978 RMK SC7 CU ASOCTD SLP096",2026-05-01 21:07:59.235167,2026-05-01 17:07:59.235167
"CYHZ",2026-05-01 20:34:00,2026-05-01 16:34:00,"LIFR",8,8,100,150,9,1207.01,29.65,NA,"OVC  ft","SPECI CYHZ 012034Z 15009KT 3/4SM R14/P6000FT/N R23/P6000FT/N -RA BR OVC003 08/08 A2965 RMK ST8 CIG RAG SLP047",2026-05-01 21:07:59.280702,2026-05-01 17:07:59.280702
"CYYG",2026-05-01 20:00:00,2026-05-01 16:00:00,"IFR",9,9,100,110,12,4828.03,29.69,NA,"OVC  ft","METAR CYYG 012000Z 11012KT 3SM -RA BR OVC006 09/09 A2969 RMK ST8 SLP056",2026-05-01 21:07:59.329694,2026-05-01 17:07:59.329694
"CYQM",2026-05-01 20:30:00,2026-05-01 16:30:00,"VFR",12,11,93,160,5,24140.16,29.63,NA,"FEW  ft; BKN  ft; BKN  ft","SPECI CYQM 012030Z 16005KT 15SM -RA FEW006 BKN047 BKN082 12/11 A2963 RMK SF2SC4AC1 SLP038",2026-05-01 21:07:59.37612,2026-05-01 17:07:59.37612
"CYFC",2026-05-01 21:02:00,2026-05-01 17:02:00,"MVFR",12,8,76,300,8,14484.1,29.66,NA,"BKN  ft; OVC  ft","SPECI CYFC 012102Z AUTO 30008G17KT 270V330 9SM BKN024 OVC031 12/08 A2966 RMK SLP047",2026-05-01 21:07:59.434289,2026-05-01 17:07:59.434289
"CYYT",2026-05-01 20:43:00,2026-05-01 16:43:00,"LIFR",3,2,93,110,10,804.67,30.19,NA,"OVC  ft","SPECI CYYT 012043Z 11010KT 1/2SM R16/P6000FT/N R10/P6000FT/N FG OVC001 03/02 A3019 RMK FG7SF1 SLP233",2026-05-01 21:07:59.481461,2026-05-01 17:07:59.481461
"CYQY",2026-05-01 20:52:00,2026-05-01 16:52:00,"LIFR",4,4,100,140,20,2414.02,29.9,NA,"OVC  ft","SPECI CYQY 012052Z 14020G27KT 1 1/2SM R06/5500VP6000FT/D RA BR OVC004 04/04 A2990 RMK NS8 SLP129",2026-05-01 21:07:59.526916,2026-05-01 17:07:59.526916
"CYXY",2026-05-01 20:00:00,2026-05-01 16:00:00,"VFR",10,-4,37,150,14,64373.76,29.96,NA,"FEW  ft; BKN  ft","METAR CYXY 012000Z 15014G22KT 40SM FEW140 BKN210 10/M04 A2996 RMK AC1CI7 AC TR AC LENT CC ASOCTD SLP173",2026-05-01 21:07:59.582131,2026-05-01 17:07:59.582131
"CYZF",2026-05-01 20:00:00,2026-05-01 16:00:00,"MVFR",4,0,75,290,19,24140.16,29.82,NA,"BKN  ft; BKN  ft","METAR CYZF 012000Z 29019G27KT 15SM BKN022 BKN073 04/00 A2982 RMK SC7AC1 AC TR SLP113",2026-05-01 21:07:59.627293,2026-05-01 17:07:59.627293
"CYFB",2026-05-01 20:00:00,2026-05-01 16:00:00,"VFR",-8,-12,72,310,17,48280.32,30.18,NA,"BKN  ft","METAR CYFB 012000Z 31017KT 30SM BKN250 M08/M12 A3018 RMK CI5 SLP226",2026-05-01 21:07:59.67164,2026-05-01 17:07:59.67164
"CYRT",2026-05-01 20:00:00,2026-05-01 16:00:00,"MVFR",-7,-10,79,140,13,24140.16,30.26,NA,"BKN  ft; BKN  ft","METAR CYRT 012000Z 14013KT 15SM BKN014 BKN160 M07/M10 A3026 RMK SC6AC1 SLP253",2026-05-01 21:07:59.723409,2026-05-01 17:07:59.723409
"CYBK",2026-05-01 20:25:00,2026-05-01 16:25:00,"VFR",-10,-13,78,130,15,40233.6,30.17,NA,"FEW  ft; SCT  ft; BKN  ft","SPECI CYBK 012025Z 13015KT 25SM FEW014 SCT070 BKN220 M10/M13 A3017 RMK SC2AC1CI4 SLP223",2026-05-01 21:07:59.769735,2026-05-01 17:07:59.769735
"CYRB",2026-05-01 20:00:00,2026-05-01 16:00:00,"VFR",-20,-22,84,350,3,40233.6,30.23,NA,"FEW  ft; SCT  ft; BKN  ft","METAR CYRB 012000Z 35003KT 25SM R35/0900V1200FT/N IC FEW004 SCT018 BKN200 M20/M22 A3023 RMK ST2SC1CI4 SLP252",2026-05-01 21:07:59.816841,2026-05-01 17:07:59.816841
"CYCO",2026-05-01 20:20:00,2026-05-01 16:20:00,"MVFR",-10,-12,85,350,13,19312.13,30,NA,"OVC  ft","SPECI CYCO 012020Z 35013KT 12SM DRSN OVC013 M10/M12 A3000 RMK SC8 SLP165",2026-05-01 21:07:59.862965,2026-05-01 17:07:59.862965
