"icao","observed_utc","observed_local","flight_category","temp_c","dewpoint_c","rh_percent","wind_dir_deg","wind_kts","vis_m","altimeter_hg","conditions","clouds","raw_text","fetched_at_utc","fetched_at_local"
"CYER",2026-06-01 05:00:00,2026-06-01 01:00:00,"LIFR",0,0,100,90,10,1207.01,30.35,NA,"VV  ft","METAR CYER 010500Z AUTO 09010KT 3/4SM BR VV004 M00/M00 A3035 RMK SLP281",2026-06-01 05:33:48.3313,2026-06-01 01:33:48.3313
"CYAT",2026-06-01 05:00:00,2026-06-01 01:00:00,"VFR",3,2,93,50,5,14484.1,30.26,NA,NA,"METAR CYAT 010500Z AUTO 05005KT 9SM CLR 03/02 A3026 RMK SLP251",2026-06-01 05:33:48.445994,2026-06-01 01:33:48.445994
"CYMO",2026-06-01 05:00:00,2026-06-01 01:00:00,"VFR",3,2,93,310,4,14484.1,30.19,NA,NA,"METAR CYMO 010500Z AUTO 31004KT 9SM CLR 03/02 A3019 RMK SLP226",2026-06-01 05:33:48.547105,2026-06-01 01:33:48.547105
"CYPL",2026-06-01 05:00:00,2026-06-01 01:00:00,"VFR",18,3,36,80,8,14484.1,30.12,NA,NA,"METAR CYPL 010500Z AUTO 08008KT 9SM CLR 18/03 A3012 RMK SLP203 DENSITY ALT 1800FT",2026-06-01 05:33:48.649543,2026-06-01 01:33:48.649543
"CYQT",2026-06-01 05:00:00,2026-06-01 01:00:00,"VFR",7,5,87,240,5,24140.16,30.06,NA,"FEW  ft","METAR CYQT 010500Z 24005KT 15SM FEW230 07/05 A3006 RMK CI2 SLP185",2026-06-01 05:33:48.752157,2026-06-01 01:33:48.752157
"CYAM",2026-06-01 05:00:00,2026-06-01 01:00:00,"VFR",8,5,81,270,4,24140.16,30.05,NA,"FEW  ft","METAR CYAM 010500Z 27004KT 15SM FEW120 08/05 A3005 RMK AS1 SLP180",2026-06-01 05:33:48.869113,2026-06-01 01:33:48.869113
"CYTS",2026-06-01 05:00:00,2026-06-01 01:00:00,"VFR",8,0,57,40,7,24140.16,30.12,NA,NA,"METAR CYTS 010500Z 04007KT 15SM SKC 08/M00 A3012 RMK SLP207",2026-06-01 05:33:48.972344,2026-06-01 01:33:48.972344
"CYSB",2026-06-01 05:00:00,2026-06-01 01:00:00,"VFR",11,1,50,10,6,24140.16,30.06,NA,NA,"METAR CYSB 010500Z 01006KT 15SM SKC 11/01 A3006 RMK SLP183",2026-06-01 05:33:49.076299,2026-06-01 01:33:49.076299
"CYYB",2026-06-01 05:00:00,2026-06-01 01:00:00,"VFR",12,0,43,30,6,14484.1,30.03,NA,NA,"METAR CYYB 010500Z AUTO 03006KT 9SM CLR 12/M00 A3003 RMK SLP175",2026-06-01 05:33:49.176129,2026-06-01 01:33:49.176129
"CYOW",2026-06-01 05:00:00,2026-06-01 01:00:00,"VFR",12,4,58,10,8,24140.16,29.96,NA,"FEW  ft","METAR CYOW 010500Z 01008KT 15SM FEW090 12/04 A2996 RMK AC1 AC TR SLP148",2026-06-01 05:33:49.291561,2026-06-01 01:33:49.291561
"CYGK",2026-06-01 03:00:00,2026-05-31 23:00:00,"VFR",14,4,50,40,6,24140.16,29.96,NA,"FEW  ft","METAR CYGK 010300Z 04006KT 350V060 15SM FEW100 14/04 A2996 RMK AC1 LAST STFD OBS/NXT 011000Z SLP147",2026-06-01 05:33:49.390932,2026-06-01 01:33:49.390932
"CYQG",2026-06-01 05:00:00,2026-06-01 01:00:00,"VFR",13,9,76,260,4,14484.1,30.01,NA,NA,"METAR CYQG 010500Z AUTO 26004KT 9SM CLR 13/09 A3001 RMK SLP164",2026-06-01 05:33:49.494016,2026-06-01 01:33:49.494016
"CYVV",2026-06-01 05:00:00,2026-06-01 01:00:00,"VFR",7,7,100,100,2,24140.16,30.02,NA,"FEW  ft","METAR CYVV 010500Z 10002KT 15SM FEW250 07/07 A3002 RMK CI1 SLP170",2026-06-01 05:33:49.595564,2026-06-01 01:33:49.595564
"CYYZ",2026-06-01 05:00:00,2026-06-01 01:00:00,"VFR",15,4,47,350,9,24140.16,29.98,NA,"SCT  ft","METAR CYYZ 010500Z 35009KT 15SM SCT110 15/04 A2998 RMK AC3 SLP154",2026-06-01 05:33:49.695707,2026-06-01 01:33:49.695707
"CYQA",2026-06-01 05:00:00,2026-06-01 01:00:00,"VFR",6,6,100,340,2,14484.1,30,NA,NA,"METAR CYQA 010500Z AUTO 34002KT 9SM CLR 06/06 A3000 RMK SLP165",2026-06-01 05:33:49.803813,2026-06-01 01:33:49.803813
"CYVR",2026-06-01 05:00:00,2026-06-01 01:00:00,"VFR",15,12,82,310,8,32186.88,30.21,NA,NA,"METAR CYVR 010500Z 31008KT 20SM SKC 15/12 A3021 RMK SLP231",2026-06-01 05:33:49.905632,2026-06-01 01:33:49.905632
"CYYJ",2026-06-01 05:00:00,2026-06-01 01:00:00,"VFR",14,7,62,0,0,48280.32,30.23,NA,NA,"METAR CYYJ 010500Z 00000KT 30SM SKC 14/07 A3023 RMK SLP237",2026-06-01 05:33:50.003881,2026-06-01 01:33:50.003881
"CYLW",2026-06-01 05:00:00,2026-06-01 01:00:00,"VFR",14,6,58,50,4,14484.1,30.15,NA,NA,"METAR CYLW 010500Z AUTO 05004KT 9SM CLR 14/06 A3015 RMK SLP212",2026-06-01 05:33:50.105547,2026-06-01 01:33:50.105547
"CYXS",2026-06-01 05:00:00,2026-06-01 01:00:00,"VFR",6,-3,52,NA,2,14484.1,30.32,NA,NA,"METAR CYXS 010500Z AUTO VRB02KT 9SM CLR 06/M03 A3032 RMK SLP288",2026-06-01 05:33:50.204217,2026-06-01 01:33:50.204217
"CYXT",2026-06-01 05:00:00,2026-06-01 01:00:00,"VFR",13,0,40,280,6,32186.88,30.4,NA,"FEW  ft; FEW  ft","METAR CYXT 010500Z 28006KT 20SM FEW120 FEW210 13/M00 A3040 RMK AC1CI1 SLP304",2026-06-01 05:33:50.330626,2026-06-01 01:33:50.330626
"CYQQ",2026-06-01 05:00:00,2026-06-01 01:00:00,"VFR",15,5,51,330,9,32186.88,30.26,NA,NA,"METAR CYQQ 010500Z 33009KT 20SM SKC 15/05 A3026 RMK DENSITY ALT -123FT SLP247",2026-06-01 05:33:50.430963,2026-06-01 01:33:50.430963
"CYYC",2026-06-01 05:00:00,2026-06-01 01:00:00,"VFR",5,3,86,340,18,9999,30.14,NA,"FEW  ft; OVC  ft","METAR CYYC 010500Z 34018G24KT 10SM -RA FEW017 OVC031 05/03 A3014 RMK SF1NS8 SF TR SLP244",2026-06-01 05:33:50.530406,2026-06-01 01:33:50.530406
"CYEG",2026-06-01 05:00:00,2026-06-01 01:00:00,"MVFR",7,6,93,310,17,19312.13,30.16,NA,"FEW  ft; OVC  ft","METAR CYEG 010500Z 31017G25KT 12SM -RA FEW014 OVC028 07/06 A3016 RMK SF2NS6 SLP234",2026-06-01 05:33:50.63108,2026-06-01 01:33:50.63108
"CYMM",2026-06-01 05:22:00,2026-06-01 01:22:00,"IFR",11,11,100,340,12,6437.38,30.09,NA,"BKN  ft; BKN  ft; OVC  ft","SPECI CYMM 010522Z AUTO 34012KT 4SM RA BR BKN009 BKN012 OVC021 11/11 A3009 RMK PCPN 3.5MM PAST HR SLP201",2026-06-01 05:33:50.753603,2026-06-01 01:33:50.753603
"CYQF",2026-06-01 05:00:00,2026-06-01 01:00:00,"VFR",6,4,87,320,21,12874.75,30.18,NA,"OVC  ft","METAR CYQF 010500Z AUTO 32021G33KT 8SM -RA OVC038 06/04 A3018 RMK SLP249",2026-06-01 05:33:50.867224,2026-06-01 01:33:50.867224
"CYXE",2026-06-01 05:00:00,2026-06-01 01:00:00,"VFR",22,15,64,110,12,24140.16,29.86,NA,"SCT  ft; BKN  ft","METAR CYXE 010500Z 11012KT 15SM SCT100 BKN300 22/15 A2986 RMK AC4CI3 SLP116 DENSITY ALT 2900FT",2026-06-01 05:33:50.965143,2026-06-01 01:33:50.965143
"CYQR",2026-06-01 05:00:00,2026-06-01 01:00:00,"VFR",19,15,77,110,16,24140.16,29.85,NA,"FEW  ft; BKN  ft; OVC  ft","METAR CYQR 010500Z 11016G21KT 15SM FEW030 BKN160 OVC220 19/15 A2985 RMK SC1AC5CI3 SC TR SLP113 DENSITY ALT 2900FT",2026-06-01 05:33:51.065528,2026-06-01 01:33:51.065528
"CYWG",2026-06-01 05:00:00,2026-06-01 01:00:00,"VFR",19,12,63,140,5,24140.16,29.98,NA,"FEW  ft","METAR CYWG 010500Z 14005KT 15SM FEW240 19/12 A2998 RMK CC1 CC TR SLP155 DENSITY ALT 1400FT",2026-06-01 05:33:51.173445,2026-06-01 01:33:51.173445
"CYBR",2026-06-01 05:04:00,2026-06-01 01:04:00,"VFR",18,14,77,90,6,14484.1,29.96,NA,"OVC  ft","SPECI CYBR 010504Z AUTO 09006KT 9SM -RA OVC096 18/14 A2996 RMK SLP153 DENSITY ALT 2000FT",2026-06-01 05:33:51.312103,2026-06-01 01:33:51.312103
"CYUL",2026-06-01 05:00:00,2026-06-01 01:00:00,"VFR",11,8,81,50,8,24140.16,29.95,NA,"FEW  ft; BKN  ft","METAR CYUL 010500Z 05008KT 15SM FEW095 BKN230 11/08 A2995 RMK AC1CI6 AC TR SLP144",2026-06-01 05:33:51.42783,2026-06-01 01:33:51.42783
"CYHU",2026-06-01 05:00:00,2026-06-01 01:00:00,"VFR",9,9,100,350,6,14484.1,29.94,NA,NA,"METAR CYHU 010500Z AUTO 35006KT 9SM CLR 09/09 A2994 RMK SLP141",2026-06-01 05:33:51.538041,2026-06-01 01:33:51.538041
"CYQB",2026-06-01 05:00:00,2026-06-01 01:00:00,"VFR",7,6,93,350,5,24140.16,29.98,NA,"SCT  ft; SCT  ft","METAR CYQB 010500Z 35005KT 15SM SCT110 SCT220 07/06 A2998 RMK AC3CI1 SLP156",2026-06-01 05:33:51.652341,2026-06-01 01:33:51.652341
"CYVO",2026-06-01 05:00:00,2026-06-01 01:00:00,"VFR",7,4,81,360,4,14484.1,30.06,NA,NA,"METAR CYVO 010500Z AUTO 36004KT 9SM CLR 07/04 A3006 RMK SLP191",2026-06-01 05:33:51.774181,2026-06-01 01:33:51.774181
"CYUY",2026-06-01 05:00:00,2026-06-01 01:00:00,"VFR",6,2,75,NA,2,24140.16,30.08,NA,NA,"METAR CYUY 010500Z VRB02KT 15SM SKC 06/02 A3008 RMK SLP195",2026-06-01 05:33:51.889632,2026-06-01 01:33:51.889632
"CYZV",2026-06-01 05:00:00,2026-06-01 01:00:00,"VFR",4,3,93,0,0,24140.16,29.97,NA,"BKN  ft; BKN  ft; BKN  ft","METAR CYZV 010500Z 00000KT 15SM BKN078 BKN093 BKN110 04/03 A2997 RMK AC6AC1AC1 AC TR SLP153",2026-06-01 05:33:52.017641,2026-06-01 01:33:52.017641
"CYBC",2026-06-01 05:00:00,2026-06-01 01:00:00,"VFR",8,3,70,290,2,14484.1,29.98,NA,"SCT  ft; BKN  ft; OVC  ft","METAR CYBC 010500Z AUTO 29002KT 9SM SCT076 BKN100 OVC140 08/03 A2998 RMK SLP156",2026-06-01 05:33:52.1291,2026-06-01 01:33:52.1291
"CYRJ",2026-06-01 05:00:00,2026-06-01 01:00:00,"VFR",7,6,93,260,6,40233.6,30.02,NA,NA,"METAR CYRJ 010500Z 26006KT 25SM SKC 07/06 A3002 RMK SLP173",2026-06-01 05:33:52.243256,2026-06-01 01:33:52.243256
"CYHZ",2026-06-01 05:00:00,2026-06-01 01:00:00,"VFR",4,4,100,340,4,24140.16,29.88,NA,"SCT  ft; BKN  ft","METAR CYHZ 010500Z 34004KT 15SM SCT041 BKN160 04/04 A2988 RMK SC3AC4 SLP124",2026-06-01 05:33:52.347813,2026-06-01 01:33:52.347813
"CYYG",2026-06-01 05:00:00,2026-06-01 01:00:00,"VFR",2,1,93,30,3,24140.16,29.92,NA,"BKN  ft","METAR CYYG 010500Z 03003KT 15SM BKN130 02/01 A2992 RMK AC7 SLP135",2026-06-01 05:33:52.47468,2026-06-01 01:33:52.47468
"CYQM",2026-06-01 05:00:00,2026-06-01 01:00:00,"MVFR",5,3,86,30,6,24140.16,29.94,NA,"BKN  ft; BKN  ft","METAR CYQM 010500Z 03006KT 15SM BKN010 BKN025 05/03 A2994 RMK SF6SC1 SLP142",2026-06-01 05:33:52.58858,2026-06-01 01:33:52.58858
"CYFC",2026-06-01 05:00:00,2026-06-01 01:00:00,"VFR",4,2,86,30,5,14484.1,29.97,NA,"BKN  ft","METAR CYFC 010500Z AUTO 03005KT 9SM BKN140 04/02 A2997 RMK SLP151",2026-06-01 05:33:52.721949,2026-06-01 01:33:52.721949
"CYYT",2026-06-01 05:00:00,2026-06-01 01:00:00,"LIFR",2,2,100,70,12,12874.75,29.8,NA,"BKN  ft; OVC  ft","METAR CYYT 010500Z 07012G19KT 8SM BKN004 OVC032 02/02 A2980 RMK SF7SC1 SLP100",2026-06-01 05:33:52.868529,2026-06-01 01:33:52.868529
"CYQY",2026-06-01 05:00:00,2026-06-01 01:00:00,"VFR",4,1,80,10,12,24140.16,29.84,NA,"SCT  ft; BKN  ft","METAR CYQY 010500Z 01012G17KT 15SM SCT027 BKN045 04/01 A2984 RMK SC3SC4 SLP108",2026-06-01 05:33:53.004913,2026-06-01 01:33:53.004913
"CYXY",2026-06-01 05:00:00,2026-06-01 01:00:00,"VFR",9,-7,31,210,11,64373.76,30.37,NA,"FEW  ft","METAR CYXY 010500Z 21011KT 40SM FEW075 09/M07 A3037 RMK AC2 SLP314",2026-06-01 05:33:53.123377,2026-06-01 01:33:53.123377
"CYZF",2026-06-01 05:00:00,2026-06-01 01:00:00,"VFR",11,6,71,160,4,24140.16,30.31,NA,"BKN  ft; BKN  ft; BKN  ft","METAR CYZF 010500Z 16004KT 15SM BKN083 BKN100 BKN240 11/06 A3031 RMK AC5AC2CI1 CI TR SLP275",2026-06-01 05:33:53.241638,2026-06-01 01:33:53.241638
"CYFB",2026-06-01 05:28:00,2026-06-01 01:28:00,"IFR",0,-1,92,320,12,48280.32,30.24,NA,"BKN  ft; BKN  ft","SPECI CYFB 010528Z 32012KT 30SM BKN007 BKN190 00/M01 A3024 RMK ST5AC2 SLP244",2026-06-01 05:33:53.37728,2026-06-01 01:33:53.37728
"CYRT",2026-06-01 05:00:00,2026-06-01 01:00:00,"VFR",1,0,93,130,4,24140.16,30.31,NA,"BKN  ft; BKN  ft; OVC  ft","METAR CYRT 010500Z 13004KT 15SM BKN063 BKN110 OVC250 01/00 A3031 RMK SC5AC2CI1 SLP270",2026-06-01 05:33:53.489801,2026-06-01 01:33:53.489801
"CYBK",2026-06-01 05:00:00,2026-06-01 01:00:00,"VFR",5,2,80,340,10,32186.88,30.35,NA,"FEW  ft; SCT  ft; BKN  ft","METAR CYBK 010500Z 34010KT 20SM FEW045 SCT080 BKN220 05/02 A3035 RMK SC2AC2CI1 SLP282",2026-06-01 05:33:53.600669,2026-06-01 01:33:53.600669
"CYRB",2026-06-01 05:00:00,2026-06-01 01:00:00,"MVFR",-7,-9,85,310,19,40233.6,30.15,NA,"SCT  ft; BKN  ft","METAR CYRB 010500Z 31019KT 25SM SCT013 BKN018 M07/M09 A3015 RMK ST4SC3 SLP219",2026-06-01 05:33:53.716931,2026-06-01 01:33:53.716931
"CYCO",2026-06-01 05:00:00,2026-06-01 01:00:00,"VFR",1,-2,80,80,5,24140.16,30.31,NA,"BKN  ft; BKN  ft","METAR CYCO 010500Z 08005KT 030V100 15SM BKN050 BKN070 01/M02 A3031 RMK SC5ACC1 PRESRR SLP269",2026-06-01 05:33:53.841954,2026-06-01 01:33:53.841954
"CYER",2026-06-01 05:58:00,2026-06-01 01:58:00,"LIFR",0,0,100,100,8,2816.35,30.36,NA,"OVC  ft","SPECI CYER 010558Z AUTO 10008KT 1 3/4SM BR OVC004 M00/M00 A3036 RMK VIS VRB 1-3 SLP284",2026-06-01 06:17:19.931546,2026-06-01 02:17:19.931546
"CYAT",2026-06-01 05:00:00,2026-06-01 01:00:00,"VFR",3,2,93,50,5,14484.1,30.26,NA,NA,"METAR CYAT 010500Z AUTO 05005KT 9SM CLR 03/02 A3026 RMK SLP251",2026-06-01 06:17:20.068302,2026-06-01 02:17:20.068302
"CYMO",2026-06-01 05:00:00,2026-06-01 01:00:00,"VFR",3,2,93,310,4,14484.1,30.19,NA,NA,"METAR CYMO 010500Z AUTO 31004KT 9SM CLR 03/02 A3019 RMK SLP226",2026-06-01 06:17:20.175341,2026-06-01 02:17:20.175341
"CYPL",2026-06-01 05:00:00,2026-06-01 01:00:00,"VFR",18,3,36,80,8,14484.1,30.12,NA,NA,"METAR CYPL 010500Z AUTO 08008KT 9SM CLR 18/03 A3012 RMK SLP203 DENSITY ALT 1800FT",2026-06-01 06:17:20.29392,2026-06-01 02:17:20.29392
"CYQT",2026-06-01 05:00:00,2026-06-01 01:00:00,"VFR",7,5,87,240,5,24140.16,30.06,NA,"FEW  ft","METAR CYQT 010500Z 24005KT 15SM FEW230 07/05 A3006 RMK CI2 SLP185",2026-06-01 06:17:20.408297,2026-06-01 02:17:20.408297
"CYAM",2026-06-01 05:00:00,2026-06-01 01:00:00,"VFR",8,5,81,270,4,24140.16,30.05,NA,"FEW  ft","METAR CYAM 010500Z 27004KT 15SM FEW120 08/05 A3005 RMK AS1 SLP180",2026-06-01 06:17:20.524592,2026-06-01 02:17:20.524592
"CYTS",2026-06-01 05:00:00,2026-06-01 01:00:00,"VFR",8,0,57,40,7,24140.16,30.12,NA,NA,"METAR CYTS 010500Z 04007KT 15SM SKC 08/M00 A3012 RMK SLP207",2026-06-01 06:17:20.629147,2026-06-01 02:17:20.629147
"CYSB",2026-06-01 05:00:00,2026-06-01 01:00:00,"VFR",11,1,50,10,6,24140.16,30.06,NA,NA,"METAR CYSB 010500Z 01006KT 15SM SKC 11/01 A3006 RMK SLP183",2026-06-01 06:17:20.732584,2026-06-01 02:17:20.732584
"CYYB",2026-06-01 05:00:00,2026-06-01 01:00:00,"VFR",12,0,43,30,6,14484.1,30.03,NA,NA,"METAR CYYB 010500Z AUTO 03006KT 9SM CLR 12/M00 A3003 RMK SLP175",2026-06-01 06:17:20.836504,2026-06-01 02:17:20.836504
"CYOW",2026-06-01 05:00:00,2026-06-01 01:00:00,"VFR",12,4,58,10,8,24140.16,29.96,NA,"FEW  ft","METAR CYOW 010500Z 01008KT 15SM FEW090 12/04 A2996 RMK AC1 AC TR SLP148",2026-06-01 06:17:20.95629,2026-06-01 02:17:20.95629
"CYGK",2026-06-01 03:00:00,2026-05-31 23:00:00,"VFR",14,4,50,40,6,24140.16,29.96,NA,"FEW  ft","METAR CYGK 010300Z 04006KT 350V060 15SM FEW100 14/04 A2996 RMK AC1 LAST STFD OBS/NXT 011000Z SLP147",2026-06-01 06:17:21.060742,2026-06-01 02:17:21.060742
"CYQG",2026-06-01 05:00:00,2026-06-01 01:00:00,"VFR",13,9,76,260,4,14484.1,30.01,NA,NA,"METAR CYQG 010500Z AUTO 26004KT 9SM CLR 13/09 A3001 RMK SLP164",2026-06-01 06:17:21.165299,2026-06-01 02:17:21.165299
"CYVV",2026-06-01 05:00:00,2026-06-01 01:00:00,"VFR",7,7,100,100,2,24140.16,30.02,NA,"FEW  ft","METAR CYVV 010500Z 10002KT 15SM FEW250 07/07 A3002 RMK CI1 SLP170",2026-06-01 06:17:21.269525,2026-06-01 02:17:21.269525
"CYYZ",2026-06-01 05:00:00,2026-06-01 01:00:00,"VFR",15,4,47,350,9,24140.16,29.98,NA,"SCT  ft","METAR CYYZ 010500Z 35009KT 15SM SCT110 15/04 A2998 RMK AC3 SLP154",2026-06-01 06:17:21.377153,2026-06-01 02:17:21.377153
"CYQA",2026-06-01 05:00:00,2026-06-01 01:00:00,"VFR",6,6,100,340,2,14484.1,30,NA,NA,"METAR CYQA 010500Z AUTO 34002KT 9SM CLR 06/06 A3000 RMK SLP165",2026-06-01 06:17:21.491868,2026-06-01 02:17:21.491868
"CYVR",2026-06-01 05:00:00,2026-06-01 01:00:00,"VFR",15,12,82,310,8,32186.88,30.21,NA,NA,"METAR CYVR 010500Z 31008KT 20SM SKC 15/12 A3021 RMK SLP231",2026-06-01 06:17:21.603106,2026-06-01 02:17:21.603106
"CYYJ",2026-06-01 05:00:00,2026-06-01 01:00:00,"VFR",14,7,62,0,0,48280.32,30.23,NA,NA,"METAR CYYJ 010500Z 00000KT 30SM SKC 14/07 A3023 RMK SLP237",2026-06-01 06:17:21.709247,2026-06-01 02:17:21.709247
"CYLW",2026-06-01 05:00:00,2026-06-01 01:00:00,"VFR",14,6,58,50,4,14484.1,30.15,NA,NA,"METAR CYLW 010500Z AUTO 05004KT 9SM CLR 14/06 A3015 RMK SLP212",2026-06-01 06:17:21.817303,2026-06-01 02:17:21.817303
"CYXS",2026-06-01 05:00:00,2026-06-01 01:00:00,"VFR",6,-3,52,NA,2,14484.1,30.32,NA,NA,"METAR CYXS 010500Z AUTO VRB02KT 9SM CLR 06/M03 A3032 RMK SLP288",2026-06-01 06:17:21.918922,2026-06-01 02:17:21.918922
"CYXT",2026-06-01 05:00:00,2026-06-01 01:00:00,"VFR",13,0,40,280,6,32186.88,30.4,NA,"FEW  ft; FEW  ft","METAR CYXT 010500Z 28006KT 20SM FEW120 FEW210 13/M00 A3040 RMK AC1CI1 SLP304",2026-06-01 06:17:22.021764,2026-06-01 02:17:22.021764
"CYQQ",2026-06-01 05:00:00,2026-06-01 01:00:00,"VFR",15,5,51,330,9,32186.88,30.26,NA,NA,"METAR CYQQ 010500Z 33009KT 20SM SKC 15/05 A3026 RMK DENSITY ALT -123FT SLP247",2026-06-01 06:17:22.12482,2026-06-01 02:17:22.12482
"CYYC",2026-06-01 06:00:00,2026-06-01 02:00:00,"VFR",5,2,80,330,22,14484.1,30.15,NA,"SCT  ft; OVC  ft","METAR CYYC 010600Z CCA 33022G32KT 9SM -RA SCT017 OVC037 05/02 A3015 RMK SF3NS5 SLP246",2026-06-01 06:17:22.228051,2026-06-01 02:17:22.228051
"CYEG",2026-06-01 05:00:00,2026-06-01 01:00:00,"MVFR",7,6,93,310,17,19312.13,30.16,NA,"FEW  ft; OVC  ft","METAR CYEG 010500Z 31017G25KT 12SM -RA FEW014 OVC028 07/06 A3016 RMK SF2NS6 SLP234",2026-06-01 06:17:22.327173,2026-06-01 02:17:22.327173
"CYMM",2026-06-01 06:08:00,2026-06-01 02:08:00,"MVFR",11,10,93,330,15,8046.72,30.08,NA,"SCT  ft; BKN  ft; OVC  ft","SPECI CYMM 010608Z AUTO 33015G20KT 5SM -RA BR SCT007 BKN011 OVC018 11/10 A3008 RMK PRESFR SLP199",2026-06-01 06:17:22.432309,2026-06-01 02:17:22.432309
"CYQF",2026-06-01 05:00:00,2026-06-01 01:00:00,"VFR",6,4,87,320,21,12874.75,30.18,NA,"OVC  ft","METAR CYQF 010500Z AUTO 32021G33KT 8SM -RA OVC038 06/04 A3018 RMK SLP249",2026-06-01 06:17:22.53308,2026-06-01 02:17:22.53308
"CYXE",2026-06-01 05:00:00,2026-06-01 01:00:00,"VFR",22,15,64,110,12,24140.16,29.86,NA,"SCT  ft; BKN  ft","METAR CYXE 010500Z 11012KT 15SM SCT100 BKN300 22/15 A2986 RMK AC4CI3 SLP116 DENSITY ALT 2900FT",2026-06-01 06:17:22.634591,2026-06-01 02:17:22.634591
"CYQR",2026-06-01 05:00:00,2026-06-01 01:00:00,"VFR",19,15,77,110,16,24140.16,29.85,NA,"FEW  ft; BKN  ft; OVC  ft","METAR CYQR 010500Z 11016G21KT 15SM FEW030 BKN160 OVC220 19/15 A2985 RMK SC1AC5CI3 SC TR SLP113 DENSITY ALT 2900FT",2026-06-01 06:17:22.734363,2026-06-01 02:17:22.734363
"CYWG",2026-06-01 05:00:00,2026-06-01 01:00:00,"VFR",19,12,63,140,5,24140.16,29.98,NA,"FEW  ft","METAR CYWG 010500Z 14005KT 15SM FEW240 19/12 A2998 RMK CC1 CC TR SLP155 DENSITY ALT 1400FT",2026-06-01 06:17:22.834841,2026-06-01 02:17:22.834841
"CYBR",2026-06-01 05:04:00,2026-06-01 01:04:00,"VFR",18,14,77,90,6,14484.1,29.96,NA,"OVC  ft","SPECI CYBR 010504Z AUTO 09006KT 9SM -RA OVC096 18/14 A2996 RMK SLP153 DENSITY ALT 2000FT",2026-06-01 06:17:22.934627,2026-06-01 02:17:22.934627
"CYUL",2026-06-01 05:00:00,2026-06-01 01:00:00,"VFR",11,8,81,50,8,24140.16,29.95,NA,"FEW  ft; BKN  ft","METAR CYUL 010500Z 05008KT 15SM FEW095 BKN230 11/08 A2995 RMK AC1CI6 AC TR SLP144",2026-06-01 06:17:23.035893,2026-06-01 02:17:23.035893
"CYHU",2026-06-01 05:00:00,2026-06-01 01:00:00,"VFR",9,9,100,350,6,14484.1,29.94,NA,NA,"METAR CYHU 010500Z AUTO 35006KT 9SM CLR 09/09 A2994 RMK SLP141",2026-06-01 06:17:23.141082,2026-06-01 02:17:23.141082
"CYQB",2026-06-01 05:00:00,2026-06-01 01:00:00,"VFR",7,6,93,350,5,24140.16,29.98,NA,"SCT  ft; SCT  ft","METAR CYQB 010500Z 35005KT 15SM SCT110 SCT220 07/06 A2998 RMK AC3CI1 SLP156",2026-06-01 06:17:23.244626,2026-06-01 02:17:23.244626
"CYVO",2026-06-01 05:00:00,2026-06-01 01:00:00,"VFR",7,4,81,360,4,14484.1,30.06,NA,NA,"METAR CYVO 010500Z AUTO 36004KT 9SM CLR 07/04 A3006 RMK SLP191",2026-06-01 06:17:23.347991,2026-06-01 02:17:23.347991
"CYUY",2026-06-01 05:00:00,2026-06-01 01:00:00,"VFR",6,2,75,NA,2,24140.16,30.08,NA,NA,"METAR CYUY 010500Z VRB02KT 15SM SKC 06/02 A3008 RMK SLP195",2026-06-01 06:17:23.456413,2026-06-01 02:17:23.456413
"CYZV",2026-06-01 05:00:00,2026-06-01 01:00:00,"VFR",4,3,93,0,0,24140.16,29.97,NA,"BKN  ft; BKN  ft; BKN  ft","METAR CYZV 010500Z 00000KT 15SM BKN078 BKN093 BKN110 04/03 A2997 RMK AC6AC1AC1 AC TR SLP153",2026-06-01 06:17:23.557981,2026-06-01 02:17:23.557981
"CYBC",2026-06-01 05:00:00,2026-06-01 01:00:00,"VFR",8,3,70,290,2,14484.1,29.98,NA,"SCT  ft; BKN  ft; OVC  ft","METAR CYBC 010500Z AUTO 29002KT 9SM SCT076 BKN100 OVC140 08/03 A2998 RMK SLP156",2026-06-01 06:17:23.660165,2026-06-01 02:17:23.660165
"CYRJ",2026-06-01 05:00:00,2026-06-01 01:00:00,"VFR",7,6,93,260,6,40233.6,30.02,NA,NA,"METAR CYRJ 010500Z 26006KT 25SM SKC 07/06 A3002 RMK SLP173",2026-06-01 06:17:23.766263,2026-06-01 02:17:23.766263
"CYHZ",2026-06-01 05:00:00,2026-06-01 01:00:00,"VFR",4,4,100,340,4,24140.16,29.88,NA,"SCT  ft; BKN  ft","METAR CYHZ 010500Z 34004KT 15SM SCT041 BKN160 04/04 A2988 RMK SC3AC4 SLP124",2026-06-01 06:17:23.868459,2026-06-01 02:17:23.868459
"CYYG",2026-06-01 05:00:00,2026-06-01 01:00:00,"VFR",2,1,93,30,3,24140.16,29.92,NA,"BKN  ft","METAR CYYG 010500Z 03003KT 15SM BKN130 02/01 A2992 RMK AC7 SLP135",2026-06-01 06:17:23.973828,2026-06-01 02:17:23.973828
"CYQM",2026-06-01 05:00:00,2026-06-01 01:00:00,"MVFR",5,3,86,30,6,24140.16,29.94,NA,"BKN  ft; BKN  ft","METAR CYQM 010500Z 03006KT 15SM BKN010 BKN025 05/03 A2994 RMK SF6SC1 SLP142",2026-06-01 06:17:24.075461,2026-06-01 02:17:24.075461
"CYFC",2026-06-01 05:00:00,2026-06-01 01:00:00,"VFR",4,2,86,30,5,14484.1,29.97,NA,"BKN  ft","METAR CYFC 010500Z AUTO 03005KT 9SM BKN140 04/02 A2997 RMK SLP151",2026-06-01 06:17:24.177355,2026-06-01 02:17:24.177355
"CYYT",2026-06-01 05:49:00,2026-06-01 01:49:00,"LIFR",2,2,100,70,12,6437.38,29.79,NA,"BKN  ft; OVC  ft","SPECI CYYT 010549Z 07012KT 4SM BR BKN002 OVC026 02/02 A2979 RMK SF5SC3 SLP094",2026-06-01 06:17:24.292238,2026-06-01 02:17:24.292238
"CYQY",2026-06-01 05:00:00,2026-06-01 01:00:00,"VFR",4,1,80,10,12,24140.16,29.84,NA,"SCT  ft; BKN  ft","METAR CYQY 010500Z 01012G17KT 15SM SCT027 BKN045 04/01 A2984 RMK SC3SC4 SLP108",2026-06-01 06:17:24.395275,2026-06-01 02:17:24.395275
"CYXY",2026-06-01 05:00:00,2026-06-01 01:00:00,"VFR",9,-7,31,210,11,64373.76,30.37,NA,"FEW  ft","METAR CYXY 010500Z 21011KT 40SM FEW075 09/M07 A3037 RMK AC2 SLP314",2026-06-01 06:17:24.496635,2026-06-01 02:17:24.496635
"CYZF",2026-06-01 06:00:00,2026-06-01 02:00:00,"VFR",10,5,71,140,5,24140.16,30.31,NA,"FEW  ft; SCT  ft; BKN  ft","METAR CYZF 010600Z 14005KT 15SM FEW083 SCT100 BKN200 10/05 A3031 RMK AC1AC3CI3 SLP277",2026-06-01 06:17:24.598246,2026-06-01 02:17:24.598246
"CYFB",2026-06-01 05:28:00,2026-06-01 01:28:00,"IFR",0,-1,92,320,12,48280.32,30.24,NA,"BKN  ft; BKN  ft","SPECI CYFB 010528Z 32012KT 30SM BKN007 BKN190 00/M01 A3024 RMK ST5AC2 SLP244",2026-06-01 06:17:24.698467,2026-06-01 02:17:24.698467
"CYRT",2026-06-01 05:00:00,2026-06-01 01:00:00,"VFR",1,0,93,130,4,24140.16,30.31,NA,"BKN  ft; BKN  ft; OVC  ft","METAR CYRT 010500Z 13004KT 15SM BKN063 BKN110 OVC250 01/00 A3031 RMK SC5AC2CI1 SLP270",2026-06-01 06:17:24.807552,2026-06-01 02:17:24.807552
"CYBK",2026-06-01 05:00:00,2026-06-01 01:00:00,"VFR",5,2,80,340,10,32186.88,30.35,NA,"FEW  ft; SCT  ft; BKN  ft","METAR CYBK 010500Z 34010KT 20SM FEW045 SCT080 BKN220 05/02 A3035 RMK SC2AC2CI1 SLP282",2026-06-01 06:17:24.916999,2026-06-01 02:17:24.916999
"CYRB",2026-06-01 05:00:00,2026-06-01 01:00:00,"MVFR",-7,-9,85,310,19,40233.6,30.15,NA,"SCT  ft; BKN  ft","METAR CYRB 010500Z 31019KT 25SM SCT013 BKN018 M07/M09 A3015 RMK ST4SC3 SLP219",2026-06-01 06:17:25.01997,2026-06-01 02:17:25.01997
"CYCO",2026-06-01 05:00:00,2026-06-01 01:00:00,"VFR",1,-2,80,80,5,24140.16,30.31,NA,"BKN  ft; BKN  ft","METAR CYCO 010500Z 08005KT 030V100 15SM BKN050 BKN070 01/M02 A3031 RMK SC5ACC1 PRESRR SLP269",2026-06-01 06:17:25.127522,2026-06-01 02:17:25.127522
"CYER",2026-06-01 12:46:00,2026-06-01 08:46:00,"LIFR",1,1,100,120,6,8046.72,30.42,NA,"OVC  ft","SPECI CYER 011246Z AUTO 12006KT 5SM BR OVC004 01/01 A3042 RMK SLP304",2026-06-01 12:50:40.625405,2026-06-01 08:50:40.625405
"CYAT",2026-06-01 12:00:00,2026-06-01 08:00:00,"VFR",5,2,80,70,8,14484.1,30.34,NA,NA,"METAR CYAT 011200Z AUTO 07008KT 9SM CLR 05/02 A3034 RMK SLP276",2026-06-01 12:50:40.67308,2026-06-01 08:50:40.67308
"CYMO",2026-06-01 12:00:00,2026-06-01 08:00:00,"VFR",8,4,75,10,4,14484.1,30.27,NA,NA,"METAR CYMO 011200Z AUTO 01004KT 330V060 9SM CLR 08/04 A3027 RMK SLP251",2026-06-01 12:50:40.705634,2026-06-01 08:50:40.705634
"CYPL",2026-06-01 12:00:00,2026-06-01 08:00:00,"VFR",14,3,47,120,11,14484.1,30.21,NA,NA,"METAR CYPL 011200Z AUTO 12011G16KT 9SM CLR 14/03 A3021 RMK SLP235",2026-06-01 12:50:40.742915,2026-06-01 08:50:40.742915
"CYQT",2026-06-01 12:00:00,2026-06-01 08:00:00,"VFR",12,5,62,80,11,32186.88,30.12,NA,"FEW  ft","METAR CYQT 011200Z 08011G18KT 20SM FEW240 12/05 A3012 RMK CI1 SLP206",2026-06-01 12:50:40.776346,2026-06-01 08:50:40.776346
"CYAM",2026-06-01 12:00:00,2026-06-01 08:00:00,"VFR",13,6,62,80,6,19312.13,30.12,NA,"FEW  ft","METAR CYAM 011200Z 08006KT 12SM FEW250 13/06 A3012 RMK CI1 CI TR HZ SLP205",2026-06-01 12:50:40.81176,2026-06-01 08:50:40.81176
"CYTS",2026-06-01 12:00:00,2026-06-01 08:00:00,"VFR",10,3,61,NA,2,24140.16,30.21,NA,NA,"METAR CYTS 011200Z VRB02KT 15SM SKC 10/03 A3021 RMK SLP238",2026-06-01 12:50:40.849144,2026-06-01 08:50:40.849144
"CYSB",2026-06-01 12:00:00,2026-06-01 08:00:00,"VFR",12,3,54,40,10,32186.88,30.16,NA,NA,"METAR CYSB 011200Z 04010KT 20SM SKC 12/03 A3016 RMK SLP219",2026-06-01 12:50:40.879083,2026-06-01 08:50:40.879083
"CYYB",2026-06-01 12:00:00,2026-06-01 08:00:00,"VFR",13,4,54,NA,6,48280.32,30.13,NA,NA,"METAR CYYB 011200Z VRB06KT 30SM SKC 13/04 A3013 RMK SLP208",2026-06-01 12:50:40.910735,2026-06-01 08:50:40.910735
"CYOW",2026-06-01 12:00:00,2026-06-01 08:00:00,"VFR",13,7,66,30,10,24140.16,30.09,NA,"FEW  ft","METAR CYOW 011200Z 03010KT 15SM FEW250 13/07 A3009 RMK CI1 CI TR SLP191",2026-06-01 12:50:40.947456,2026-06-01 08:50:40.947456
"CYGK",2026-06-01 12:00:00,2026-06-01 08:00:00,"VFR",13,7,66,20,9,24140.16,30.06,NA,NA,"METAR CYGK 011200Z 02009KT 15SM SKC 13/07 A3006 RMK SLP183",2026-06-01 12:50:40.981413,2026-06-01 08:50:40.981413
"CYQG",2026-06-01 12:00:00,2026-06-01 08:00:00,"VFR",17,13,77,NA,2,14484.1,30.05,NA,NA,"METAR CYQG 011200Z AUTO VRB02KT 9SM CLR 17/13 A3005 RMK SLP176 DENSITY ALT 900FT",2026-06-01 12:50:41.013313,2026-06-01 08:50:41.013313
"CYVV",2026-06-01 12:00:00,2026-06-01 08:00:00,"VFR",11,7,76,NA,2,24140.16,30.09,NA,NA,"METAR CYVV 011200Z VRB02KT 15SM SKC 11/07 A3009 RMK SLP194",2026-06-01 12:50:41.044199,2026-06-01 08:50:41.044199
"CYYZ",2026-06-01 12:00:00,2026-06-01 08:00:00,"VFR",15,6,54,10,4,24140.16,30.05,NA,NA,"METAR CYYZ 011200Z 01004KT 330V030 15SM SKC 15/06 A3005 RMK SLP179",2026-06-01 12:50:41.073197,2026-06-01 08:50:41.073197
"CYQA",2026-06-01 12:00:00,2026-06-01 08:00:00,"VFR",12,5,62,NA,4,14484.1,30.09,NA,NA,"METAR CYQA 011200Z AUTO VRB04KT 9SM CLR 12/05 A3009 RMK SLP194",2026-06-01 12:50:41.152932,2026-06-01 08:50:41.152932
"CYVR",2026-06-01 12:00:00,2026-06-01 08:00:00,"VFR",10,8,87,0,0,32186.88,30.24,NA,"FEW  ft","METAR CYVR 011200Z 00000KT 20SM FEW240 10/08 A3024 RMK CI1 CI TR SLP241",2026-06-01 12:50:41.185963,2026-06-01 08:50:41.185963
"CYYJ",2026-06-01 12:00:00,2026-06-01 08:00:00,"VFR",8,7,93,240,5,48280.32,30.23,NA,"FEW  ft","METAR CYYJ 011200Z 24005KT 30SM FEW250 08/07 A3023 RMK CI1 CI TR SLP239",2026-06-01 12:50:41.219662,2026-06-01 08:50:41.219662
"CYLW",2026-06-01 12:00:00,2026-06-01 08:00:00,"VFR",9,5,76,0,0,14484.1,30.17,NA,"SCT  ft; BKN  ft","METAR CYLW 011200Z AUTO 00000KT 9SM SCT190 BKN210 09/05 A3017 RMK SLP220",2026-06-01 12:50:41.249379,2026-06-01 08:50:41.249379
"CYXS",2026-06-01 12:00:00,2026-06-01 08:00:00,"VFR",-2,-4,86,NA,2,14484.1,30.36,NA,NA,"METAR CYXS 011200Z AUTO VRB02KT 9SM CLR M02/M04 A3036 RMK SLP304",2026-06-01 12:50:41.279815,2026-06-01 08:50:41.279815
"CYXT",2026-06-01 12:00:00,2026-06-01 08:00:00,"VFR",6,1,70,10,12,32186.88,30.44,NA,"FEW  ft; FEW  ft","METAR CYXT 011200Z 01012G19KT 20SM FEW080 FEW210 06/01 A3044 RMK AC1CI1 AC TR SLP315",2026-06-01 12:50:41.311325,2026-06-01 08:50:41.311325
"CYQQ",2026-06-01 12:00:00,2026-06-01 08:00:00,"VFR",11,1,50,310,6,32186.88,30.26,NA,"FEW  ft","METAR CYQQ 011200Z 31006KT 280V340 20SM FEW250 11/01 A3026 RMK CI1 DENSITY ALT -669FT SLP246",2026-06-01 12:50:41.3542,2026-06-01 08:50:41.3542
"CYYC",2026-06-01 12:00:00,2026-06-01 08:00:00,"MVFR",5,3,86,330,23,9656.06,30.09,NA,"BKN  ft; OVC  ft","METAR CYYC 011200Z 33023G39KT 6SM -RA BR BKN016 OVC031 05/03 A3009 RMK SF5NS3 SLP226",2026-06-01 12:50:41.391017,2026-06-01 08:50:41.391017
"CYEG",2026-06-01 12:44:00,2026-06-01 08:44:00,"IFR",9,8,93,340,20,9999,30.13,NA,"BKN  ft; OVC  ft","SPECI CYEG 011244Z 34020G28KT 10SM -RA BKN009 OVC016 09/08 A3013 RMK SF6NS2 BR SLP222",2026-06-01 12:50:41.420465,2026-06-01 08:50:41.420465
"CYMM",2026-06-01 12:00:00,2026-06-01 08:00:00,"MVFR",9,9,100,330,8,14484.1,30.18,NA,"BKN  ft; OVC  ft","METAR CYMM 011200Z AUTO 33008KT 9SM -RA BKN012 OVC018 09/09 A3018 RMK PCPN 3.5MM PAST HR SLP235",2026-06-01 12:50:41.450095,2026-06-01 08:50:41.450095
"CYQF",2026-06-01 12:32:00,2026-06-01 08:32:00,"MVFR",8,7,93,320,17,9656.06,30.12,NA,"OVC  ft","SPECI CYQF 011232Z AUTO 32017G27KT 6SM -RA BR OVC015 08/07 A3012 RMK PCPN 1.0MM PAST HR SLP226",2026-06-01 12:50:41.484099,2026-06-01 08:50:41.484099
"CYXE",2026-06-01 12:00:00,2026-06-01 08:00:00,"VFR",18,15,82,90,8,24140.16,29.89,NA,"SCT  ft; BKN  ft; BKN  ft","METAR CYXE 011200Z 09008KT 15SM SCT021 BKN150 BKN270 18/15 A2989 RMK SC3AC2CI1 SLP126 DENSITY ALT 2400FT",2026-06-01 12:50:41.517398,2026-06-01 08:50:41.517398
"CYQR",2026-06-01 12:00:00,2026-06-01 08:00:00,"MVFR",11,9,87,140,14,24140.16,29.91,NA,"BKN  ft; BKN  ft","METAR CYQR 011200Z 14014G19KT 15SM BKN014 BKN040 11/09 A2991 RMK SC5SC2 SLP136",2026-06-01 12:50:41.560727,2026-06-01 08:50:41.560727
"CYWG",2026-06-01 12:00:00,2026-06-01 08:00:00,"VFR",17,14,82,100,6,24140.16,30.02,NA,"BKN  ft","METAR CYWG 011200Z CCA 10006KT 15SM BKN250 17/14 A3002 RMK CI7 CONTRAILS SLP169 DENSITY ALT 1200FT",2026-06-01 12:50:41.592201,2026-06-01 08:50:41.592201
"CYBR",2026-06-01 12:00:00,2026-06-01 08:00:00,"MVFR",17,16,93,100,6,9656.06,29.97,NA,"BKN  ft; OVC  ft","METAR CYBR 011200Z 10006KT 6SM -SHRA BR BKN012 OVC021 17/16 A2997 RMK SC7SC1 CVCTV CLD EMBD SLP155 DENSITY ALT 1800FT",2026-06-01 12:50:41.623157,2026-06-01 08:50:41.623157
"CYUL",2026-06-01 12:00:00,2026-06-01 08:00:00,"VFR",12,8,76,50,8,48280.32,30.07,NA,"FEW  ft","METAR CYUL 011200Z 05008KT 30SM FEW020 12/08 A3007 RMK CU1 CU TR SLP185",2026-06-01 12:50:41.658574,2026-06-01 08:50:41.658574
"CYHU",2026-06-01 12:00:00,2026-06-01 08:00:00,"VFR",12,10,87,20,7,14484.1,30.06,NA,NA,"METAR CYHU 011200Z AUTO 02007KT 9SM CLR 12/10 A3006 RMK SLP183",2026-06-01 12:50:41.692711,2026-06-01 08:50:41.692711
"CYQB",2026-06-01 12:00:00,2026-06-01 08:00:00,"VFR",11,5,66,50,3,40233.6,30.07,NA,"BKN  ft; BKN  ft","METAR CYQB 011200Z 05003KT 280V080 25SM BKN140 BKN250 11/05 A3007 RMK AC5CI1 SH DIST NE SLP186",2026-06-01 12:50:41.725571,2026-06-01 08:50:41.725571
"CYVO",2026-06-01 12:00:00,2026-06-01 08:00:00,"VFR",11,5,66,10,7,24140.16,30.14,NA,"FEW  ft","METAR CYVO 011200Z 01007KT 15SM FEW280 11/05 A3014 RMK CI1 CI TR SLP218",2026-06-01 12:50:41.757037,2026-06-01 08:50:41.757037
"CYUY",2026-06-01 12:00:00,2026-06-01 08:00:00,"VFR",11,5,66,10,5,24140.16,30.17,NA,NA,"METAR CYUY 011200Z 01005KT 15SM SKC 11/05 A3017 RMK SLP224",2026-06-01 12:50:41.790649,2026-06-01 08:50:41.790649
"CYZV",2026-06-01 12:00:00,2026-06-01 08:00:00,"VFR",12,3,54,80,9,48280.32,30,NA,"FEW  ft; FEW  ft","METAR CYZV 011200Z 08009G15KT 30SM FEW080 FEW220 12/03 A3000 RMK AC1CI1 SLP163",2026-06-01 12:50:41.821225,2026-06-01 08:50:41.821225
"CYBC",2026-06-01 12:00:00,2026-06-01 08:00:00,"VFR",12,5,62,230,7,14484.1,29.99,NA,NA,"METAR CYBC 011200Z AUTO 23007KT 9SM CLR 12/05 A2999 RMK SLP160",2026-06-01 12:50:41.86182,2026-06-01 08:50:41.86182
"CYRJ",2026-06-01 12:00:00,2026-06-01 08:00:00,"VFR",12,6,66,300,7,40233.6,30.06,NA,"BKN  ft","METAR CYRJ 011200Z 30007KT 25SM BKN130 12/06 A3006 RMK AC7 SLP187",2026-06-01 12:50:41.912822,2026-06-01 08:50:41.912822
"CYHZ",2026-06-01 12:00:00,2026-06-01 08:00:00,"VFR",7,3,75,360,5,24140.16,29.97,NA,"FEW  ft; FEW  ft; SCT  ft; OVC  ft","METAR CYHZ 011200Z 36005KT 15SM FEW010 FEW110 SCT250 OVC280 07/03 A2997 RMK CF1AC1CS3CI4 CF TR SLP155",2026-06-01 12:50:41.945259,2026-06-01 08:50:41.945259
"CYYG",2026-06-01 12:00:00,2026-06-01 08:00:00,"VFR",8,0,57,350,8,24140.16,29.97,NA,"BKN  ft","METAR CYYG 011200Z 35008G15KT 310V020 15SM BKN250 08/M00 A2997 RMK CI7 SLP154",2026-06-01 12:50:41.977867,2026-06-01 08:50:41.977867
"CYQM",2026-06-01 12:00:00,2026-06-01 08:00:00,"VFR",9,3,66,10,3,24140.16,30,NA,"FEW  ft; FEW  ft","METAR CYQM 011200Z 01003KT 310V040 15SM FEW014 FEW240 09/03 A3000 RMK SC1CI2 SC TR CU ASOCTD SLP164",2026-06-01 12:50:42.007878,2026-06-01 08:50:42.007878
"CYFC",2026-06-01 12:00:00,2026-06-01 08:00:00,"VFR",7,3,75,NA,3,14484.1,30.04,NA,NA,"METAR CYFC 011200Z AUTO VRB03KT 9SM CLR 07/03 A3004 RMK SLP175",2026-06-01 12:50:42.039206,2026-06-01 08:50:42.039206
"CYYT",2026-06-01 12:00:00,2026-06-01 08:00:00,"LIFR",2,2,100,40,15,402.34,29.66,NA,"VV  ft","METAR CYYT 011200Z 04015G24KT 1/4SM R16/1800V2000FT/N R10/5000VP6000FT/D -RA FG VV002 02/02 A2966 RMK FG8 SLP053",2026-06-01 12:50:42.085582,2026-06-01 08:50:42.085582
"CYQY",2026-06-01 12:00:00,2026-06-01 08:00:00,"VFR",6,1,70,40,11,24140.16,29.89,NA,"SCT  ft; SCT  ft","METAR CYQY 011200Z 04011G17KT 350V050 15SM SCT016 SCT240 06/01 A2989 RMK SC3CI1 SLP124",2026-06-01 12:50:42.123894,2026-06-01 08:50:42.123894
"CYXY",2026-06-01 12:00:00,2026-06-01 08:00:00,"VFR",1,-4,69,180,9,64373.76,30.47,NA,"FEW  ft","METAR CYXY 011200Z 18009KT 40SM FEW260 01/M04 A3047 RMK CI1 CI TR SLP352",2026-06-01 12:50:42.154921,2026-06-01 08:50:42.154921
"CYZF",2026-06-01 12:00:00,2026-06-01 08:00:00,"VFR",9,6,81,110,6,24140.16,30.36,NA,"FEW  ft; FEW  ft; BKN  ft","METAR CYZF 011200Z 11006KT 15SM FEW060 FEW100 BKN220 09/06 A3036 RMK SC1AC1CI7 SC TR AC TR SLP293",2026-06-01 12:50:42.186271,2026-06-01 08:50:42.186271
"CYFB",2026-06-01 12:00:00,2026-06-01 08:00:00,"VFR",3,0,80,320,14,48280.32,30.19,NA,"SCT  ft; BKN  ft","METAR CYFB 011200Z 32014G19KT 30SM SCT011 BKN072 03/00 A3019 RMK SC4AC3 SLP227",2026-06-01 12:50:42.219178,2026-06-01 08:50:42.219178
"CYRT",2026-06-01 12:00:00,2026-06-01 08:00:00,"VFR",2,0,86,140,7,24140.16,30.3,NA,"SCT  ft; BKN  ft","METAR CYRT 011200Z 14007KT 15SM SCT091 BKN130 02/M00 A3030 RMK ACC3AC4 SH DIST SE-SW SLP264",2026-06-01 12:50:42.256034,2026-06-01 08:50:42.256034
"CYBK",2026-06-01 12:00:00,2026-06-01 08:00:00,"MVFR",4,2,86,320,4,9999,30.33,NA,"FEW  ft; BKN  ft; OVC  ft","METAR CYBK 011200Z 32004KT 310V040 10SM -RA FEW010 BKN015 OVC080 04/02 A3033 RMK SC1SC6AC1 SLP275",2026-06-01 12:50:42.294683,2026-06-01 08:50:42.294683
"CYRB",2026-06-01 12:00:00,2026-06-01 08:00:00,"MVFR",-7,-10,79,280,16,40233.6,30.23,NA,"BKN  ft","METAR CYRB 011200Z 28016KT 25SM BKN013 M07/M10 A3023 RMK ST7 SLP245",2026-06-01 12:50:42.331324,2026-06-01 08:50:42.331324
"CYCO",2026-06-01 12:00:00,2026-06-01 08:00:00,"VFR",1,-1,86,160,4,24140.16,30.34,NA,"FEW  ft; FEW  ft","METAR CYCO 011200Z 16004KT 15SM FEW040 FEW140 01/M01 A3034 RMK SC1AC1 SC TR AC TR SLP278",2026-06-01 12:50:42.397261,2026-06-01 08:50:42.397261
"CYER",2026-06-01 23:00:00,2026-06-01 19:00:00,"VFR",8,4,75,90,11,14484.1,30.34,NA,"SCT  ft","METAR CYER 012300Z AUTO 09011G16KT 9SM SCT240 08/04 A3034 RMK SLP278",2026-06-02 00:27:06.370032,2026-06-01 20:27:06.370032
"CYAT",2026-06-01 23:00:00,2026-06-01 19:00:00,"VFR",13,5,58,80,8,14484.1,30.36,NA,NA,"METAR CYAT 012300Z AUTO 08008KT 9SM CLR 13/05 A3036 RMK SLP283",2026-06-02 00:27:06.415313,2026-06-01 20:27:06.415313
"CYMO",2026-06-01 23:00:00,2026-06-01 19:00:00,"VFR",17,1,33,20,10,14484.1,30.3,NA,NA,"METAR CYMO 012300Z AUTO 02010G15KT 9SM CLR 17/01 A3030 RMK SLP263",2026-06-02 00:27:06.451627,2026-06-01 20:27:06.451627
"CYPL",2026-06-01 23:00:00,2026-06-01 19:00:00,"VFR",24,0,20,130,6,14484.1,30.23,NA,NA,"METAR CYPL 012300Z AUTO 13006G15KT 090V170 9SM CLR 24/00 A3023 RMK SLP246 DENSITY ALT 2300FT",2026-06-02 00:27:06.486868,2026-06-01 20:27:06.486868
"CYQT",2026-06-01 23:00:00,2026-06-01 19:00:00,"VFR",19,4,37,90,9,32186.88,30.25,NA,NA,"METAR CYQT 012300Z 09009KT 20SM SKC 19/04 A3025 RMK SLP251 DENSITY ALT 1000FT",2026-06-02 00:27:06.521533,2026-06-01 20:27:06.521533
"CYAM",2026-06-02,2026-06-01 20:00:00,"VFR",19,5,39,280,4,40233.6,30.21,NA,"FEW  ft; FEW  ft","METAR CYAM 020000Z CCA 28004KT 250V320 25SM FEW060 FEW250 19/05 A3021 RMK CU1CI1 CU TR CI TR SLP235 DENSITY ALT 1000FT",2026-06-02 00:27:06.554784,2026-06-01 20:27:06.554784
"CYTS",2026-06-02,2026-06-01 20:00:00,"VFR",22,0,23,10,6,24140.16,30.22,NA,"FEW  ft; BKN  ft","METAR CYTS 020000Z 01006KT 15SM FEW092 BKN250 22/M00 A3022 RMK AC1CI6 AC TR SLP242 DENSITY ALT 1700FT",2026-06-02 00:27:06.587547,2026-06-01 20:27:06.587547
"CYSB",2026-06-01 23:00:00,2026-06-01 19:00:00,"VFR",22,1,24,50,7,32186.88,30.18,NA,"SCT  ft","METAR CYSB 012300Z 05007KT 20SM SCT100 22/01 A3018 RMK AC3 SLP225 DENSITY ALT 2000FT",2026-06-02 00:27:06.617909,2026-06-01 20:27:06.617909
"CYYB",2026-06-01 23:00:00,2026-06-01 19:00:00,"VFR",21,1,26,340,5,48280.32,30.16,NA,"SCT  ft","METAR CYYB 012300Z 34005KT 30SM SCT100 21/01 A3016 RMK AC4 SLP219 DENSITY ALT 1900FT",2026-06-02 00:27:06.647195,2026-06-01 20:27:06.647195
"CYOW",2026-06-01 23:00:00,2026-06-01 19:00:00,"VFR",21,5,35,240,4,24140.16,30.12,NA,"FEW  ft; SCT  ft; BKN  ft","METAR CYOW 012300Z 24004KT 230V290 15SM FEW065 SCT090 BKN120 21/05 A3012 RMK CU1AC4AC1 CU TR SLP202 DENSITY ALT 900FT",2026-06-02 00:27:06.680359,2026-06-01 20:27:06.680359
"CYGK",2026-06-01 23:00:00,2026-06-01 19:00:00,"VFR",20,4,34,20,7,24140.16,30.14,NA,"FEW  ft; FEW  ft","METAR CYGK 012300Z 02007KT 15SM FEW040 FEW250 20/04 A3014 RMK CU1CI1 SLP208 DENSITY ALT 700FT",2026-06-02 00:27:06.710033,2026-06-01 20:27:06.710033
"CYQG",2026-06-01 23:00:00,2026-06-01 19:00:00,"VFR",22,5,33,110,12,14484.1,30.12,NA,NA,"METAR CYQG 012300Z AUTO 11012G17KT 9SM CLR 22/05 A3012 RMK SLP200 DENSITY ALT 1400FT",2026-06-02 00:27:06.740022,2026-06-01 20:27:06.740022
"CYVV",2026-06-01 23:00:00,2026-06-01 19:00:00,"VFR",20,5,37,20,4,24140.16,30.17,NA,"FEW  ft","METAR CYVV 012300Z 02004KT 350V060 15SM FEW050 20/05 A3017 RMK CU1 CU TR SLP220 DENSITY ALT 1200FT",2026-06-02 00:27:06.770878,2026-06-01 20:27:06.770878
"CYYZ",2026-06-01 23:00:00,2026-06-01 19:00:00,"VFR",18,6,45,160,8,24140.16,30.15,NA,"FEW  ft","METAR CYYZ 012300Z 16008KT 100V180 15SM FEW055 18/06 A3015 RMK CU1 SLP212 DENSITY ALT 800FT",2026-06-02 00:27:06.800503,2026-06-01 20:27:06.800503
"CYQA",2026-06-02 00:20:00,2026-06-01 20:20:00,"MVFR",18,4,39,0,0,4828.03,30.15,NA,NA,"SPECI CYQA 020020Z AUTO 00000KT 3SM HZ CLR 18/04 A3015 RMK SLP215 DENSITY ALT 1200FT",2026-06-02 00:27:06.836048,2026-06-01 20:27:06.836048
"CYVR",2026-06-01 23:00:00,2026-06-01 19:00:00,"VFR",21,13,60,290,12,48280.32,30.12,NA,"FEW  ft; SCT  ft","METAR CYVR 012300Z 29012KT 30SM FEW210 SCT240 21/13 A3012 RMK CI1CI3 SLP201 DENSITY ALT 500FT",2026-06-02 00:27:06.870515,2026-06-01 20:27:06.870515
"CYYJ",2026-06-01 23:00:00,2026-06-01 19:00:00,"VFR",24,6,31,90,5,48280.32,30.11,NA,"BKN  ft","METAR CYYJ 012300Z 09005KT 30SM BKN240 24/06 A3011 RMK CI5 SLP199 DENSITY ALT 1000FT",2026-06-02 00:27:06.908265,2026-06-01 20:27:06.908265
"CYLW",2026-06-01 23:00:00,2026-06-01 19:00:00,"VFR",17,5,45,340,23,14484.1,30.23,NA,"BKN  ft; OVC  ft","METAR CYLW 012300Z AUTO 34023G29KT 9SM BKN086 OVC110 17/05 A3023 RMK SLP244 DENSITY ALT 1700FT",2026-06-02 00:27:06.942825,2026-06-01 20:27:06.942825
"CYXS",2026-06-01 23:45:00,2026-06-01 19:45:00,"VFR",22,-1,21,30,17,14484.1,30.27,NA,NA,"SPECI CYXS 012345Z AUTO 03017G23KT 9SM CLR 22/M01 A3027 RMK ICE MISG SLP271 DENSITY ALT 3300FT",2026-06-02 00:27:06.973586,2026-06-01 20:27:06.973586
"CYXT",2026-06-01 23:00:00,2026-06-01 19:00:00,"VFR",24,-1,19,360,6,32186.88,30.28,NA,"SCT  ft","METAR CYXT 012300Z 36006KT 280V080 20SM SCT240 24/M01 A3028 RMK CI3 SLP260 DENSITY ALT 1600FT",2026-06-02 00:27:07.005662,2026-06-01 20:27:07.005662
"CYQQ",2026-06-01 23:00:00,2026-06-01 19:00:00,"VFR",25,3,23,70,6,32186.88,30.14,NA,"FEW  ft","METAR CYQQ 012300Z 07006KT 350V100 20SM FEW250 25/03 A3014 RMK CI1 DENSITY ALT 1152FT SLP205",2026-06-02 00:27:07.038906,2026-06-01 20:27:07.038906
"CYYC",2026-06-01 23:48:00,2026-06-01 19:48:00,"MVFR",7,5,87,330,24,11265.41,30.17,NA,"BKN  ft; OVC  ft","SPECI CYYC 012348Z 33024G29KT 7SM -RA BKN015 OVC031 07/05 A3017 RMK SC7NS1 SLP250",2026-06-02 00:27:07.069219,2026-06-01 20:27:07.069219
"CYEG",2026-06-01 23:40:00,2026-06-01 19:40:00,"IFR",10,9,93,350,19,4023.36,30.2,NA,"OVC  ft","SPECI CYEG 012340Z 35019G26KT 2 1/2SM R02/5000VP6000FT/D -RA BR OVC007 10/09 A3020 RMK NS8 CIG RAG SLP247",2026-06-02 00:27:07.099624,2026-06-01 20:27:07.099624
"CYMM",2026-06-01 23:00:00,2026-06-01 19:00:00,"MVFR",12,8,76,350,16,14484.1,30.3,NA,"OVC  ft","METAR CYMM 012300Z AUTO 35016G24KT 9SM OVC024 12/08 A3030 RMK SLP277",2026-06-02 00:27:07.129808,2026-06-01 20:27:07.129808
"CYQF",2026-06-02 00:17:00,2026-06-01 20:17:00,"IFR",9,8,93,330,13,2414.02,30.2,NA,"BKN  ft; OVC  ft","SPECI CYQF 020017Z AUTO 33013G22KT 1 1/2SM RA BR BKN007 OVC012 09/08 A3020 RMK PCPN 1.0MM PAST HR SLP251",2026-06-02 00:27:07.159604,2026-06-01 20:27:07.159604
"CYXE",2026-06-01 23:48:00,2026-06-01 19:48:00,"VFR",18,15,82,110,10,24140.16,29.93,NA,"SCT  ft; BKN  ft","SPECI CYXE 012348Z 11010G16KT 15SM SCT016 BKN090 18/15 A2993 RMK SC4AC3 SLP143 DENSITY ALT 2500FT",2026-06-02 00:27:07.192882,2026-06-01 20:27:07.192882
"CYQR",2026-06-01 23:00:00,2026-06-01 19:00:00,"VFR",14,6,58,170,13,24140.16,30.01,NA,"OVC  ft","METAR CYQR 012300Z 17013G20KT 15SM OVC038 14/06 A3001 RMK SC8 SLP174 DENSITY ALT 2100FT",2026-06-02 00:27:07.22381,2026-06-01 20:27:07.22381
"CYWG",2026-06-01 23:00:00,2026-06-01 19:00:00,"VFR",26,16,54,150,10,24140.16,30.08,NA,"FEW  ft; SCT  ft; BKN  ft; BKN  ft","METAR CYWG 012300Z 15010KT 15SM FEW044 SCT075 BKN150 BKN250 26/16 A3008 RMK SC2AC1AC2CI2 SLP191 DENSITY ALT 2100FT",2026-06-02 00:27:07.254569,2026-06-01 20:27:07.254569
"CYBR",2026-06-01 23:00:00,2026-06-01 19:00:00,"VFR",22,10,46,220,8,24140.16,30.1,NA,"FEW  ft; SCT  ft","METAR CYBR 012300Z 22008G22KT 15SM FEW035 SCT240 22/10 A3010 RMK SC1CI2 SLP197 DENSITY ALT 2300FT",2026-06-02 00:27:07.283999,2026-06-01 20:27:07.283999
"CYUL",2026-06-01 23:00:00,2026-06-01 19:00:00,"VFR",21,4,32,280,8,48280.32,30.09,NA,"FEW  ft; FEW  ft","METAR CYUL 012300Z 28008KT 30SM FEW100 FEW250 21/04 A3009 RMK AC2CI1 CI TR SLP192 DENSITY ALT 700FT",2026-06-02 00:27:07.312753,2026-06-01 20:27:07.312753
"CYHU",2026-06-01 23:37:00,2026-06-01 19:37:00,"VFR",17,8,55,360,21,14484.1,30.12,NA,"BKN  ft; OVC  ft","SPECI CYHU 012337Z AUTO 36021G29KT 350V070 9SM BKN076 OVC093 17/08 A3012 RMK PRESRR SLP202",2026-06-02 00:27:07.345191,2026-06-01 20:27:07.345191
"CYQB",2026-06-02 00:14:00,2026-06-01 20:14:00,"VFR",16,10,67,NA,2,48280.32,30.09,NA,"FEW  ft; BKN  ft; BKN  ft","SPECI CYQB 020014Z VRB02KT 30SM -SHRA FEW045 BKN075 BKN130 16/10 A3009 RMK SC1AC6AC1 AC TR SLP192",2026-06-02 00:27:07.377681,2026-06-01 20:27:07.377681
"CYVO",2026-06-01 23:00:00,2026-06-01 19:00:00,"VFR",21,-4,18,350,11,24140.16,30.15,NA,"FEW  ft; FEW  ft","METAR CYVO 012300Z 35011G17KT 340V040 15SM FEW095 FEW260 21/M04 A3015 RMK AC1CI1 SLP218 DENSITY ALT 1900FT",2026-06-02 00:27:07.416363,2026-06-01 20:27:07.416363
"CYUY",2026-06-01 23:00:00,2026-06-01 19:00:00,"VFR",21,-1,22,360,7,24140.16,30.17,NA,"FEW  ft; FEW  ft","METAR CYUY 012300Z 36007G18KT 340V040 15SM FEW097 FEW260 21/M01 A3017 RMK AC1CI1 SLP224 DENSITY ALT 1700FT",2026-06-02 00:27:07.457773,2026-06-01 20:27:07.457773
"CYZV",2026-06-01 23:00:00,2026-06-01 19:00:00,"VFR",14,4,50,300,5,48280.32,29.97,NA,"FEW  ft; SCT  ft; SCT  ft","METAR CYZV 012300Z 30005KT 30SM FEW050 SCT100 SCT210 14/04 A2997 RMK CU1AC4CI1 CU TR CI TR SLP153",2026-06-02 00:27:07.487583,2026-06-01 20:27:07.487583
"CYBC",2026-06-01 23:00:00,2026-06-01 19:00:00,"VFR",13,8,71,120,4,14484.1,29.98,NA,NA,"METAR CYBC 012300Z AUTO 12004KT 9SM CLR 13/08 A2998 RMK SLP155",2026-06-02 00:27:07.520248,2026-06-01 20:27:07.520248
"CYRJ",2026-06-01 23:00:00,2026-06-01 19:00:00,"VFR",21,-2,21,320,9,64373.76,30,NA,"FEW  ft; SCT  ft; BKN  ft","METAR CYRJ 012300Z 32009KT 40SM FEW080 SCT120 BKN220 21/M02 A3000 RMK AC2AC1CI2 SLP165 DENSITY ALT 1400FT",2026-06-02 00:27:07.550045,2026-06-01 20:27:07.550045
"CYHZ",2026-06-01 23:00:00,2026-06-01 19:00:00,"VFR",14,2,44,20,5,24140.16,30.02,NA,"FEW  ft; FEW  ft; SCT  ft; SCT  ft","METAR CYHZ 012300Z 02005KT 15SM FEW060 FEW170 SCT220 SCT250 14/02 A3002 RMK CU1AC2CC1CI1 CU TR SLP172",2026-06-02 00:27:07.585487,2026-06-01 20:27:07.585487
"CYYG",2026-06-02,2026-06-01 20:00:00,"VFR",11,3,57,180,4,24140.16,30.03,NA,"BKN  ft; BKN  ft","METAR CYYG 020000Z 18004KT 15SM BKN100 BKN250 11/03 A3003 RMK AC5CI2 SLP173",2026-06-02 00:27:07.616219,2026-06-01 20:27:07.616219
"CYQM",2026-06-01 23:00:00,2026-06-01 19:00:00,"VFR",15,3,44,170,8,24140.16,29.99,NA,"FEW  ft; SCT  ft; BKN  ft","METAR CYQM 012300Z 17008KT 15SM FEW040 SCT080 BKN220 15/03 A2999 RMK SC1AC2CI4 SLP159",2026-06-02 00:27:07.645937,2026-06-01 20:27:07.645937
"CYFC",2026-06-01 23:00:00,2026-06-01 19:00:00,"VFR",18,1,31,200,8,14484.1,30,NA,NA,"METAR CYFC 012300Z AUTO 20008KT 9SM CLR 18/01 A3000 RMK SLP161 DENSITY ALT 300FT",2026-06-02 00:27:07.676224,2026-06-01 20:27:07.676224
"CYYT",2026-06-01 23:29:00,2026-06-01 19:29:00,"LIFR",2,2,100,350,21,2414.02,29.81,NA,"OVC  ft","SPECI CYYT 012329Z 35021G28KT 1 1/2SM BR OVC002 02/02 A2981 RMK FG4ST4 SLP102",2026-06-02 00:27:07.721873,2026-06-01 20:27:07.721873
"CYQY",2026-06-01 23:00:00,2026-06-01 19:00:00,"VFR",6,-1,60,10,10,24140.16,30.02,NA,"FEW  ft; BKN  ft","METAR CYQY 012300Z 01010KT 15SM FEW190 BKN240 06/M01 A3002 RMK AC2CI4 SLP171",2026-06-02 00:27:07.753596,2026-06-01 20:27:07.753596
"CYXY",2026-06-01 23:00:00,2026-06-01 19:00:00,"VFR",17,-5,21,150,7,64373.76,30.4,NA,"FEW  ft; FEW  ft","METAR CYXY 012300Z 15007KT 110V220 40SM FEW050 FEW260 17/M05 A3040 RMK CF1CI1 CF TR CI TR SLP321",2026-06-02 00:27:07.786969,2026-06-01 20:27:07.786969
"CYZF",2026-06-01 23:00:00,2026-06-01 19:00:00,"VFR",13,3,50,170,11,24140.16,30.42,NA,"FEW  ft; BKN  ft","METAR CYZF 012300Z 17011KT 15SM FEW060 BKN120 13/03 A3042 RMK CU1AC4 SLP312",2026-06-02 00:27:07.820976,2026-06-01 20:27:07.820976
"CYFB",2026-06-01 23:00:00,2026-06-01 19:00:00,"MVFR",3,0,80,310,16,48280.32,30.08,NA,"BKN  ft; BKN  ft","METAR CYFB 012300Z 31016G22KT 30SM BKN015 BKN022 03/00 A3008 RMK SC7SC1 SC TR SLP191",2026-06-02 00:27:07.852983,2026-06-01 20:27:07.852983
"CYRT",2026-06-01 23:38:00,2026-06-01 19:38:00,"VFR",3,2,93,NA,2,24140.16,30.1,NA,"SCT  ft; BKN  ft; BKN  ft","SPECI CYRT 012338Z VRB02KT 15SM SCT074 BKN110 BKN150 03/02 A3010 RMK AC4AC2AC1 PRESFR SLP199",2026-06-02 00:27:07.897008,2026-06-01 20:27:07.897008
"CYBK",2026-06-01 23:37:00,2026-06-01 19:37:00,"MVFR",4,4,100,350,14,24140.16,30.24,NA,"BKN  ft; OVC  ft","SPECI CYBK 012337Z 35014KT 15SM BKN010 OVC040 04/04 A3024 RMK ST6SC2 PRESRR SLP244",2026-06-02 00:27:07.94533,2026-06-01 20:27:07.94533
"CYRB",2026-06-02,2026-06-01 20:00:00,"MVFR",-5,-7,85,260,12,40233.6,30.14,NA,"OVC  ft","METAR CYRB 020000Z 26012KT 25SM OVC011 M05/M07 A3014 RMK ST8 SLP216",2026-06-02 00:27:07.979107,2026-06-01 20:27:07.979107
"CYCO",2026-06-01 23:00:00,2026-06-01 19:00:00,"VFR",14,6,58,NA,5,24140.16,30.34,NA,"SCT  ft; SCT  ft; BKN  ft; BKN  ft","METAR CYCO 012300Z VRB05KT 15SM VCSH SCT030CB SCT055 BKN092 BKN260 14/06 A3034 RMK CB3SC1AC1CS2 SLP279",2026-06-02 00:27:08.012815,2026-06-01 20:27:08.012815
"CYER",2026-06-02 04:00:00,2026-06-02,"VFR",5,4,93,100,4,14484.1,30.3,NA,"FEW  ft","METAR CYER 020400Z AUTO 10004KT 9SM FEW240 05/04 A3030 RMK SLP264",2026-06-02 05:20:56.676491,2026-06-02 01:20:56.676491
"CYAT",2026-06-02 04:00:00,2026-06-02,"VFR",5,3,86,70,2,14484.1,30.39,NA,NA,"METAR CYAT 020400Z AUTO 07002KT 9SM CLR 05/03 A3039 RMK SLP294",2026-06-02 05:20:56.737888,2026-06-02 01:20:56.737888
"CYMO",2026-06-02 04:00:00,2026-06-02,"VFR",6,3,81,310,3,14484.1,30.34,NA,NA,"METAR CYMO 020400Z AUTO 31003KT 9SM CLR 06/03 A3034 RMK SLP276",2026-06-02 05:20:56.778295,2026-06-02 01:20:56.778295
"CYPL",2026-06-02 04:00:00,2026-06-02,"VFR",16,4,44,130,7,14484.1,30.28,NA,NA,"METAR CYPL 020400Z AUTO 13007KT 9SM CLR 16/04 A3028 RMK SLP260",2026-06-02 05:20:56.82498,2026-06-02 01:20:56.82498
"CYQT",2026-06-02 04:00:00,2026-06-02,"VFR",9,5,76,260,3,24140.16,30.3,NA,"FEW  ft","METAR CYQT 020400Z 26003KT 15SM FEW250 09/05 A3030 RMK CI1 SLP268",2026-06-02 05:20:56.862283,2026-06-02 01:20:56.862283
"CYAM",2026-06-02 04:00:00,2026-06-02,"VFR",9,5,76,0,0,32186.88,30.28,NA,NA,"METAR CYAM 020400Z 00000KT 20SM SKC 09/05 A3028 RMK SLP259",2026-06-02 05:20:56.905519,2026-06-02 01:20:56.905519
"CYTS",2026-06-02 04:00:00,2026-06-02,"VFR",12,2,50,30,7,24140.16,30.3,NA,"SCT  ft","METAR CYTS 020400Z 03007KT 15SM SCT250 12/02 A3030 RMK CI4 SLP267",2026-06-02 05:20:56.950548,2026-06-02 01:20:56.950548
"CYSB",2026-06-02 04:00:00,2026-06-02,"VFR",16,1,36,360,5,24140.16,30.24,NA,"FEW  ft","METAR CYSB 020400Z 36005KT 15SM FEW100 16/01 A3024 RMK AC2 SLP246",2026-06-02 05:20:56.993229,2026-06-02 01:20:56.993229
"CYYB",2026-06-02 04:00:00,2026-06-02,"VFR",14,1,41,10,5,14484.1,30.22,NA,NA,"METAR CYYB 020400Z AUTO 01005KT 9SM CLR 14/01 A3022 RMK SLP239",2026-06-02 05:20:57.046508,2026-06-02 01:20:57.046508
"CYOW",2026-06-02 04:00:00,2026-06-02,"VFR",13,5,58,280,3,24140.16,30.17,NA,"FEW  ft","METAR CYOW 020400Z 28003KT 15SM FEW130 13/05 A3017 RMK AC1 AC TR SLP218",2026-06-02 05:20:57.09718,2026-06-02 01:20:57.09718
"CYGK",2026-06-02 03:00:00,2026-06-01 23:00:00,"VFR",13,4,54,0,0,24140.16,30.18,NA,"FEW  ft","METAR CYGK 020300Z 00000KT 15SM FEW090 13/04 A3018 RMK AC1 LAST STFD OBS / NXT 021000Z SLP224",2026-06-02 05:20:57.13997,2026-06-02 01:20:57.13997
"CYQG",2026-06-02 04:00:00,2026-06-02,"VFR",13,6,62,40,5,14484.1,30.2,NA,NA,"METAR CYQG 020400Z AUTO 04005KT 9SM CLR 13/06 A3020 RMK SLP229",2026-06-02 05:20:57.183284,2026-06-02 01:20:57.183284
"CYVV",2026-06-02 04:00:00,2026-06-02,"VFR",8,6,87,NA,2,24140.16,30.23,NA,NA,"METAR CYVV 020400Z VRB02KT 15SM SKC 08/06 A3023 RMK SLP244",2026-06-02 05:20:57.225007,2026-06-02 01:20:57.225007
"CYYZ",2026-06-02 04:00:00,2026-06-02,"VFR",15,6,54,350,5,24140.16,30.22,NA,"FEW  ft","METAR CYYZ 020400Z 35005KT 15SM FEW075 15/06 A3022 RMK AC1 AC TR SLP235",2026-06-02 05:20:57.267906,2026-06-02 01:20:57.267906
"CYQA",2026-06-02 04:00:00,2026-06-02,"VFR",8,7,93,0,0,14484.1,30.21,NA,"FEW  ft","METAR CYQA 020400Z AUTO 00000KT 9SM FEW120 08/07 A3021 RMK SLP235",2026-06-02 05:20:57.326468,2026-06-02 01:20:57.326468
"CYVR",2026-06-02 04:00:00,2026-06-02,"VFR",18,9,55,310,9,32186.88,30.05,NA,"FEW  ft; BKN  ft","METAR CYVR 020400Z 31009KT 20SM FEW200 BKN240 18/09 A3005 RMK CS2CI5 SLP178",2026-06-02 05:20:57.367846,2026-06-02 01:20:57.367846
"CYYJ",2026-06-02 04:00:00,2026-06-02,"VFR",19,6,42,100,3,48280.32,30.06,NA,"FEW  ft; SCT  ft","METAR CYYJ 020400Z 10003KT 30SM FEW180 SCT240 19/06 A3006 RMK AC1CI3 SLP182 DENSITY ALT 400FT",2026-06-02 05:20:57.408986,2026-06-02 01:20:57.408986
"CYLW",2026-06-02 04:00:00,2026-06-02,"VFR",15,7,58,30,6,14484.1,30.2,NA,NA,"METAR CYLW 020400Z AUTO 03006KT 9SM CLR 15/07 A3020 RMK SLP232",2026-06-02 05:20:57.449146,2026-06-02 01:20:57.449146
"CYXS",2026-06-02 04:00:00,2026-06-02,"VFR",18,-2,25,50,8,14484.1,30.26,NA,NA,"METAR CYXS 020400Z AUTO 05008KT 9SM CLR 18/M02 A3026 RMK SLP259 DENSITY ALT 2900FT",2026-06-02 05:20:57.487718,2026-06-02 01:20:57.487718
"CYXT",2026-06-02 04:00:00,2026-06-02,"VFR",21,2,28,270,6,32186.88,30.21,NA,"FEW  ft","METAR CYXT 020400Z 27006KT 20SM FEW210 21/02 A3021 RMK CI1 CI TR CONTRAILS SLP235 DENSITY ALT 1300FT",2026-06-02 05:20:57.533339,2026-06-02 01:20:57.533339
"CYQQ",2026-06-02 04:00:00,2026-06-02,"VFR",22,1,24,140,2,32186.88,30.06,NA,"SCT  ft","METAR CYQQ 020400Z 14002KT 20SM SCT250 22/01 A3006 RMK CI3 DENSITY ALT 864FT SLP181",2026-06-02 05:20:57.591771,2026-06-02 01:20:57.591771
"CYYC",2026-06-02 04:00:00,2026-06-02,"MVFR",7,5,87,330,22,6437.38,30.17,NA,"BKN  ft; OVC  ft","METAR CYYC 020400Z 33022G31KT 4SM -RA BR BKN014 OVC031 07/05 A3017 RMK SC5NS3 SLP248",2026-06-02 05:20:57.637039,2026-06-02 01:20:57.637039
"CYEG",2026-06-02 04:00:00,2026-06-02,"IFR",9,9,100,340,13,12874.75,30.23,NA,"OVC  ft","METAR CYEG 020400Z 34013G20KT 8SM -RA OVC006 09/09 A3023 RMK NS8 BR CIG RAG SLP256",2026-06-02 05:20:57.684584,2026-06-02 01:20:57.684584
"CYMM",2026-06-02 04:17:00,2026-06-02 00:17:00,"MVFR",11,7,76,360,12,14484.1,30.34,NA,"OVC  ft","SPECI CYMM 020417Z AUTO 36012G17KT 9SM OVC024 11/07 A3034 RMK SLP290",2026-06-02 05:20:57.731305,2026-06-02 01:20:57.731305
"CYQF",2026-06-02 04:37:00,2026-06-02 00:37:00,"MVFR",8,7,93,330,16,9656.06,30.21,NA,"BKN  ft; OVC  ft","SPECI CYQF 020437Z AUTO 33016G28KT 6SM RA BR BKN014 OVC023 08/07 A3021 RMK PCPN 1.2MM PAST HR SLP255",2026-06-02 05:20:57.777302,2026-06-02 01:20:57.777302
"CYXE",2026-06-02 04:00:00,2026-06-02,"VFR",14,7,62,120,12,24140.16,30.01,NA,"OVC  ft","METAR CYXE 020400Z 12012KT 15SM OVC048 14/07 A3001 RMK SC8 SLP170 DENSITY ALT 1900FT",2026-06-02 05:20:57.83077,2026-06-02 01:20:57.83077
"CYQR",2026-06-02 04:00:00,2026-06-02,"VFR",12,6,66,180,9,24140.16,30.04,NA,"SCT  ft; BKN  ft","METAR CYQR 020400Z 18009KT 15SM SCT063 BKN100 12/06 A3004 RMK SC3AC4 SLP185",2026-06-02 05:20:57.882329,2026-06-02 01:20:57.882329
"CYWG",2026-06-02 04:00:00,2026-06-02,"VFR",20,16,77,160,6,24140.16,30.14,NA,"BKN  ft","METAR CYWG 020400Z 16006KT 15SM BKN250 20/16 A3014 RMK CI6 SLP208 DENSITY ALT 1400FT",2026-06-02 05:20:57.925913,2026-06-02 01:20:57.925913
"CYBR",2026-06-02 04:00:00,2026-06-02,"VFR",12,9,81,60,7,14484.1,30.17,NA,NA,"METAR CYBR 020400Z AUTO 06007KT 9SM CLR 12/09 A3017 RMK PRESRR SLP227",2026-06-02 05:20:57.970116,2026-06-02 01:20:57.970116
"CYUL",2026-06-02 04:00:00,2026-06-02,"VFR",13,9,76,250,3,24140.16,30.13,NA,"FEW  ft","METAR CYUL 020400Z 25003KT 15SM FEW150 13/09 A3013 RMK AC1 AC TR SLP204",2026-06-02 05:20:58.023948,2026-06-02 01:20:58.023948
"CYHU",2026-06-02 04:00:00,2026-06-02,"VFR",12,10,87,210,2,14484.1,30.12,NA,"SCT  ft","METAR CYHU 020400Z AUTO 21002KT 9SM SCT130 12/10 A3012 RMK SLP203",2026-06-02 05:20:58.083195,2026-06-02 01:20:58.083195
"CYQB",2026-06-02 04:00:00,2026-06-02,"VFR",11,9,87,NA,2,24140.16,30.08,NA,"SCT  ft","METAR CYQB 020400Z VRB02KT 15SM SCT120 11/09 A3008 RMK AC4 SLP190",2026-06-02 05:20:58.133048,2026-06-02 01:20:58.133048
"CYVO",2026-06-02 04:00:00,2026-06-02,"VFR",13,-2,35,330,5,14484.1,30.21,NA,NA,"METAR CYVO 020400Z AUTO 33005KT 280V350 9SM CLR 13/M02 A3021 RMK SLP240",2026-06-02 05:20:58.176042,2026-06-02 01:20:58.176042
"CYUY",2026-06-02 04:00:00,2026-06-02,"VFR",14,2,44,20,5,24140.16,30.25,NA,"FEW  ft; SCT  ft","METAR CYUY 020400Z 02005KT 15SM FEW100 SCT260 14/02 A3025 RMK AC1CI3 AC TR SLP250",2026-06-02 05:20:58.21792,2026-06-02 01:20:58.21792
"CYZV",2026-06-02 04:00:00,2026-06-02,"VFR",7,5,87,100,5,24140.16,30.04,NA,"FEW  ft; SCT  ft; SCT  ft","METAR CYZV 020400Z 10005KT 15SM FEW160 SCT210 SCT240 07/05 A3004 RMK AC1CI3CI1 AC TR SLP175",2026-06-02 05:20:58.259411,2026-06-02 01:20:58.259411
"CYBC",2026-06-02 04:00:00,2026-06-02,"VFR",8,5,81,360,5,14484.1,30,NA,"SCT  ft; SCT  ft","METAR CYBC 020400Z AUTO 36005KT 9SM SCT220 SCT240 08/05 A3000 RMK SLP161",2026-06-02 05:20:58.299048,2026-06-02 01:20:58.299048
"CYRJ",2026-06-02 04:00:00,2026-06-02,"VFR",14,-2,33,310,10,40233.6,30.09,NA,"FEW  ft","METAR CYRJ 020400Z 31010KT 25SM FEW210 14/M02 A3009 RMK CI2 SLP194",2026-06-02 05:20:58.346294,2026-06-02 01:20:58.346294
"CYHZ",2026-06-02 05:00:00,2026-06-02 01:00:00,"VFR",7,3,75,230,4,20921.47,30.06,NA,"BKN  ft; BKN  ft","METAR CYHZ 020500Z 23004KT 13SM BKN087 BKN110 07/03 A3006 RMK AC6AC1 SLP184",2026-06-02 05:20:58.385361,2026-06-02 01:20:58.385361
"CYYG",2026-06-02 04:00:00,2026-06-02,"VFR",8,4,75,210,11,24140.16,30.05,NA,"OVC  ft","METAR CYYG 020400Z 21011KT 15SM -SHRA OVC060 08/04 A3005 RMK SC8 CVCTV CLD EMBD SLP178",2026-06-02 05:20:58.425333,2026-06-02 01:20:58.425333
"CYQM",2026-06-02 04:00:00,2026-06-02,"VFR",10,3,61,230,8,24140.16,30.02,NA,"BKN  ft; BKN  ft","METAR CYQM 020400Z 23008KT 15SM BKN045 BKN085 10/03 A3002 RMK SC5AC2 SLP168",2026-06-02 05:20:58.465766,2026-06-02 01:20:58.465766
"CYFC",2026-06-02 04:00:00,2026-06-02,"VFR",10,3,61,190,8,14484.1,30.04,NA,"FEW  ft","METAR CYFC 020400Z AUTO 19008KT 9SM FEW110 10/03 A3004 RMK SLP173",2026-06-02 05:20:58.504229,2026-06-02 01:20:58.504229
"CYYT",2026-06-02 04:49:00,2026-06-02 00:49:00,"MVFR",2,2,100,310,13,9656.06,29.92,NA,"OVC  ft","SPECI CYYT 020449Z 31013G18KT 6SM -DZ BR OVC010 02/02 A2992 RMK ST8 SLP141",2026-06-02 05:20:58.585812,2026-06-02 01:20:58.585812
"CYQY",2026-06-02 04:00:00,2026-06-02,"VFR",0,-1,92,270,3,24140.16,30.07,NA,"BKN  ft","METAR CYQY 020400Z 27003KT 15SM BKN220 M00/M01 A3007 RMK CS7 SLP188",2026-06-02 05:20:58.632439,2026-06-02 01:20:58.632439
"CYXY",2026-06-02 04:00:00,2026-06-02,"VFR",17,-6,20,160,7,64373.76,30.34,NA,"FEW  ft","METAR CYXY 020400Z 16007KT 40SM FEW260 17/M06 A3034 RMK CI2 SLP297 DENSITY ALT 2600FT",2026-06-02 05:20:58.673993,2026-06-02 01:20:58.673993
"CYZF",2026-06-02 04:00:00,2026-06-02,"VFR",11,3,57,170,6,24140.16,30.44,NA,"FEW  ft; FEW  ft","METAR CYZF 020400Z 17006KT 15SM FEW060 FEW120 11/03 A3044 RMK SC1AC1 AC TR SLP319",2026-06-02 05:20:58.715124,2026-06-02 01:20:58.715124
"CYFB",2026-06-02 04:00:00,2026-06-02,"IFR",1,0,93,320,15,48280.32,30.05,NA,"OVC  ft","METAR CYFB 020400Z 32015G22KT 30SM OVC008 01/00 A3005 RMK ST8 CIG RAG SLP179",2026-06-02 05:20:58.757999,2026-06-02 01:20:58.757999
"CYRT",2026-06-02 04:25:00,2026-06-02 00:25:00,"VFR",4,4,100,360,13,9999,30.11,NA,"FEW  ft; SCT  ft; BKN  ft; OVC  ft","SPECI CYRT 020425Z 36013KT 10SM -SHRA FEW028 SCT042 BKN081 OVC110 04/04 A3011 RMK SC2SC1AC2AC3 ACC EMBD PRESFR SLP200",2026-06-02 05:20:58.804693,2026-06-02 01:20:58.804693
"CYBK",2026-06-02 04:00:00,2026-06-02,"VFR",3,3,100,340,8,40233.6,30.3,NA,"FEW  ft; BKN  ft; BKN  ft","METAR CYBK 020400Z 34008KT 25SM FEW006 BKN048 BKN063 03/03 A3030 RMK SC1SC5SC2 SC TR SLP264",2026-06-02 05:20:58.844432,2026-06-02 01:20:58.844432
"CYRB",2026-06-02 04:00:00,2026-06-02,"MVFR",-6,-7,92,280,12,40233.6,30.08,NA,"OVC  ft","METAR CYRB 020400Z 28012G18KT 25SM OVC014 M06/M07 A3008 RMK ST8 SLP197",2026-06-02 05:20:58.885768,2026-06-02 01:20:58.885768
"CYCO",2026-06-02 04:00:00,2026-06-02,"VFR",11,5,66,60,3,24140.16,30.38,NA,"FEW  ft; FEW  ft","METAR CYCO 020400Z 06003KT 010V070 15SM FEW024 FEW350 11/05 A3038 RMK CU1CI1 CU TR CI TR SLP290",2026-06-02 05:20:58.927719,2026-06-02 01:20:58.927719
"CYER",2026-06-02 04:00:00,2026-06-02,"VFR",5,4,93,100,4,14484.1,30.3,NA,"FEW  ft","METAR CYER 020400Z AUTO 10004KT 9SM FEW240 05/04 A3030 RMK SLP264",2026-06-02 06:02:25.62282,2026-06-02 02:02:25.62282
"CYAT",2026-06-02 04:00:00,2026-06-02,"VFR",5,3,86,70,2,14484.1,30.39,NA,NA,"METAR CYAT 020400Z AUTO 07002KT 9SM CLR 05/03 A3039 RMK SLP294",2026-06-02 06:02:25.66519,2026-06-02 02:02:25.66519
"CYMO",2026-06-02 04:00:00,2026-06-02,"VFR",6,3,81,310,3,14484.1,30.34,NA,NA,"METAR CYMO 020400Z AUTO 31003KT 9SM CLR 06/03 A3034 RMK SLP276",2026-06-02 06:02:25.69791,2026-06-02 02:02:25.69791
"CYPL",2026-06-02 04:00:00,2026-06-02,"VFR",16,4,44,130,7,14484.1,30.28,NA,NA,"METAR CYPL 020400Z AUTO 13007KT 9SM CLR 16/04 A3028 RMK SLP260",2026-06-02 06:02:25.739131,2026-06-02 02:02:25.739131
"CYQT",2026-06-02 04:00:00,2026-06-02,"VFR",9,5,76,260,3,24140.16,30.3,NA,"FEW  ft","METAR CYQT 020400Z 26003KT 15SM FEW250 09/05 A3030 RMK CI1 SLP268",2026-06-02 06:02:25.773285,2026-06-02 02:02:25.773285
"CYAM",2026-06-02 04:00:00,2026-06-02,"VFR",9,5,76,0,0,32186.88,30.28,NA,NA,"METAR CYAM 020400Z 00000KT 20SM SKC 09/05 A3028 RMK SLP259",2026-06-02 06:02:25.805883,2026-06-02 02:02:25.805883
"CYTS",2026-06-02 04:00:00,2026-06-02,"VFR",12,2,50,30,7,24140.16,30.3,NA,"SCT  ft","METAR CYTS 020400Z 03007KT 15SM SCT250 12/02 A3030 RMK CI4 SLP267",2026-06-02 06:02:25.840549,2026-06-02 02:02:25.840549
"CYSB",2026-06-02 04:00:00,2026-06-02,"VFR",16,1,36,360,5,24140.16,30.24,NA,"FEW  ft","METAR CYSB 020400Z 36005KT 15SM FEW100 16/01 A3024 RMK AC2 SLP246",2026-06-02 06:02:25.870896,2026-06-02 02:02:25.870896
"CYYB",2026-06-02 04:00:00,2026-06-02,"VFR",14,1,41,10,5,14484.1,30.22,NA,NA,"METAR CYYB 020400Z AUTO 01005KT 9SM CLR 14/01 A3022 RMK SLP239",2026-06-02 06:02:25.911633,2026-06-02 02:02:25.911633
"CYOW",2026-06-02 04:00:00,2026-06-02,"VFR",13,5,58,280,3,24140.16,30.17,NA,"FEW  ft","METAR CYOW 020400Z 28003KT 15SM FEW130 13/05 A3017 RMK AC1 AC TR SLP218",2026-06-02 06:02:25.944584,2026-06-02 02:02:25.944584
"CYGK",2026-06-02 03:00:00,2026-06-01 23:00:00,"VFR",13,4,54,0,0,24140.16,30.18,NA,"FEW  ft","METAR CYGK 020300Z 00000KT 15SM FEW090 13/04 A3018 RMK AC1 LAST STFD OBS / NXT 021000Z SLP224",2026-06-02 06:02:25.978109,2026-06-02 02:02:25.978109
"CYQG",2026-06-02 04:00:00,2026-06-02,"VFR",13,6,62,40,5,14484.1,30.2,NA,NA,"METAR CYQG 020400Z AUTO 04005KT 9SM CLR 13/06 A3020 RMK SLP229",2026-06-02 06:02:26.006296,2026-06-02 02:02:26.006296
"CYVV",2026-06-02 04:00:00,2026-06-02,"VFR",8,6,87,NA,2,24140.16,30.23,NA,NA,"METAR CYVV 020400Z VRB02KT 15SM SKC 08/06 A3023 RMK SLP244",2026-06-02 06:02:26.035644,2026-06-02 02:02:26.035644
"CYYZ",2026-06-02 04:00:00,2026-06-02,"VFR",15,6,54,350,5,24140.16,30.22,NA,"FEW  ft","METAR CYYZ 020400Z 35005KT 15SM FEW075 15/06 A3022 RMK AC1 AC TR SLP235",2026-06-02 06:02:26.075869,2026-06-02 02:02:26.075869
"CYQA",2026-06-02 04:00:00,2026-06-02,"VFR",8,7,93,0,0,14484.1,30.21,NA,"FEW  ft","METAR CYQA 020400Z AUTO 00000KT 9SM FEW120 08/07 A3021 RMK SLP235",2026-06-02 06:02:26.401752,2026-06-02 02:02:26.401752
"CYVR",2026-06-02 04:00:00,2026-06-02,"VFR",18,9,55,310,9,32186.88,30.05,NA,"FEW  ft; BKN  ft","METAR CYVR 020400Z 31009KT 20SM FEW200 BKN240 18/09 A3005 RMK CS2CI5 SLP178",2026-06-02 06:02:26.436573,2026-06-02 02:02:26.436573
"CYYJ",2026-06-02 04:00:00,2026-06-02,"VFR",19,6,42,100,3,48280.32,30.06,NA,"FEW  ft; SCT  ft","METAR CYYJ 020400Z 10003KT 30SM FEW180 SCT240 19/06 A3006 RMK AC1CI3 SLP182 DENSITY ALT 400FT",2026-06-02 06:02:26.465887,2026-06-02 02:02:26.465887
"CYLW",2026-06-02 04:00:00,2026-06-02,"VFR",15,7,58,30,6,14484.1,30.2,NA,NA,"METAR CYLW 020400Z AUTO 03006KT 9SM CLR 15/07 A3020 RMK SLP232",2026-06-02 06:02:26.494944,2026-06-02 02:02:26.494944
"CYXS",2026-06-02 04:00:00,2026-06-02,"VFR",18,-2,25,50,8,14484.1,30.26,NA,NA,"METAR CYXS 020400Z AUTO 05008KT 9SM CLR 18/M02 A3026 RMK SLP259 DENSITY ALT 2900FT",2026-06-02 06:02:26.522387,2026-06-02 02:02:26.522387
"CYXT",2026-06-02 04:00:00,2026-06-02,"VFR",21,2,28,270,6,32186.88,30.21,NA,"FEW  ft","METAR CYXT 020400Z 27006KT 20SM FEW210 21/02 A3021 RMK CI1 CI TR CONTRAILS SLP235 DENSITY ALT 1300FT",2026-06-02 06:02:26.552785,2026-06-02 02:02:26.552785
"CYQQ",2026-06-02 04:00:00,2026-06-02,"VFR",22,1,24,140,2,32186.88,30.06,NA,"SCT  ft","METAR CYQQ 020400Z 14002KT 20SM SCT250 22/01 A3006 RMK CI3 DENSITY ALT 864FT SLP181",2026-06-02 06:02:26.587689,2026-06-02 02:02:26.587689
"CYYC",2026-06-02 04:00:00,2026-06-02,"MVFR",7,5,87,330,22,6437.38,30.17,NA,"BKN  ft; OVC  ft","METAR CYYC 020400Z 33022G31KT 4SM -RA BR BKN014 OVC031 07/05 A3017 RMK SC5NS3 SLP248",2026-06-02 06:02:26.621402,2026-06-02 02:02:26.621402
"CYEG",2026-06-02 05:31:00,2026-06-02 01:31:00,"MVFR",10,9,93,10,17,24140.16,30.23,NA,"OVC  ft","SPECI CYEG 020531Z 01017G23KT 15SM -RA OVC012 10/09 A3023 RMK NS8 CIG RAG SLP256",2026-06-02 06:02:26.652317,2026-06-02 02:02:26.652317
"CYMM",2026-06-02 04:17:00,2026-06-02 00:17:00,"MVFR",11,7,76,360,12,14484.1,30.34,NA,"OVC  ft","SPECI CYMM 020417Z AUTO 36012G17KT 9SM OVC024 11/07 A3034 RMK SLP290",2026-06-02 06:02:26.686669,2026-06-02 02:02:26.686669
"CYQF",2026-06-02 05:28:00,2026-06-02 01:28:00,"MVFR",8,7,93,330,16,9656.06,30.22,NA,"BKN  ft; OVC  ft","SPECI CYQF 020528Z AUTO 33016G23KT 6SM -RA BR BKN012 OVC018 08/07 A3022 RMK PCPN 1.5MM PAST HR SLP260",2026-06-02 06:02:26.716054,2026-06-02 02:02:26.716054
"CYXE",2026-06-02 04:00:00,2026-06-02,"VFR",14,7,62,120,12,24140.16,30.01,NA,"OVC  ft","METAR CYXE 020400Z 12012KT 15SM OVC048 14/07 A3001 RMK SC8 SLP170 DENSITY ALT 1900FT",2026-06-02 06:02:26.750379,2026-06-02 02:02:26.750379
"CYQR",2026-06-02 04:00:00,2026-06-02,"VFR",12,6,66,180,9,24140.16,30.04,NA,"SCT  ft; BKN  ft","METAR CYQR 020400Z 18009KT 15SM SCT063 BKN100 12/06 A3004 RMK SC3AC4 SLP185",2026-06-02 06:02:26.791575,2026-06-02 02:02:26.791575
"CYWG",2026-06-02 04:00:00,2026-06-02,"VFR",20,16,77,160,6,24140.16,30.14,NA,"BKN  ft","METAR CYWG 020400Z 16006KT 15SM BKN250 20/16 A3014 RMK CI6 SLP208 DENSITY ALT 1400FT",2026-06-02 06:02:26.827632,2026-06-02 02:02:26.827632
"CYBR",2026-06-02 04:00:00,2026-06-02,"VFR",12,9,81,60,7,14484.1,30.17,NA,NA,"METAR CYBR 020400Z AUTO 06007KT 9SM CLR 12/09 A3017 RMK PRESRR SLP227",2026-06-02 06:02:26.863496,2026-06-02 02:02:26.863496
"CYUL",2026-06-02 04:00:00,2026-06-02,"VFR",13,9,76,250,3,24140.16,30.13,NA,"FEW  ft","METAR CYUL 020400Z 25003KT 15SM FEW150 13/09 A3013 RMK AC1 AC TR SLP204",2026-06-02 06:02:26.894547,2026-06-02 02:02:26.894547
"CYHU",2026-06-02 04:00:00,2026-06-02,"VFR",12,10,87,210,2,14484.1,30.12,NA,"SCT  ft","METAR CYHU 020400Z AUTO 21002KT 9SM SCT130 12/10 A3012 RMK SLP203",2026-06-02 06:02:26.926821,2026-06-02 02:02:26.926821
"CYQB",2026-06-02 04:00:00,2026-06-02,"VFR",11,9,87,NA,2,24140.16,30.08,NA,"SCT  ft","METAR CYQB 020400Z VRB02KT 15SM SCT120 11/09 A3008 RMK AC4 SLP190",2026-06-02 06:02:26.958173,2026-06-02 02:02:26.958173
"CYVO",2026-06-02 04:00:00,2026-06-02,"VFR",13,-2,35,330,5,14484.1,30.21,NA,NA,"METAR CYVO 020400Z AUTO 33005KT 280V350 9SM CLR 13/M02 A3021 RMK SLP240",2026-06-02 06:02:26.991191,2026-06-02 02:02:26.991191
"CYUY",2026-06-02 04:00:00,2026-06-02,"VFR",14,2,44,20,5,24140.16,30.25,NA,"FEW  ft; SCT  ft","METAR CYUY 020400Z 02005KT 15SM FEW100 SCT260 14/02 A3025 RMK AC1CI3 AC TR SLP250",2026-06-02 06:02:27.02747,2026-06-02 02:02:27.02747
"CYZV",2026-06-02 04:00:00,2026-06-02,"VFR",7,5,87,100,5,24140.16,30.04,NA,"FEW  ft; SCT  ft; SCT  ft","METAR CYZV 020400Z 10005KT 15SM FEW160 SCT210 SCT240 07/05 A3004 RMK AC1CI3CI1 AC TR SLP175",2026-06-02 06:02:27.060971,2026-06-02 02:02:27.060971
"CYBC",2026-06-02 04:00:00,2026-06-02,"VFR",8,5,81,360,5,14484.1,30,NA,"SCT  ft; SCT  ft","METAR CYBC 020400Z AUTO 36005KT 9SM SCT220 SCT240 08/05 A3000 RMK SLP161",2026-06-02 06:02:27.094419,2026-06-02 02:02:27.094419
"CYRJ",2026-06-02 04:00:00,2026-06-02,"VFR",14,-2,33,310,10,40233.6,30.09,NA,"FEW  ft","METAR CYRJ 020400Z 31010KT 25SM FEW210 14/M02 A3009 RMK CI2 SLP194",2026-06-02 06:02:27.131044,2026-06-02 02:02:27.131044
"CYHZ",2026-06-02 05:00:00,2026-06-02 01:00:00,"VFR",7,3,75,230,4,20921.47,30.06,NA,"BKN  ft; BKN  ft","METAR CYHZ 020500Z 23004KT 13SM BKN087 BKN110 07/03 A3006 RMK AC6AC1 SLP184",2026-06-02 06:02:27.164653,2026-06-02 02:02:27.164653
"CYYG",2026-06-02 05:48:00,2026-06-02 01:48:00,"VFR",8,5,81,0,0,24140.16,30.03,NA,"OVC  ft","SPECI CYYG 020548Z 00000KT 15SM -SHRA OVC062 08/05 A3003 RMK SC8 CVCTV CLS EMBD SLP174",2026-06-02 06:02:27.197047,2026-06-02 02:02:27.197047
"CYQM",2026-06-02 04:00:00,2026-06-02,"VFR",10,3,61,230,8,24140.16,30.02,NA,"BKN  ft; BKN  ft","METAR CYQM 020400Z 23008KT 15SM BKN045 BKN085 10/03 A3002 RMK SC5AC2 SLP168",2026-06-02 06:02:27.227886,2026-06-02 02:02:27.227886
"CYFC",2026-06-02 04:00:00,2026-06-02,"VFR",10,3,61,190,8,14484.1,30.04,NA,"FEW  ft","METAR CYFC 020400Z AUTO 19008KT 9SM FEW110 10/03 A3004 RMK SLP173",2026-06-02 06:02:27.258571,2026-06-02 02:02:27.258571
"CYYT",2026-06-02 04:49:00,2026-06-02 00:49:00,"MVFR",2,2,100,310,13,9656.06,29.92,NA,"OVC  ft","SPECI CYYT 020449Z 31013G18KT 6SM -DZ BR OVC010 02/02 A2992 RMK ST8 SLP141",2026-06-02 06:02:27.320363,2026-06-02 02:02:27.320363
"CYQY",2026-06-02 04:00:00,2026-06-02,"VFR",0,-1,92,270,3,24140.16,30.07,NA,"BKN  ft","METAR CYQY 020400Z 27003KT 15SM BKN220 M00/M01 A3007 RMK CS7 SLP188",2026-06-02 06:02:27.359286,2026-06-02 02:02:27.359286
"CYXY",2026-06-02 04:00:00,2026-06-02,"VFR",17,-6,20,160,7,64373.76,30.34,NA,"FEW  ft","METAR CYXY 020400Z 16007KT 40SM FEW260 17/M06 A3034 RMK CI2 SLP297 DENSITY ALT 2600FT",2026-06-02 06:02:27.391724,2026-06-02 02:02:27.391724
"CYZF",2026-06-02 04:00:00,2026-06-02,"VFR",11,3,57,170,6,24140.16,30.44,NA,"FEW  ft; FEW  ft","METAR CYZF 020400Z 17006KT 15SM FEW060 FEW120 11/03 A3044 RMK SC1AC1 AC TR SLP319",2026-06-02 06:02:27.421813,2026-06-02 02:02:27.421813
"CYFB",2026-06-02 04:00:00,2026-06-02,"IFR",1,0,93,320,15,48280.32,30.05,NA,"OVC  ft","METAR CYFB 020400Z 32015G22KT 30SM OVC008 01/00 A3005 RMK ST8 CIG RAG SLP179",2026-06-02 06:02:27.450892,2026-06-02 02:02:27.450892
"CYRT",2026-06-02 04:25:00,2026-06-02 00:25:00,"VFR",4,4,100,360,13,9999,30.11,NA,"FEW  ft; SCT  ft; BKN  ft; OVC  ft","SPECI CYRT 020425Z 36013KT 10SM -SHRA FEW028 SCT042 BKN081 OVC110 04/04 A3011 RMK SC2SC1AC2AC3 ACC EMBD PRESFR SLP200",2026-06-02 06:02:27.485672,2026-06-02 02:02:27.485672
"CYBK",2026-06-02 04:00:00,2026-06-02,"VFR",3,3,100,340,8,40233.6,30.3,NA,"FEW  ft; BKN  ft; BKN  ft","METAR CYBK 020400Z 34008KT 25SM FEW006 BKN048 BKN063 03/03 A3030 RMK SC1SC5SC2 SC TR SLP264",2026-06-02 06:02:27.514983,2026-06-02 02:02:27.514983
"CYRB",2026-06-02 04:00:00,2026-06-02,"MVFR",-6,-7,92,280,12,40233.6,30.08,NA,"OVC  ft","METAR CYRB 020400Z 28012G18KT 25SM OVC014 M06/M07 A3008 RMK ST8 SLP197",2026-06-02 06:02:27.54339,2026-06-02 02:02:27.54339
"CYCO",2026-06-02 04:00:00,2026-06-02,"VFR",11,5,66,60,3,24140.16,30.38,NA,"FEW  ft; FEW  ft","METAR CYCO 020400Z 06003KT 010V070 15SM FEW024 FEW350 11/05 A3038 RMK CU1CI1 CU TR CI TR SLP290",2026-06-02 06:02:27.579236,2026-06-02 02:02:27.579236
"CYER",2026-06-02 10:00:00,2026-06-02 06:00:00,"VFR",7,5,87,200,7,14484.1,30.24,NA,"SCT  ft","METAR CYER 021000Z AUTO 20007KT 9SM SCT250 07/05 A3024 RMK SLP244",2026-06-02 10:56:20.586911,2026-06-02 06:56:20.586911
"CYAT",2026-06-02 10:15:00,2026-06-02 06:15:00,"MVFR",2,2,100,0,0,4828.03,30.39,NA,NA,"SPECI CYAT 021015Z AUTO 00000KT 3SM BR CLR 02/02 A3039 RMK SLP295",2026-06-02 10:56:20.632732,2026-06-02 06:56:20.632732
"CYMO",2026-06-02 10:00:00,2026-06-02 06:00:00,"VFR",4,3,93,320,4,14484.1,30.35,NA,NA,"METAR CYMO 021000Z AUTO 32004KT 9SM CLR 04/03 A3035 RMK SLP281",2026-06-02 10:56:20.674917,2026-06-02 06:56:20.674917
"CYPL",2026-06-02 10:00:00,2026-06-02 06:00:00,"VFR",11,2,53,160,7,14484.1,30.3,NA,NA,"METAR CYPL 021000Z AUTO 16007KT 9SM CLR 11/02 A3030 RMK SLP269",2026-06-02 10:56:20.723413,2026-06-02 06:56:20.723413
"CYQT",2026-06-02 10:00:00,2026-06-02 06:00:00,"VFR",4,3,93,240,4,32186.88,30.36,NA,"FEW  ft","METAR CYQT 021000Z 24004KT 20SM FEW250 04/03 A3036 RMK CI1 SLP288",2026-06-02 10:56:20.773346,2026-06-02 06:56:20.773346
"CYAM",2026-06-02 10:00:00,2026-06-02 06:00:00,"VFR",7,6,93,300,4,24140.16,30.33,NA,"FEW  ft","METAR CYAM 021000Z 30004KT 15SM MIFG FEW240 07/06 A3033 RMK CI2 MIFG SE-S SLP275",2026-06-02 10:56:20.810916,2026-06-02 06:56:20.810916
"CYTS",2026-06-02 10:00:00,2026-06-02 06:00:00,"VFR",2,1,93,290,3,24140.16,30.35,NA,"SCT  ft","METAR CYTS 021000Z 29003KT 15SM SCT250 02/01 A3035 RMK CI4 SLP287",2026-06-02 10:56:20.849982,2026-06-02 06:56:20.849982
"CYSB",2026-06-02 10:00:00,2026-06-02 06:00:00,"VFR",10,3,61,20,7,32186.88,30.3,NA,"SCT  ft","METAR CYSB 021000Z 02007KT 20SM SCT250 10/03 A3030 RMK CI4 SLP266",2026-06-02 10:56:20.887575,2026-06-02 06:56:20.887575
"CYYB",2026-06-02 10:00:00,2026-06-02 06:00:00,"VFR",12,2,50,30,8,14484.1,30.27,NA,NA,"METAR CYYB 021000Z AUTO 03008KT 9SM CLR 12/02 A3027 RMK SLP254",2026-06-02 10:56:20.924704,2026-06-02 06:56:20.924704
"CYOW",2026-06-02 10:00:00,2026-06-02 06:00:00,"VFR",9,7,87,280,4,24140.16,30.17,NA,"SCT  ft","METAR CYOW 021000Z 28004KT 15SM SCT230 09/07 A3017 RMK CI3 CONTRAIL SLP222",2026-06-02 10:56:20.965107,2026-06-02 06:56:20.965107
"CYGK",2026-06-02 10:00:00,2026-06-02 06:00:00,"VFR",8,6,87,330,4,24140.16,30.22,NA,"FEW  ft; FEW  ft","METAR CYGK 021000Z 33004KT 15SM FEW040 FEW220 08/06 A3022 RMK SC1CI1 SC TR SLP235",2026-06-02 10:56:21.005841,2026-06-02 06:56:21.005841
"CYQG",2026-06-02 10:00:00,2026-06-02 06:00:00,"VFR",11,7,76,360,6,14484.1,30.27,NA,NA,"METAR CYQG 021000Z AUTO 36006KT 9SM CLR 11/07 A3027 RMK SLP251",2026-06-02 10:56:21.044873,2026-06-02 06:56:21.044873
"CYVV",2026-06-02 10:00:00,2026-06-02 06:00:00,"VFR",6,6,100,150,3,24140.16,30.28,NA,"FEW  ft","METAR CYVV 021000Z 15003KT 15SM FEW250 06/06 A3028 RMK CI1 SLP259",2026-06-02 10:56:21.099552,2026-06-02 06:56:21.099552
"CYYZ",2026-06-02 10:00:00,2026-06-02 06:00:00,"VFR",12,5,62,350,5,24140.16,30.24,NA,"FEW  ft","METAR CYYZ 021000Z 35005KT 15SM FEW220 12/05 A3024 RMK CI1 CI TR SLP245",2026-06-02 10:56:21.146107,2026-06-02 06:56:21.146107
"CYQA",2026-06-02 10:00:00,2026-06-02 06:00:00,"VFR",3,3,100,0,0,14484.1,30.24,NA,NA,"METAR CYQA 021000Z AUTO 00000KT 9SM CLR 03/03 A3024 RMK SLP248",2026-06-02 10:56:21.193674,2026-06-02 06:56:21.193674
"CYVR",2026-06-02 10:00:00,2026-06-02 06:00:00,"VFR",15,10,72,330,3,32186.88,30.06,NA,"BKN  ft","METAR CYVR 021000Z 33003KT 20SM BKN240 15/10 A3006 RMK CI6 SLP181",2026-06-02 10:56:21.227118,2026-06-02 06:56:21.227118
"CYYJ",2026-06-02 10:00:00,2026-06-02 06:00:00,"VFR",14,7,62,250,6,32186.88,30.06,NA,"FEW  ft","METAR CYYJ 021000Z 25006KT 20SM FEW100 14/07 A3006 RMK AC1 AC TR SLP180",2026-06-02 10:56:21.26476,2026-06-02 06:56:21.26476
"CYLW",2026-06-02 10:00:00,2026-06-02 06:00:00,"VFR",6,5,93,0,0,14484.1,30.18,NA,NA,"METAR CYLW 021000Z AUTO 00000KT 9SM CLR 06/05 A3018 RMK SLP227",2026-06-02 10:56:21.298161,2026-06-02 06:56:21.298161
"CYXS",2026-06-02 10:00:00,2026-06-02 06:00:00,"VFR",11,-3,37,50,7,14484.1,30.24,NA,"BKN  ft; OVC  ft","METAR CYXS 021000Z AUTO 05007KT 9SM BKN210 OVC230 11/M03 A3024 RMK SLP250",2026-06-02 10:56:21.329105,2026-06-02 06:56:21.329105
"CYXT",2026-06-02 10:00:00,2026-06-02 06:00:00,"VFR",13,2,47,10,12,32186.88,30.21,NA,NA,"METAR CYXT 021000Z 01012G22KT 20SM SKC 13/02 A3021 RMK SLP233",2026-06-02 10:56:21.361629,2026-06-02 06:56:21.361629
"CYQQ",2026-06-02 10:00:00,2026-06-02 06:00:00,"VFR",14,2,44,280,3,32186.88,30.08,NA,"FEW  ft","METAR CYQQ 021000Z 28003KT 20SM FEW250 14/02 A3008 RMK CI2 DENSITY ALT -59FT SLP188",2026-06-02 10:56:21.398988,2026-06-02 06:56:21.398988
"CYYC",2026-06-02 10:00:00,2026-06-02 06:00:00,"MVFR",7,5,87,340,21,9999,30.13,NA,"BKN  ft; OVC  ft","METAR CYYC 021000Z 34021G31KT 10SM BKN014 OVC032 07/05 A3013 RMK SC7NS1 SLP235",2026-06-02 10:56:21.434899,2026-06-02 06:56:21.434899
"CYEG",2026-06-02 10:53:00,2026-06-02 06:53:00,"IFR",8,8,100,340,10,9999,30.19,NA,"OVC  ft","SPECI CYEG 021053Z 34010G16KT 10SM SHRA OVC007 08/08 A3019 RMK NS8 BR CVCTV CLD EMBD SLP241",2026-06-02 10:56:21.470949,2026-06-02 06:56:21.470949
"CYMM",2026-06-02 10:00:00,2026-06-02 06:00:00,"MVFR",9,6,81,20,8,14484.1,30.33,NA,"OVC  ft","METAR CYMM 021000Z AUTO 02008KT 9SM OVC020 09/06 A3033 RMK SLP284",2026-06-02 10:56:21.50654,2026-06-02 06:56:21.50654
"CYQF",2026-06-02 10:52:00,2026-06-02 06:52:00,"IFR",8,7,93,340,14,2414.02,30.18,NA,"BKN  ft; OVC  ft","SPECI CYQF 021052Z AUTO 34014G21KT 1 1/2SM -RA BR BKN007 OVC011 08/07 A3018 RMK SLP246",2026-06-02 10:56:21.547781,2026-06-02 06:56:21.547781
"CYXE",2026-06-02 10:00:00,2026-06-02 06:00:00,"VFR",11,8,81,100,11,24140.16,30.02,NA,"BKN  ft; BKN  ft","METAR CYXE 021000Z 10011KT 15SM BKN057 BKN092 11/08 A3002 RMK SC5AC2 SLP176",2026-06-02 10:56:21.590123,2026-06-02 06:56:21.590123
"CYQR",2026-06-02 10:00:00,2026-06-02 06:00:00,"VFR",8,5,81,130,9,24140.16,30.04,NA,"FEW  ft; BKN  ft","METAR CYQR 021000Z 13009KT 15SM FEW120 BKN230 08/05 A3004 RMK AC2CI3 SLP189",2026-06-02 10:56:21.636658,2026-06-02 06:56:21.636658
"CYWG",2026-06-02 10:00:00,2026-06-02 06:00:00,"VFR",16,12,77,50,5,20921.47,30.2,NA,"FEW  ft; SCT  ft; BKN  ft","METAR CYWG 021000Z 05005KT 13SM FEW048TCU SCT150 BKN250 16/12 A3020 RMK TCU1AC4CI2 SLP230",2026-06-02 10:56:21.671983,2026-06-02 06:56:21.671983
"CYBR",2026-06-02 10:00:00,2026-06-02 06:00:00,"VFR",9,8,93,110,5,14484.1,30.19,NA,NA,"METAR CYBR 021000Z AUTO 11005KT 060V130 9SM CLR 09/08 A3019 RMK SLP235",2026-06-02 10:56:21.706062,2026-06-02 06:56:21.706062
"CYUL",2026-06-02 10:00:00,2026-06-02 06:00:00,"VFR",11,7,76,220,3,48280.32,30.14,NA,"FEW  ft; SCT  ft","METAR CYUL 021000Z 22003KT 30SM FEW150 SCT250 11/07 A3014 RMK AC1CI2 SLP208",2026-06-02 10:56:21.742325,2026-06-02 06:56:21.742325
"CYHU",2026-06-02 10:00:00,2026-06-02 06:00:00,"VFR",9,8,93,220,3,14484.1,30.13,NA,NA,"METAR CYHU 021000Z AUTO 22003KT 9SM CLR 09/08 A3013 RMK SLP206",2026-06-02 10:56:21.778948,2026-06-02 06:56:21.778948
"CYQB",2026-06-02 10:00:00,2026-06-02 06:00:00,"VFR",8,7,93,230,4,48280.32,30.07,NA,"BKN  ft","METAR CYQB 021000Z 23004KT 30SM BKN220 08/07 A3007 RMK CI7 SLP187",2026-06-02 10:56:21.814281,2026-06-02 06:56:21.814281
"CYVO",2026-06-02 10:00:00,2026-06-02 06:00:00,"VFR",9,4,70,290,6,24140.16,30.26,NA,"BKN  ft","METAR CYVO 021000Z 29006KT 15SM BKN270 09/04 A3026 RMK CI7 SLP257",2026-06-02 10:56:21.849034,2026-06-02 06:56:21.849034
"CYUY",2026-06-02 10:00:00,2026-06-02 06:00:00,"VFR",4,1,80,0,0,24140.16,30.29,NA,"BKN  ft","METAR CYUY 021000Z 00000KT 15SM BKN260 04/01 A3029 RMK CI7 SLP267",2026-06-02 10:56:21.888625,2026-06-02 06:56:21.888625
"CYZV",2026-06-02 10:00:00,2026-06-02 06:00:00,"VFR",5,2,80,340,3,48280.32,30.03,NA,"FEW  ft; FEW  ft; BKN  ft; BKN  ft; OVC  ft","METAR CYZV 021000Z 34003KT 250V020 30SM FEW074 FEW093 BKN110 BKN140 OVC220 05/02 A3003 RMK AC1AC2AC4AC1CI1 AC TR SLP173",2026-06-02 10:56:21.92367,2026-06-02 06:56:21.92367
"CYBC",2026-06-02 10:00:00,2026-06-02 06:00:00,"VFR",9,3,66,330,5,14484.1,30.03,NA,"SCT  ft; SCT  ft; SCT  ft","METAR CYBC 021000Z AUTO 33005KT 9SM SCT140 SCT160 SCT190 09/03 A3003 RMK SLP171",2026-06-02 10:56:21.960491,2026-06-02 06:56:21.960491
"CYRJ",2026-06-02 10:00:00,2026-06-02 06:00:00,"VFR",11,0,46,290,9,64373.76,30.13,NA,"SCT  ft; BKN  ft","METAR CYRJ 021000Z 29009KT 40SM SCT160 BKN230 11/00 A3013 RMK AC4CI3 SLP206",2026-06-02 10:56:22.000144,2026-06-02 06:56:22.000144
"CYHZ",2026-06-02 10:36:00,2026-06-02 06:36:00,"VFR",8,7,93,220,5,24140.16,30.05,NA,"FEW  ft; SCT  ft; BKN  ft; BKN  ft","SPECI CYHZ 021036Z 22005KT 15SM FEW070 SCT120 BKN240 BKN260 08/07 A3005 RMK ACC2AC2CI2CI1 SLP180",2026-06-02 10:56:22.036404,2026-06-02 06:56:22.036404
"CYYG",2026-06-02 10:00:00,2026-06-02 06:00:00,"VFR",9,5,76,190,12,24140.16,29.99,NA,"BKN  ft; OVC  ft","METAR CYYG 021000Z 19012KT 15SM BKN064 OVC100 09/05 A2999 RMK SC5AC3 SLP160",2026-06-02 10:56:22.070944,2026-06-02 06:56:22.070944
"CYQM",2026-06-02 10:00:00,2026-06-02 06:00:00,"VFR",8,4,75,210,7,24140.16,29.97,NA,"FEW  ft; BKN  ft; BKN  ft","METAR CYQM 021000Z 21007KT 15SM FEW015 BKN099 BKN260 08/04 A2997 RMK SC2AC3CI2 SH E-SE SLP153",2026-06-02 10:56:22.110409,2026-06-02 06:56:22.110409
"CYFC",2026-06-02 10:00:00,2026-06-02 06:00:00,"VFR",6,4,87,200,5,14484.1,30,NA,"BKN  ft","METAR CYFC 021000Z AUTO 20005KT 9SM BKN130 06/04 A3000 RMK SLP162",2026-06-02 10:56:22.16225,2026-06-02 06:56:22.16225
"CYYT",2026-06-02 10:28:00,2026-06-02 06:28:00,"MVFR",2,1,93,310,9,24140.16,30.04,NA,"BKN  ft; BKN  ft; BKN  ft","SPECI CYYT 021028Z 31009KT 15SM BKN010 BKN020 BKN220 02/01 A3004 RMK SF5SC2CI1 CI TR SLP181",2026-06-02 10:56:22.214898,2026-06-02 06:56:22.214898
"CYQY",2026-06-02 10:00:00,2026-06-02 06:00:00,"VFR",5,1,75,190,2,24140.16,30.08,NA,"BKN  ft","METAR CYQY 021000Z 19002KT 15SM BKN096 05/01 A3008 RMK AC7 SLP189",2026-06-02 10:56:22.250614,2026-06-02 06:56:22.250614
"CYXY",2026-06-02 10:00:00,2026-06-02 06:00:00,"VFR",6,-4,48,190,2,64373.76,30.33,NA,"FEW  ft","METAR CYXY 021000Z 19002KT 40SM FEW240 06/M04 A3033 RMK CI1 CI TR SLP294",2026-06-02 10:56:22.283644,2026-06-02 06:56:22.283644
"CYZF",2026-06-02 10:00:00,2026-06-02 06:00:00,"VFR",6,2,75,110,4,24140.16,30.46,NA,"FEW  ft","METAR CYZF 021000Z 11004KT 15SM FEW060 06/02 A3046 RMK SC1 SC TR SLP328",2026-06-02 10:56:22.320154,2026-06-02 06:56:22.320154
"CYFB",2026-06-02 10:50:00,2026-06-02 06:50:00,"MVFR",1,0,93,320,15,48280.32,29.97,NA,"OVC  ft","SPECI CYFB 021050Z 32015G22KT 30SM -RA OVC010 01/M00 A2997 RMK SC8 SLP154",2026-06-02 10:56:22.355716,2026-06-02 06:56:22.355716
"CYRT",2026-06-02 10:00:00,2026-06-02 06:00:00,"VFR",2,2,100,360,14,24140.16,30.22,NA,"FEW  ft; BKN  ft; BKN  ft; OVC  ft","METAR CYRT 021000Z 36014KT 15SM FEW007 BKN140 BKN190 OVC230 02/02 A3022 RMK SC1AC5AC1CI1 SLP237",2026-06-02 10:56:22.393747,2026-06-02 06:56:22.393747
"CYBK",2026-06-02 10:00:00,2026-06-02 06:00:00,"VFR",2,1,93,170,6,40233.6,30.33,NA,"SCT  ft; SCT  ft; BKN  ft","METAR CYBK 021000Z 17006KT 160V290 25SM SCT043 SCT170 BKN210 02/01 A3033 RMK SC4AC1CI1 AC TR SLP274",2026-06-02 10:56:22.42762,2026-06-02 06:56:22.42762
"CYRB",2026-06-02 10:20:00,2026-06-02 06:20:00,"MVFR",-6,-6,100,270,14,48280.32,30.04,NA,"FEW  ft; BKN  ft; BKN  ft","SPECI CYRB 021020Z 27014KT 30SM FEW005 BKN020 BKN080 M06/M06 A3004 RMK ST2SC3AC2 SLP183",2026-06-02 10:56:22.46306,2026-06-02 06:56:22.46306
"CYCO",2026-06-02 10:00:00,2026-06-02 06:00:00,"VFR",4,2,86,210,10,24140.16,30.37,NA,NA,"METAR CYCO 021000Z 21010KT 15SM SKC 04/02 A3037 RMK SLP289",2026-06-02 10:56:22.497336,2026-06-02 06:56:22.497336
"CYER",2026-06-02 23:00:00,2026-06-02 19:00:00,"VFR",17,8,55,350,16,14484.1,30.05,NA,"SCT  ft","METAR CYER 022300Z AUTO 35016G23KT 9SM SCT240 17/08 A3005 RMK SLP178",2026-06-03 00:01:05.549091,2026-06-02 20:01:05.549091
"CYAT",2026-06-02 23:00:00,2026-06-02 19:00:00,"VFR",25,6,29,260,11,14484.1,30.14,NA,NA,"METAR CYAT 022300Z AUTO 26011G18KT 200V290 9SM CLR 25/06 A3014 RMK SLP207 DENSITY ALT 1000FT",2026-06-03 00:01:05.623954,2026-06-02 20:01:05.623954
"CYMO",2026-06-02 23:00:00,2026-06-02 19:00:00,"VFR",18,5,42,80,9,14484.1,30.23,NA,NA,"METAR CYMO 022300Z AUTO 08009KT 9SM CLR 18/05 A3023 RMK SLP238",2026-06-03 00:01:05.699164,2026-06-02 20:01:05.699164
"CYPL",2026-06-02 23:00:00,2026-06-02 19:00:00,"VFR",28,10,32,210,10,14484.1,30.17,NA,NA,"METAR CYPL 022300Z AUTO 21010KT 9SM CLR 28/10 A3017 RMK SLP223 DENSITY ALT 2800FT",2026-06-03 00:01:05.771377,2026-06-02 20:01:05.771377
"CYQT",2026-06-02 23:00:00,2026-06-02 19:00:00,"VFR",25,4,25,190,12,32186.88,30.28,NA,"SCT  ft","METAR CYQT 022300Z 19012G18KT 20SM SCT290 25/04 A3028 RMK CI4 SLP259 DENSITY ALT 1600FT",2026-06-03 00:01:05.839425,2026-06-02 20:01:05.839425
"CYAM",2026-06-02 23:00:00,2026-06-02 19:00:00,"VFR",21,4,32,270,7,32186.88,30.32,NA,"FEW  ft; BKN  ft","METAR CYAM 022300Z 27007KT 20SM FEW240 BKN260 21/04 A3032 RMK CI1CI4 CONTRAILS SLP271 DENSITY ALT 1100FT",2026-06-03 00:01:05.908805,2026-06-02 20:01:05.908805
"CYTS",2026-06-02 23:00:00,2026-06-02 19:00:00,"VFR",25,-2,16,310,8,24140.16,30.27,NA,"SCT  ft","METAR CYTS 022300Z 31008KT 250V330 15SM SCT250 25/M02 A3027 RMK CI4 SLP257 DENSITY ALT 2000FT",2026-06-03 00:01:05.978847,2026-06-02 20:01:05.978847
"CYSB",2026-06-02 23:00:00,2026-06-02 19:00:00,"VFR",25,-3,15,320,11,32186.88,30.27,NA,"SCT  ft","METAR CYSB 022300Z 32011KT 290V350 20SM SCT250 25/M03 A3027 RMK CI4 SLP254 DENSITY ALT 2200FT",2026-06-03 00:01:06.045333,2026-06-02 20:01:06.045333
"CYYB",2026-06-02 23:00:00,2026-06-02 19:00:00,"VFR",24,1,22,330,9,48280.32,30.25,NA,"BKN  ft","METAR CYYB 022300Z 33009G15KT 30SM BKN250 24/01 A3025 RMK CI5 SLP249 DENSITY ALT 2200FT",2026-06-03 00:01:06.109343,2026-06-02 20:01:06.109343
"CYOW",2026-06-02 23:00:00,2026-06-02 19:00:00,"VFR",24,2,23,340,8,24140.16,30.16,NA,"SCT  ft; BKN  ft","METAR CYOW 022300Z 34008KT 15SM SCT250 BKN270 24/02 A3016 RMK CI4CI2 SLP217 DENSITY ALT 1200FT",2026-06-03 00:01:06.180503,2026-06-02 20:01:06.180503
"CYGK",2026-06-02 23:00:00,2026-06-02 19:00:00,"VFR",20,10,52,190,5,24140.16,30.19,NA,"BKN  ft","METAR CYGK 022300Z 19005KT 15SM BKN240 20/10 A3019 RMK CI7 SLP228 DENSITY ALT 700FT",2026-06-03 00:01:06.248176,2026-06-02 20:01:06.248176
"CYQG",2026-06-02 23:00:00,2026-06-02 19:00:00,"VFR",23,4,28,50,10,14484.1,30.31,NA,NA,"METAR CYQG 022300Z AUTO 05010G17KT 9SM CLR 23/04 A3031 RMK SLP265 DENSITY ALT 1300FT",2026-06-03 00:01:06.318557,2026-06-02 20:01:06.318557
"CYVV",2026-06-02 23:00:00,2026-06-02 19:00:00,"VFR",20,5,37,280,5,24140.16,30.3,NA,"OVC  ft","METAR CYVV 022300Z 28005KT 240V320 15SM OVC250 20/05 A3030 RMK CS8 SLP266 DENSITY ALT 1100FT",2026-06-03 00:01:06.390579,2026-06-02 20:01:06.390579
"CYYZ",2026-06-02 23:00:00,2026-06-02 19:00:00,"VFR",23,3,27,350,12,24140.16,30.24,NA,"BKN  ft","METAR CYYZ 022300Z 35012KT 15SM BKN260 23/03 A3024 RMK CI5 SLP243 DENSITY ALT 1300FT",2026-06-03 00:01:06.455537,2026-06-02 20:01:06.455537
"CYQA",2026-06-02 23:00:00,2026-06-02 19:00:00,"VFR",24,2,23,330,12,14484.1,30.24,NA,NA,"METAR CYQA 022300Z AUTO 33012G17KT 9SM CLR 24/02 A3024 RMK SLP244 DENSITY ALT 1900FT",2026-06-03 00:01:06.527612,2026-06-02 20:01:06.527612
"CYVR",2026-06-02 23:00:00,2026-06-02 19:00:00,"VFR",25,9,36,250,8,48280.32,29.98,NA,"FEW  ft; FEW  ft","METAR CYVR 022300Z 25008KT 30SM FEW061 FEW240 25/09 A2998 RMK CU1CI1 CU TR CI TR SLP154 DENSITY ALT 1200FT",2026-06-03 00:01:06.596416,2026-06-02 20:01:06.596416
"CYYJ",2026-06-02 23:00:00,2026-06-02 19:00:00,"VFR",26,6,27,90,7,48280.32,29.99,NA,"FEW  ft; FEW  ft","METAR CYYJ 022300Z 09007KT 070V140 30SM FEW035 FEW250 26/06 A2999 RMK CU1CI1 CU TR CI TR CONTRAILS SLP156 DENSITY ALT 1300FT",2026-06-03 00:01:06.664635,2026-06-02 20:01:06.664635
"CYLW",2026-06-02 23:00:00,2026-06-02 19:00:00,"VFR",25,7,31,0,0,14484.1,30.04,NA,"BKN  ft","METAR CYLW 022300Z AUTO 00000KT 9SM BKN086 25/07 A3004 RMK SLP175 DENSITY ALT 2800FT",2026-06-03 00:01:06.741306,2026-06-02 20:01:06.741306
"CYXS",2026-06-02 23:00:00,2026-06-02 19:00:00,"VFR",25,3,23,70,15,14484.1,30.05,NA,NA,"METAR CYXS 022300Z AUTO 07015G20KT 010V100 9SM CLR 25/03 A3005 RMK SLP183 DENSITY ALT 3800FT",2026-06-03 00:01:06.809582,2026-06-02 20:01:06.809582
"CYXT",2026-06-02 23:00:00,2026-06-02 19:00:00,"VFR",27,-1,15,140,6,32186.88,29.98,NA,NA,"METAR CYXT 022300Z 14006G19KT 110V220 20SM SKC 27/M01 A2998 RMK SLP157 DENSITY ALT 2300FT",2026-06-03 00:01:06.88235,2026-06-02 20:01:06.88235
"CYQQ",2026-06-02 23:00:00,2026-06-02 19:00:00,"VFR",26,7,29,150,7,32186.88,29.98,NA,"FEW  ft; FEW  ft","METAR CYQQ 022300Z 15007KT 20SM FEW070 FEW220 26/07 A2998 RMK AC1CI1 DENSITY ALT 1416FT SLP154",2026-06-03 00:01:06.951716,2026-06-02 20:01:06.951716
"CYYC",2026-06-02 23:27:00,2026-06-02 19:27:00,"MVFR",8,7,93,360,18,9999,30.2,NA,"FEW  ft; OVC  ft","SPECI CYYC 022327Z 36018G26KT 10SM -RA FEW009 OVC015 08/07 A3020 RMK SF2SC6 SLP255",2026-06-03 00:01:07.019233,2026-06-02 20:01:07.019233
"CYEG",2026-06-02 23:00:00,2026-06-02 19:00:00,"IFR",9,9,100,350,10,4828.03,30.22,NA,"OVC  ft","METAR CYEG 022300Z 35010KT 3SM -DZ OVC005 09/09 A3022 RMK ST8 SLP255",2026-06-03 00:01:07.086978,2026-06-02 20:01:07.086978
"CYMM",2026-06-02 23:55:00,2026-06-02 19:55:00,"MVFR",10,8,87,90,4,14484.1,30.32,NA,"SCT  ft; BKN  ft; OVC  ft","SPECI CYMM 022355Z AUTO 09004KT 030V120 9SM SCT017 BKN023 OVC029 10/08 A3032 RMK SLP284",2026-06-03 00:01:07.155073,2026-06-02 20:01:07.155073
"CYQF",2026-06-02 23:55:00,2026-06-02 19:55:00,"IFR",8,7,93,360,9,6437.38,30.22,NA,"BKN  ft; BKN  ft; OVC  ft","SPECI CYQF 022355Z AUTO 36009G15KT 4SM BR BKN008 BKN019 OVC034 08/07 A3022 RMK SLP260",2026-06-03 00:01:07.225293,2026-06-02 20:01:07.225293
"CYXE",2026-06-02 23:00:00,2026-06-02 19:00:00,"VFR",20,9,49,120,9,24140.16,30,NA,"FEW  ft; SCT  ft; BKN  ft","METAR CYXE 022300Z 12009G16KT 15SM FEW050TCU SCT100 BKN250 20/09 A3000 RMK TCU1AC3CI3 TCU N MOV W SLP169 DENSITY ALT 2500FT",2026-06-03 00:01:07.302598,2026-06-02 20:01:07.302598
"CYQR",2026-06-02 23:00:00,2026-06-02 19:00:00,"VFR",20,9,49,200,12,24140.16,30.02,NA,"BKN  ft; BKN  ft; BKN  ft","METAR CYQR 022300Z 20012G24KT 15SM BKN049 BKN120 BKN240 20/09 A3002 RMK CU6AC1CI1 AC TR CI TR SLP178 DENSITY ALT 2800FT",2026-06-03 00:01:07.375275,2026-06-02 20:01:07.375275
"CYWG",2026-06-02 23:50:00,2026-06-02 19:50:00,"VFR",20,17,82,270,17,9656.06,30.18,NA,"OVC  ft","SPECI CYWG 022350Z 27017G22KT 6SM -TSRA OVC077CB 20/17 A3018 RMK CB8 PRESRR SLP225 DENSITY ALT 1300FT",2026-06-03 00:01:07.446172,2026-06-02 20:01:07.446172
"CYBR",2026-06-02 23:45:00,2026-06-02 19:45:00,"VFR",20,16,77,170,3,24140.16,30.08,NA,"FEW  ft; BKN  ft","SPECI CYBR 022345Z 17003KT 120V250 15SM FEW055 BKN160 20/16 A3008 RMK SC2AC5 CB TOPS DIST W SLP195 DENSITY ALT 2100FT",2026-06-03 00:01:07.518103,2026-06-02 20:01:07.518103
"CYUL",2026-06-02 23:00:00,2026-06-02 19:00:00,"VFR",25,2,22,300,11,48280.32,30.1,NA,"FEW  ft; BKN  ft","METAR CYUL 022300Z 30011KT 30SM FEW110 BKN250 25/02 A3010 RMK AC1CI6 AC TR SLP194 DENSITY ALT 1100FT",2026-06-03 00:01:07.586919,2026-06-02 20:01:07.586919
"CYHU",2026-06-02 23:00:00,2026-06-02 19:00:00,"VFR",25,0,19,NA,2,14484.1,30.09,NA,"SCT  ft","METAR CYHU 022300Z AUTO VRB02KT 9SM SCT110 25/M00 A3009 RMK SLP191 DENSITY ALT 1100FT",2026-06-03 00:01:07.658546,2026-06-02 20:01:07.658546
"CYQB",2026-06-02 23:00:00,2026-06-02 19:00:00,"VFR",22,1,24,30,5,48280.32,30.07,NA,"BKN  ft; BKN  ft","METAR CYQB 022300Z 03005KT 30SM BKN180 BKN250 22/01 A3007 RMK CC5CI2 SLP185 DENSITY ALT 1000FT",2026-06-03 00:01:07.731653,2026-06-02 20:01:07.731653
"CYVO",2026-06-02 23:00:00,2026-06-02 19:00:00,"VFR",24,-2,17,290,7,24140.16,30.22,NA,"BKN  ft","METAR CYVO 022300Z 29007G15KT 270V330 15SM BKN280 24/M02 A3022 RMK CI5 SLP240 DENSITY ALT 2100FT",2026-06-03 00:01:07.801254,2026-06-02 20:01:07.801254
"CYUY",2026-06-02 23:00:00,2026-06-02 19:00:00,"VFR",24,-2,17,310,8,24140.16,30.24,NA,"SCT  ft","METAR CYUY 022300Z 31008KT 280V340 15SM SCT260 24/M02 A3024 RMK CI4 SLP247 DENSITY ALT 1900FT",2026-06-03 00:01:07.878285,2026-06-02 20:01:07.878285
"CYZV",2026-06-02 23:00:00,2026-06-02 19:00:00,"VFR",8,5,81,90,8,48280.32,30.09,NA,"FEW  ft; FEW  ft; BKN  ft; BKN  ft","METAR CYZV 022300Z 09008KT 30SM FEW005 FEW090 BKN120 BKN190 08/05 A3009 RMK SF1AC1AC5CI1 SF TR SLP195",2026-06-03 00:01:07.950261,2026-06-02 20:01:07.950261
"CYBC",2026-06-02 23:00:00,2026-06-02 19:00:00,"VFR",12,5,62,30,2,14484.1,30.05,NA,"BKN  ft; BKN  ft; OVC  ft","METAR CYBC 022300Z AUTO 03002KT 9SM BKN130 BKN150 OVC170 12/05 A3005 RMK SLP179",2026-06-03 00:01:08.022219,2026-06-02 20:01:08.022219
"CYRJ",2026-06-02 23:00:00,2026-06-02 19:00:00,"VFR",24,3,25,340,12,64373.76,30.08,NA,"FEW  ft; FEW  ft","METAR CYRJ 022300Z 34012G18KT 40SM FEW070 FEW220 24/03 A3008 RMK AC1CI2 AC TR SLP189 DENSITY ALT 1600FT",2026-06-03 00:01:08.088881,2026-06-02 20:01:08.088881
"CYHZ",2026-06-02 23:00:00,2026-06-02 19:00:00,"VFR",9,8,93,170,8,24140.16,30.07,NA,"FEW  ft; BKN  ft","METAR CYHZ 022300Z 17008KT 15SM FEW005 BKN120 09/08 A3007 RMK CF2AC3 SLP189",2026-06-03 00:01:08.157527,2026-06-02 20:01:08.157527
"CYYG",2026-06-02 23:00:00,2026-06-02 19:00:00,"IFR",7,6,93,330,8,9999,30.07,NA,"BKN  ft; BKN  ft","METAR CYYG 022300Z 33008KT 10SM VCSH BKN007 BKN100 07/06 A3007 RMK CF6AC1 SLP187",2026-06-03 00:01:08.233355,2026-06-02 20:01:08.233355
"CYQM",2026-06-02 23:00:00,2026-06-02 19:00:00,"VFR",11,6,71,40,6,24140.16,30.09,NA,"FEW  ft; BKN  ft; BKN  ft; BKN  ft","METAR CYQM 022300Z CCA 04006KT 15SM FEW020TCU BKN075 BKN095 BKN120 11/06 A3009 RMK TCU1AC7AC1AC1 TCU TR AC TR AC TR DIST TCU TOP SW-W SH DIST NW AND E-SE SLP192",2026-06-03 00:01:08.301364,2026-06-02 20:01:08.301364
"CYFC",2026-06-02 23:00:00,2026-06-02 19:00:00,"VFR",13,8,71,0,0,14484.1,30.05,NA,"SCT  ft","METAR CYFC 022300Z AUTO 00000KT 9SM SCT180 13/08 A3005 RMK SLP177",2026-06-03 00:01:08.369158,2026-06-02 20:01:08.369158
"CYYT",2026-06-02 23:00:00,2026-06-02 19:00:00,"VFR",2,1,93,160,9,24140.16,30.21,NA,"FEW  ft; FEW  ft","METAR CYYT 022300Z 16009KT 15SM FEW010 FEW040 02/01 A3021 RMK SF1SC1 SF TR SC TR SLP240",2026-06-03 00:01:08.453761,2026-06-02 20:01:08.453761
"CYQY",2026-06-02 23:54:00,2026-06-02 19:54:00,"VFR",5,5,100,180,9,24140.16,30.1,NA,"FEW  ft; BKN  ft; OVC  ft","SPECI CYQY 022354Z 18009G16KT 15SM FEW013 BKN053 OVC098 05/05 A3010 RMK SF1SC4AC3 SLP196",2026-06-03 00:01:08.524228,2026-06-02 20:01:08.524228
"CYXY",2026-06-02 23:00:00,2026-06-02 19:00:00,"VFR",24,-6,13,140,10,64373.76,30.05,NA,"SCT  ft","METAR CYXY 022300Z 14010G16KT 110V200 40SM SCT260 24/M06 A3005 RMK CI4 SLP193 DENSITY ALT 3800FT",2026-06-03 00:01:08.593613,2026-06-02 20:01:08.593613
"CYZF",2026-06-02 23:00:00,2026-06-02 19:00:00,"VFR",19,-2,24,170,10,24140.16,30.36,NA,"FEW  ft; SCT  ft","METAR CYZF 022300Z 17010KT 15SM FEW065 SCT200 19/M02 A3036 RMK SC2CI2 SLP292",2026-06-03 00:01:08.661263,2026-06-02 20:01:08.661263
"CYFB",2026-06-02 23:00:00,2026-06-02 19:00:00,"MVFR",2,-3,69,340,18,48280.32,29.79,NA,"BKN  ft; BKN  ft","METAR CYFB 022300Z 34018G24KT 30SM BKN023 BKN082 02/M03 A2979 RMK SC7AC1 AC TR SLP092",2026-06-03 00:01:08.738564,2026-06-02 20:01:08.738564
"CYRT",2026-06-02 23:00:00,2026-06-02 19:00:00,"VFR",12,4,58,330,14,24140.16,30.26,NA,"FEW  ft; SCT  ft","METAR CYRT 022300Z 33014KT 15SM FEW027 SCT250 12/04 A3026 RMK SC1CI2 SLP253",2026-06-03 00:01:08.825337,2026-06-02 20:01:08.825337
"CYBK",2026-06-02 23:37:00,2026-06-02 19:37:00,"VFR",13,5,58,320,11,24140.16,30.26,NA,"BKN  ft","SPECI CYBK 022337Z 32011KT 15SM BKN041 13/05 A3026 RMK SC6 SLP251",2026-06-03 00:01:08.898578,2026-06-02 20:01:08.898578
"CYRB",2026-06-02 23:00:00,2026-06-02 19:00:00,"IFR",-2,-3,92,260,15,40233.6,29.93,NA,"BKN  ft; OVC  ft","METAR CYRB 022300Z 26015KT 25SM BKN007 OVC019 M02/M03 A2993 RMK ST7SC1 SLP146",2026-06-03 00:01:08.97708,2026-06-02 20:01:08.97708
"CYCO",2026-06-02 23:00:00,2026-06-02 19:00:00,"VFR",20,5,37,280,15,24140.16,30.21,NA,"FEW  ft; FEW  ft","METAR CYCO 022300Z 28015KT 15SM VCSH FEW050CB FEW090 20/05 A3021 RMK CB1AC1 AC TR SLP232 DENSITY ALT 400FT",2026-06-03 00:01:09.046476,2026-06-02 20:01:09.046476
"CYER",2026-06-03 04:58:00,2026-06-03 00:58:00,"LIFR",1,1,100,360,15,4023.36,30.2,NA,"OVC  ft","SPECI CYER 030458Z AUTO 36015KT 2 1/2SM -RA BR OVC003 01/01 A3020 RMK SLP229",2026-06-03 05:06:58.497257,2026-06-03 01:06:58.497257
"CYAT",2026-06-03 04:00:00,2026-06-03,"VFR",18,8,52,200,5,14484.1,30.04,NA,NA,"METAR CYAT 030400Z AUTO 20005KT 9SM CLR 18/08 A3004 RMK SLP174 DENSITY ALT 300FT",2026-06-03 05:06:58.585377,2026-06-03 01:06:58.585377
"CYMO",2026-06-03 04:00:00,2026-06-03,"VFR",14,5,54,160,6,14484.1,30.15,NA,NA,"METAR CYMO 030400Z AUTO 16006KT 9SM CLR 14/05 A3015 RMK SLP211",2026-06-03 05:06:58.664586,2026-06-03 01:06:58.664586
"CYPL",2026-06-03 04:00:00,2026-06-03,"VFR",23,9,40,240,11,14484.1,30.16,NA,NA,"METAR CYPL 030400Z AUTO 24011G17KT 9SM CLR 23/09 A3016 RMK SLP216 DENSITY ALT 2300FT",2026-06-03 05:06:58.750168,2026-06-03 01:06:58.750168
"CYQT",2026-06-03 04:00:00,2026-06-03,"VFR",10,5,71,0,0,24140.16,30.28,NA,"FEW  ft","METAR CYQT 030400Z 00000KT 15SM FEW250 10/05 A3028 RMK CI2 SLP258",2026-06-03 05:06:58.82945,2026-06-03 01:06:58.82945
"CYAM",2026-06-03 04:00:00,2026-06-03,"VFR",9,5,76,260,4,32186.88,30.3,NA,NA,"METAR CYAM 030400Z 26004KT 200V270 20SM SKC 09/05 A3030 RMK SLP267",2026-06-03 05:06:58.911824,2026-06-03 01:06:58.911824
"CYTS",2026-06-03 04:00:00,2026-06-03,"VFR",9,3,66,0,0,24140.16,30.23,NA,"SCT  ft","METAR CYTS 030400Z 00000KT 15SM SCT250 09/03 A3023 RMK CI4 SLP245",2026-06-03 05:06:58.992862,2026-06-03 01:06:58.992862
"CYSB",2026-06-03 04:00:00,2026-06-03,"VFR",14,-1,35,310,5,24140.16,30.25,NA,NA,"METAR CYSB 030400Z 31005KT 15SM SKC 14/M01 A3025 RMK SLP247",2026-06-03 05:06:59.074128,2026-06-03 01:06:59.074128
"CYYB",2026-06-03 04:00:00,2026-06-03,"VFR",11,5,66,0,0,14484.1,30.25,NA,NA,"METAR CYYB 030400Z AUTO 00000KT 9SM CLR 11/05 A3025 RMK SLP247",2026-06-03 05:06:59.165461,2026-06-03 01:06:59.165461
"CYOW",2026-06-03 04:00:00,2026-06-03,"VFR",15,3,44,280,4,24140.16,30.18,NA,"FEW  ft","METAR CYOW 030400Z 28004KT 15SM FEW250 15/03 A3018 RMK CI2 SLP222",2026-06-03 05:06:59.265,2026-06-03 01:06:59.265
"CYGK",2026-06-03 03:00:00,2026-06-02 23:00:00,"VFR",13,7,66,260,6,24140.16,30.21,NA,"SCT  ft","METAR CYGK 030300Z 26006KT 15SM SCT240 13/07 A3021 RMK CI4 LAST STFD OBS/ NEXT 031000Z SLP233",2026-06-03 05:06:59.34507,2026-06-03 01:06:59.34507
"CYQG",2026-06-03 04:00:00,2026-06-03,"VFR",14,8,67,0,0,14484.1,30.32,NA,NA,"METAR CYQG 030400Z AUTO 00000KT 9SM CLR 14/08 A3032 RMK SLP268",2026-06-03 05:06:59.426205,2026-06-03 01:06:59.426205
"CYVV",2026-06-03 04:00:00,2026-06-03,"VFR",8,6,87,180,3,9999,30.29,NA,"FEW  ft; FEW  ft","METAR CYVV 030400Z 18003KT 10SM FEW040 FEW250 08/06 A3029 RMK CF1CS2 CF TR SLP260",2026-06-03 05:06:59.506682,2026-06-03 01:06:59.506682
"CYYZ",2026-06-03 04:00:00,2026-06-03,"VFR",18,4,39,360,9,9999,30.26,NA,"FEW  ft","METAR CYYZ 030400Z 36009KT 10SM FEW260 18/04 A3026 RMK CI1 FU SLP248",2026-06-03 05:06:59.585407,2026-06-03 01:06:59.585407
"CYQA",2026-06-03 04:00:00,2026-06-03,"VFR",10,6,76,0,0,14484.1,30.26,NA,NA,"METAR CYQA 030400Z AUTO 00000KT 9SM CLR 10/06 A3026 RMK SLP252",2026-06-03 05:06:59.670291,2026-06-03 01:06:59.670291
"CYVR",2026-06-03 04:00:00,2026-06-03,"VFR",18,11,63,NA,2,32186.88,29.93,NA,"FEW  ft; BKN  ft","METAR CYVR 030400Z VRB02KT 20SM FEW220 BKN240 18/11 A2993 RMK CI1CI5 SLP138 DENSITY ALT 400FT",2026-06-03 05:06:59.756503,2026-06-03 01:06:59.756503
"CYYJ",2026-06-03 04:00:00,2026-06-03,"VFR",22,9,43,NA,2,48280.32,29.93,NA,"BKN  ft","METAR CYYJ 030400Z VRB02KT 30SM BKN240 22/09 A2993 RMK CI7 SLP138 DENSITY ALT 900FT",2026-06-03 05:06:59.836678,2026-06-03 01:06:59.836678
"CYLW",2026-06-03 04:00:00,2026-06-03,"VFR",20,10,52,0,0,14484.1,30,NA,NA,"METAR CYLW 030400Z AUTO 00000KT 9SM CLR 20/10 A3000 RMK SLP158 DENSITY ALT 2200FT",2026-06-03 05:06:59.915885,2026-06-03 01:06:59.915885
"CYXS",2026-06-03 04:00:00,2026-06-03,"VFR",20,0,26,30,10,14484.1,29.99,NA,"BKN  ft; BKN  ft; BKN  ft","METAR CYXS 030400Z AUTO 03010G15KT 9SM BKN100 BKN120 BKN160 20/00 A2999 RMK SLP161 DENSITY ALT 3300FT",2026-06-03 05:06:59.993291,2026-06-03 01:06:59.993291
"CYXT",2026-06-03 04:00:00,2026-06-03,"VFR",24,4,27,100,4,32186.88,29.92,NA,"BKN  ft; BKN  ft","METAR CYXT 030400Z 10004KT 030V130 20SM BKN110 BKN210 24/04 A2992 RMK AC5CI2 SLP134 DENSITY ALT 2000FT",2026-06-03 05:07:00.070769,2026-06-03 01:07:00.070769
"CYQQ",2026-06-03 04:00:00,2026-06-03,"VFR",20,10,52,180,7,32186.88,29.91,NA,"BKN  ft","METAR CYQQ 030400Z 18007KT 130V200 20SM BKN250 20/10 A2991 RMK CI7 DENSITY ALT 809FT SLP131",2026-06-03 05:07:00.157182,2026-06-03 01:07:00.157182
"CYYC",2026-06-03 04:00:00,2026-06-03,"VFR",8,6,87,350,12,12874.75,30.21,NA,"SCT  ft; BKN  ft; OVC  ft","METAR CYYC 030400Z 35012KT 8SM SCT013 BKN031 OVC079 08/06 A3021 RMK SF3SC3AC2 SLP260",2026-06-03 05:07:00.245182,2026-06-03 01:07:00.245182
"CYEG",2026-06-03 04:15:00,2026-06-03 00:15:00,"IFR",9,8,93,340,9,19312.13,30.22,NA,"BKN  ft; OVC  ft","SPECI CYEG 030415Z 34009KT 12SM BKN009 OVC014 09/08 A3022 RMK SF5SC3 BR SLP256",2026-06-03 05:07:00.327199,2026-06-03 01:07:00.327199
"CYMM",2026-06-03 04:00:00,2026-06-03,"MVFR",9,8,93,80,4,14484.1,30.29,NA,"BKN  ft; OVC  ft","METAR CYMM 030400Z AUTO 08004KT 040V110 9SM BKN016 OVC027 09/08 A3029 RMK SLP274",2026-06-03 05:07:00.408842,2026-06-03 01:07:00.408842
"CYQF",2026-06-03 04:00:00,2026-06-03,"MVFR",8,7,93,340,8,14484.1,30.22,NA,"OVC  ft","METAR CYQF 030400Z AUTO 34008KT 9SM OVC010 08/07 A3022 RMK SLP261",2026-06-03 05:07:00.492131,2026-06-03 01:07:00.492131
"CYXE",2026-06-03 04:00:00,2026-06-03,"VFR",16,11,72,350,2,24140.16,30,NA,"OVC  ft","METAR CYXE 030400Z 35002KT 15SM OVC047 16/11 A3000 RMK SC8 SLP169 DENSITY ALT 2200FT",2026-06-03 05:07:00.578836,2026-06-03 01:07:00.578836
"CYQR",2026-06-03 04:00:00,2026-06-03,"VFR",12,7,71,180,7,24140.16,30.05,NA,"FEW  ft; FEW  ft; SCT  ft","METAR CYQR 030400Z 18007KT 15SM FEW055 FEW110 SCT250 12/07 A3005 RMK SC2AC1CI1 AC TR SLP188",2026-06-03 05:07:00.661606,2026-06-03 01:07:00.661606
"CYWG",2026-06-03 04:34:00,2026-06-03 00:34:00,"VFR",17,15,88,160,16,24140.16,30.14,NA,"BKN  ft","SPECI CYWG 030434Z 16016G25KT 15SM -RA BKN110 17/15 A3014 RMK AC7 SLP209 DENSITY ALT 1000FT",2026-06-03 05:07:00.753859,2026-06-03 01:07:00.753859
"CYBR",2026-06-03 04:00:00,2026-06-03,"VFR",16,15,93,120,3,14484.1,30.1,NA,"FEW  ft","METAR CYBR 030400Z AUTO 12003KT 9SM FEW100 16/15 A3010 RMK SLP198 DENSITY ALT 1700FT",2026-06-03 05:07:00.83567,2026-06-03 01:07:00.83567
"CYUL",2026-06-03 04:00:00,2026-06-03,"VFR",17,5,45,310,7,24140.16,30.13,NA,NA,"METAR CYUL 030400Z 31007KT 15SM SKC 17/05 A3013 RMK SLP205",2026-06-03 05:07:00.915436,2026-06-03 01:07:00.915436
"CYHU",2026-06-03 04:00:00,2026-06-03,"VFR",16,7,55,310,2,14484.1,30.12,NA,NA,"METAR CYHU 030400Z AUTO 31002KT 9SM CLR 16/07 A3012 RMK SLP200",2026-06-03 05:07:00.994505,2026-06-03 01:07:00.994505
"CYQB",2026-06-03 04:00:00,2026-06-03,"VFR",15,6,54,340,4,24140.16,30.09,NA,"SCT  ft; BKN  ft","METAR CYQB 030400Z 34004KT 290V360 15SM SCT130 BKN160 15/06 A3009 RMK AC3AC2 SLP192",2026-06-03 05:07:01.073576,2026-06-03 01:07:01.073576
"CYVO",2026-06-03 04:00:00,2026-06-03,"VFR",12,3,54,330,2,14484.1,30.22,NA,NA,"METAR CYVO 030400Z AUTO 33002KT 9SM CLR 12/03 A3022 RMK SLP242",2026-06-03 05:07:01.150476,2026-06-03 01:07:01.150476
"CYUY",2026-06-03 04:00:00,2026-06-03,"VFR",9,2,61,0,0,24140.16,30.23,NA,"FEW  ft","METAR CYUY 030400Z 00000KT 15SM FEW260 09/02 A3023 RMK CI2 SLP243",2026-06-03 05:07:01.243947,2026-06-03 01:07:01.243947
"CYZV",2026-06-03 04:00:00,2026-06-03,"VFR",7,5,87,70,4,24140.16,30.12,NA,"SCT  ft; OVC  ft","METAR CYZV 030400Z 07004KT 15SM SCT094 OVC130 07/05 A3012 RMK AC3AC5 SLP203",2026-06-03 05:07:01.326211,2026-06-03 01:07:01.326211
"CYBC",2026-06-03 04:00:00,2026-06-03,"VFR",11,6,71,100,6,14484.1,30.08,NA,"OVC  ft","METAR CYBC 030400Z AUTO 10006KT 9SM OVC091 11/06 A3008 RMK SLP188",2026-06-03 05:07:01.405861,2026-06-03 01:07:01.405861
"CYRJ",2026-06-03 04:00:00,2026-06-03,"VFR",14,5,54,270,6,40233.6,30.11,NA,"FEW  ft","METAR CYRJ 030400Z 27006KT 25SM FEW040 14/05 A3011 RMK SC1 SC TR SLP201",2026-06-03 05:07:01.488829,2026-06-03 01:07:01.488829
"CYHZ",2026-06-03 04:00:00,2026-06-03,"VFR",6,6,100,210,8,24140.16,30.1,NA,"FEW  ft","METAR CYHZ 030400Z 21008KT 15SM FEW110 06/06 A3010 RMK AC2 SLP196",2026-06-03 05:07:01.570208,2026-06-03 01:07:01.570208
"CYYG",2026-06-03 04:26:00,2026-06-03 00:26:00,"LIFR",4,4,100,330,5,804.67,30.13,NA,"VV  ft","SPECI CYYG 030426Z 33005KT 310V030 1/2SM R03/4000VP6000FT/U FG VV002 04/04 A3013 RMK FG8 SLP205",2026-06-03 05:07:01.65081,2026-06-03 01:07:01.65081
"CYQM",2026-06-03 04:55:00,2026-06-03 00:55:00,"VFR",4,4,100,50,5,19312.13,30.12,NA,"FEW  ft; FEW  ft; FEW  ft; BKN  ft; BKN  ft","SPECI CYQM 030455Z 05005KT 12SM FEW007 FEW065 FEW085 BKN160 BKN260 04/04 A3012 RMK SF2SC1AC1AC4CI1 SC TR AC TR CI TR CU ASOCTD SLP205",2026-06-03 05:07:01.746672,2026-06-03 01:07:01.746672
"CYFC",2026-06-03 04:00:00,2026-06-03,"VFR",9,4,70,40,7,14484.1,30.11,NA,"FEW  ft","METAR CYFC 030400Z AUTO 04007KT 9SM FEW130 09/04 A3011 RMK SLP198",2026-06-03 05:07:01.826181,2026-06-03 01:07:01.826181
"CYYT",2026-06-03 04:00:00,2026-06-03,"VFR",2,0,86,260,10,24140.16,30.22,NA,NA,"METAR CYYT 030400Z 26010KT 15SM SKC 02/M00 A3022 RMK SLP240",2026-06-03 05:07:01.915353,2026-06-03 01:07:01.915353
"CYQY",2026-06-03 04:00:00,2026-06-03,"VFR",6,5,93,190,7,24140.16,30.11,NA,"SCT  ft; BKN  ft","METAR CYQY 030400Z 19007KT 15SM SCT009 BKN054 06/05 A3011 RMK SC3SC4 SLP201",2026-06-03 05:07:01.993618,2026-06-03 01:07:01.993618
"CYXY",2026-06-03 04:00:00,2026-06-03,"VFR",23,-6,13,200,7,64373.76,29.96,NA,"FEW  ft","METAR CYXY 030400Z 20007KT 40SM FEW240 23/M06 A2996 RMK CI2 SLP159 DENSITY ALT 3800FT",2026-06-03 05:07:02.074313,2026-06-03 01:07:02.074313
"CYZF",2026-06-03 04:00:00,2026-06-03,"VFR",13,-4,30,170,7,24140.16,30.27,NA,"BKN  ft","METAR CYZF 030400Z 17007KT 15SM BKN210 13/M04 A3027 RMK CI7 SLP262",2026-06-03 05:07:02.154123,2026-06-03 01:07:02.154123
"CYFB",2026-06-03 04:50:00,2026-06-03 00:50:00,"MVFR",-2,-5,79,320,19,48280.32,29.79,NA,"OVC  ft","SPECI CYFB 030450Z 32019KT 30SM -SN OVC019 M02/M05 A2979 RMK SC8 SLP094",2026-06-03 05:07:02.247952,2026-06-03 01:07:02.247952
"CYRT",2026-06-03 04:00:00,2026-06-03,"VFR",8,3,70,260,5,24140.16,30.23,NA,"FEW  ft; BKN  ft","METAR CYRT 030400Z 26005KT 15SM FEW065 BKN083 08/03 A3023 RMK SC2AC4 SH DIST W-NW ACC EMBD SLP242",2026-06-03 05:07:02.3413,2026-06-03 01:07:02.3413
"CYBK",2026-06-03 04:00:00,2026-06-03,"VFR",8,3,70,290,11,40233.6,30.25,NA,"BKN  ft; BKN  ft","METAR CYBK 030400Z 29011KT 25SM BKN046 BKN080 08/03 A3025 RMK SC7AC1 AC TR SLP246",2026-06-03 05:07:02.41909,2026-06-03 01:07:02.41909
"CYRB",2026-06-03 04:00:00,2026-06-03,"IFR",-4,-5,92,270,16,32186.88,29.86,NA,"OVC  ft","METAR CYRB 030400Z 27016KT 20SM OVC006 M04/M05 A2986 RMK ST8 SLP121",2026-06-03 05:07:02.496869,2026-06-03 01:07:02.496869
"CYCO",2026-06-03 04:00:00,2026-06-03,"VFR",13,5,58,110,7,24140.16,30.13,NA,"FEW  ft; FEW  ft","METAR CYCO 030400Z 11007KT 15SM FEW032 FEW210 13/05 A3013 RMK CU1CI1 CU TR CI TR SLP205",2026-06-03 05:07:02.575558,2026-06-03 01:07:02.575558
"CYER",2026-06-03 05:29:00,2026-06-03 01:29:00,"LIFR",1,1,100,360,13,9656.06,30.21,NA,"OVC  ft","SPECI CYER 030529Z AUTO 36013G19KT 6SM BR OVC003 01/01 A3021 RMK SLP233",2026-06-03 05:35:44.353431,2026-06-03 01:35:44.353431
"CYAT",2026-06-03 05:00:00,2026-06-03 01:00:00,"VFR",17,8,55,220,5,14484.1,30.03,NA,NA,"METAR CYAT 030500Z AUTO 22005KT 9SM CLR 17/08 A3003 RMK SLP171",2026-06-03 05:35:44.396749,2026-06-03 01:35:44.396749
"CYMO",2026-06-03 05:00:00,2026-06-03 01:00:00,"VFR",14,5,54,170,8,14484.1,30.13,NA,NA,"METAR CYMO 030500Z AUTO 17008KT 9SM CLR 14/05 A3013 RMK SLP205",2026-06-03 05:35:44.432089,2026-06-03 01:35:44.432089
"CYPL",2026-06-03 05:00:00,2026-06-03 01:00:00,"VFR",22,9,43,240,9,14484.1,30.16,NA,NA,"METAR CYPL 030500Z AUTO 24009KT 9SM CLR 22/09 A3016 RMK SLP214 DENSITY ALT 2200FT",2026-06-03 05:35:44.472037,2026-06-03 01:35:44.472037
"CYQT",2026-06-03 05:00:00,2026-06-03 01:00:00,"VFR",9,6,81,0,0,24140.16,30.27,NA,"FEW  ft","METAR CYQT 030500Z 00000KT 15SM FEW250 09/06 A3027 RMK CI2 SLP257",2026-06-03 05:35:44.507476,2026-06-03 01:35:44.507476
"CYAM",2026-06-03 05:00:00,2026-06-03 01:00:00,"VFR",10,6,76,NA,3,32186.88,30.3,NA,"FEW  ft","METAR CYAM 030500Z VRB03KT 20SM FEW240 10/06 A3030 RMK CI1 SLP267",2026-06-03 05:35:44.54247,2026-06-03 01:35:44.54247
"CYTS",2026-06-03 05:00:00,2026-06-03 01:00:00,"VFR",9,4,70,0,0,24140.16,30.23,NA,"SCT  ft","METAR CYTS 030500Z 00000KT 15SM SCT250 09/04 A3023 RMK CI4 SLP244",2026-06-03 05:35:44.578914,2026-06-03 01:35:44.578914
"CYSB",2026-06-03 05:00:00,2026-06-03 01:00:00,"VFR",14,0,38,350,2,24140.16,30.25,NA,NA,"METAR CYSB 030500Z 35002KT 15SM SKC 14/M00 A3025 RMK SLP246",2026-06-03 05:35:44.614106,2026-06-03 01:35:44.614106
"CYYB",2026-06-03 05:00:00,2026-06-03 01:00:00,"VFR",10,4,66,0,0,14484.1,30.24,NA,NA,"METAR CYYB 030500Z AUTO 00000KT 9SM CLR 10/04 A3024 RMK SLP246",2026-06-03 05:35:44.656665,2026-06-03 01:35:44.656665
"CYOW",2026-06-03 05:00:00,2026-06-03 01:00:00,"VFR",13,4,54,260,3,24140.16,30.17,NA,"FEW  ft","METAR CYOW 030500Z 26003KT 15SM FEW250 13/04 A3017 RMK CI1 SLP220",2026-06-03 05:35:44.707503,2026-06-03 01:35:44.707503
"CYGK",2026-06-03 03:00:00,2026-06-02 23:00:00,"VFR",13,7,66,260,6,24140.16,30.21,NA,"SCT  ft","METAR CYGK 030300Z 26006KT 15SM SCT240 13/07 A3021 RMK CI4 LAST STFD OBS/ NEXT 031000Z SLP233",2026-06-03 05:35:44.750729,2026-06-03 01:35:44.750729
"CYQG",2026-06-03 05:00:00,2026-06-03 01:00:00,"VFR",14,6,58,0,0,14484.1,30.31,NA,NA,"METAR CYQG 030500Z AUTO 00000KT 9SM CLR 14/06 A3031 RMK SLP265",2026-06-03 05:35:44.7945,2026-06-03 01:35:44.7945
"CYVV",2026-06-03 05:00:00,2026-06-03 01:00:00,"VFR",8,7,93,220,3,9999,30.28,NA,"SCT  ft","METAR CYVV 030500Z 22003KT 10SM SCT250 08/07 A3028 RMK CS4 SLP259",2026-06-03 05:35:44.832415,2026-06-03 01:35:44.832415
"CYYZ",2026-06-03 05:00:00,2026-06-03 01:00:00,"VFR",17,4,42,350,10,24140.16,30.26,NA,"FEW  ft","METAR CYYZ 030500Z 35010KT 15SM FEW250 17/04 A3026 RMK CI1 CI TR SLP247",2026-06-03 05:35:44.873563,2026-06-03 01:35:44.873563
"CYQA",2026-06-03 05:00:00,2026-06-03 01:00:00,"VFR",8,6,87,0,0,14484.1,30.25,NA,NA,"METAR CYQA 030500Z AUTO 00000KT 9SM CLR 08/06 A3025 RMK SLP249",2026-06-03 05:35:44.910523,2026-06-03 01:35:44.910523
"CYVR",2026-06-03 05:00:00,2026-06-03 01:00:00,"VFR",20,9,49,30,4,32186.88,29.93,NA,"FEW  ft; BKN  ft","METAR CYVR 030500Z 03004KT 20SM FEW210 BKN240 20/09 A2993 RMK CI1CI5 SLP139 DENSITY ALT 600FT",2026-06-03 05:35:44.945918,2026-06-03 01:35:44.945918
"CYYJ",2026-06-03 05:00:00,2026-06-03 01:00:00,"VFR",19,10,55,300,3,48280.32,29.93,NA,"BKN  ft","METAR CYYJ 030500Z 30003KT 30SM BKN240 19/10 A2993 RMK CI7 SLP137 DENSITY ALT 600FT",2026-06-03 05:35:44.988423,2026-06-03 01:35:44.988423
"CYLW",2026-06-03 05:00:00,2026-06-03 01:00:00,"VFR",21,7,40,130,6,14484.1,30,NA,NA,"METAR CYLW 030500Z AUTO 13006KT 9SM CLR 21/07 A3000 RMK SLP159 DENSITY ALT 2400FT",2026-06-03 05:35:45.027665,2026-06-03 01:35:45.027665
"CYXS",2026-06-03 05:00:00,2026-06-03 01:00:00,"VFR",18,1,31,10,9,14484.1,29.98,NA,"BKN  ft; OVC  ft","METAR CYXS 030500Z AUTO 01009KT 9SM BKN091 OVC120 18/01 A2998 RMK SLP157 DENSITY ALT 3100FT",2026-06-03 05:35:45.070982,2026-06-03 01:35:45.070982
"CYXT",2026-06-03 05:00:00,2026-06-03 01:00:00,"VFR",22,4,30,30,4,32186.88,29.92,NA,"SCT  ft; BKN  ft","METAR CYXT 030500Z 03004KT 340V040 20SM SCT110 BKN210 22/04 A2992 RMK AC4CI3 SLP133 DENSITY ALT 1700FT",2026-06-03 05:35:45.113062,2026-06-03 01:35:45.113062
"CYQQ",2026-06-03 05:00:00,2026-06-03 01:00:00,"VFR",19,10,55,180,4,32186.88,29.92,NA,"BKN  ft","METAR CYQQ 030500Z 18004KT 150V230 20SM BKN250 19/10 A2992 RMK CI6 DENSITY ALT 674FT SLP131",2026-06-03 05:35:45.153413,2026-06-03 01:35:45.153413
"CYYC",2026-06-03 05:00:00,2026-06-03 01:00:00,"VFR",7,6,93,340,9,9999,30.21,NA,"SCT  ft; BKN  ft; OVC  ft","METAR CYYC 030500Z 34009KT 10SM SCT009 BKN041 OVC079 07/06 A3021 RMK SF3SC2AC3 SLP260",2026-06-03 05:35:45.194788,2026-06-03 01:35:45.194788
"CYEG",2026-06-03 05:27:00,2026-06-03 01:27:00,"IFR",8,8,100,340,7,24140.16,30.22,NA,"BKN  ft; OVC  ft","SPECI CYEG 030527Z CCA 34007KT 15SM -SHRA BKN006 OVC011 08/08 A3022 RMK SF6SC2 CVCTV CLD EMBD SLP254",2026-06-03 05:35:45.245978,2026-06-03 01:35:45.245978
"CYMM",2026-06-03 05:00:00,2026-06-03 01:00:00,"MVFR",9,8,93,50,3,14484.1,30.28,NA,"OVC  ft","METAR CYMM 030500Z AUTO 05003KT 020V090 9SM OVC014 09/08 A3028 RMK SLP271",2026-06-03 05:35:45.295407,2026-06-03 01:35:45.295407
"CYQF",2026-06-03 05:00:00,2026-06-03 01:00:00,"MVFR",8,7,93,320,9,14484.1,30.22,NA,"OVC  ft","METAR CYQF 030500Z AUTO 32009KT 9SM OVC013 08/07 A3022 RMK SLP260",2026-06-03 05:35:45.334268,2026-06-03 01:35:45.334268
"CYXE",2026-06-03 05:00:00,2026-06-03 01:00:00,"VFR",15,12,82,20,4,24140.16,29.99,NA,"BKN  ft; BKN  ft; BKN  ft","METAR CYXE 030500Z 02004KT 15SM BKN047 BKN080 BKN210 15/12 A2999 RMK SC5AC2CI1 CI TR SLP166 DENSITY ALT 2000FT",2026-06-03 05:35:45.372457,2026-06-03 01:35:45.372457
"CYQR",2026-06-03 05:00:00,2026-06-03 01:00:00,"VFR",13,8,71,170,9,24140.16,30.06,NA,"FEW  ft; BKN  ft","METAR CYQR 030500Z 17009KT 15SM FEW050 BKN240 13/08 A3006 RMK SC1CI5 SLP187",2026-06-03 05:35:45.409343,2026-06-03 01:35:45.409343
"CYWG",2026-06-03 05:00:00,2026-06-03 01:00:00,"VFR",18,14,77,170,20,24140.16,30.15,NA,"BKN  ft","METAR CYWG 030500Z 17020G30KT 15SM -RA BKN110 18/14 A3015 RMK AC7 PRESRR SLP211 DENSITY ALT 1100FT",2026-06-03 05:35:45.443057,2026-06-03 01:35:45.443057
"CYBR",2026-06-03 05:13:00,2026-06-03 01:13:00,"MVFR",14,14,100,70,5,8046.72,30.09,NA,NA,"SPECI CYBR 030513Z AUTO 07005KT 5SM BR CLR 14/14 A3009 RMK SLP200",2026-06-03 05:35:45.478482,2026-06-03 01:35:45.478482
"CYUL",2026-06-03 05:00:00,2026-06-03 01:00:00,"VFR",16,6,51,NA,2,24140.16,30.13,NA,"FEW  ft","METAR CYUL 030500Z VRB02KT 15SM FEW250 16/06 A3013 RMK CI1 CI TR SLP204",2026-06-03 05:35:45.514753,2026-06-03 01:35:45.514753
"CYHU",2026-06-03 05:00:00,2026-06-03 01:00:00,"VFR",15,7,58,0,0,14484.1,30.11,NA,NA,"METAR CYHU 030500Z AUTO 00000KT 9SM CLR 15/07 A3011 RMK SLP199",2026-06-03 05:35:45.558999,2026-06-03 01:35:45.558999
"CYQB",2026-06-03 05:00:00,2026-06-03 01:00:00,"VFR",14,7,62,280,3,24140.16,30.09,NA,"SCT  ft; BKN  ft","METAR CYQB 030500Z 28003KT 250V320 15SM SCT074 BKN130 14/07 A3009 RMK AC3AC4 SLP192",2026-06-03 05:35:45.599418,2026-06-03 01:35:45.599418
"CYVO",2026-06-03 05:00:00,2026-06-03 01:00:00,"VFR",12,4,58,310,2,14484.1,30.22,NA,NA,"METAR CYVO 030500Z AUTO 31002KT 9SM CLR 12/04 A3022 RMK SLP241",2026-06-03 05:35:45.637432,2026-06-03 01:35:45.637432
"CYUY",2026-06-03 05:00:00,2026-06-03 01:00:00,"VFR",9,3,66,0,0,24140.16,30.22,NA,"FEW  ft","METAR CYUY 030500Z 00000KT 15SM FEW220 09/03 A3022 RMK CI2 SLP240",2026-06-03 05:35:45.675817,2026-06-03 01:35:45.675817
"CYZV",2026-06-03 05:00:00,2026-06-03 01:00:00,"VFR",7,4,81,70,4,24140.16,30.11,NA,"BKN  ft; OVC  ft","METAR CYZV 030500Z 07004KT 050V120 15SM BKN092 OVC120 07/04 A3011 RMK AC5AC3 SLP201",2026-06-03 05:35:45.720168,2026-06-03 01:35:45.720168
"CYBC",2026-06-03 05:00:00,2026-06-03 01:00:00,"VFR",9,7,87,90,6,14484.1,30.08,NA,"OVC  ft","METAR CYBC 030500Z AUTO 09006KT 9SM OVC130 09/07 A3008 RMK SLP190",2026-06-03 05:35:45.765596,2026-06-03 01:35:45.765596
"CYRJ",2026-06-03 05:00:00,2026-06-03 01:00:00,"VFR",13,5,58,290,5,40233.6,30.12,NA,"FEW  ft","METAR CYRJ 030500Z 29005KT 25SM FEW040 13/05 A3012 RMK SC1 SC TR SLP204",2026-06-03 05:35:45.805226,2026-06-03 01:35:45.805226
"CYHZ",2026-06-03 05:00:00,2026-06-03 01:00:00,"VFR",5,5,100,40,3,24140.16,30.1,NA,"FEW  ft; FEW  ft","METAR CYHZ 030500Z 04003KT 030V110 15SM FEW004 FEW085 05/05 A3010 RMK ST1AC2 ST TR SLP199",2026-06-03 05:35:45.840305,2026-06-03 01:35:45.840305
"CYYG",2026-06-03 05:17:00,2026-06-03 01:17:00,"LIFR",4,4,100,340,3,1207.01,30.11,NA,"OVC  ft","SPECI CYYG 030517Z 34003KT 3/4SM R03/5500VP6000FT/U BR OVC002 04/04 A3011 RMK FG4SF4 SLP201",2026-06-03 05:35:45.875295,2026-06-03 01:35:45.875295
"CYQM",2026-06-03 05:00:00,2026-06-03 01:00:00,"VFR",5,5,100,60,6,9999,30.12,NA,"FEW  ft; FEW  ft; FEW  ft; BKN  ft; BKN  ft","METAR CYQM 030500Z 06006KT 10SM FEW007 FEW065 FEW085 BKN160 BKN260 05/05 A3012 RMK SF2SC1AC1AC4CI1 SC TR AC TR CI TR CU ASOCTD SLP204",2026-06-03 05:35:45.912313,2026-06-03 01:35:45.912313
"CYFC",2026-06-03 05:00:00,2026-06-03 01:00:00,"VFR",8,5,81,360,5,14484.1,30.11,NA,"BKN  ft; BKN  ft; OVC  ft","METAR CYFC 030500Z AUTO 36005KT 9SM BKN120 BKN140 OVC160 08/05 A3011 RMK SLP199",2026-06-03 05:35:45.946436,2026-06-03 01:35:45.946436
"CYYT",2026-06-03 05:00:00,2026-06-03 01:00:00,"VFR",1,0,93,270,8,24140.16,30.2,NA,"FEW  ft","METAR CYYT 030500Z 27008KT 15SM FEW240 01/M00 A3020 RMK CI1 SLP236",2026-06-03 05:35:45.997221,2026-06-03 01:35:45.997221
"CYQY",2026-06-03 05:00:00,2026-06-03 01:00:00,"VFR",5,4,93,220,5,24140.16,30.11,NA,"SCT  ft; BKN  ft","METAR CYQY 030500Z 22005KT 15SM SCT009 BKN053 05/04 A3011 RMK SC3SC2 SLP199",2026-06-03 05:35:46.037004,2026-06-03 01:35:46.037004
"CYXY",2026-06-03 05:00:00,2026-06-03 01:00:00,"VFR",21,-5,16,220,6,64373.76,29.96,NA,"FEW  ft","METAR CYXY 030500Z 22006KT 40SM FEW240 21/M05 A2996 RMK CI2 SLP155 DENSITY ALT 3600FT",2026-06-03 05:35:46.072307,2026-06-03 01:35:46.072307
"CYZF",2026-06-03 05:00:00,2026-06-03 01:00:00,"VFR",10,-4,37,180,6,24140.16,30.27,NA,"BKN  ft","METAR CYZF 030500Z 18006KT 15SM BKN210 10/M04 A3027 RMK CI7 SLP260",2026-06-03 05:35:46.109833,2026-06-03 01:35:46.109833
"CYFB",2026-06-03 05:00:00,2026-06-03 01:00:00,"MVFR",-2,-6,74,330,21,48280.32,29.8,NA,"OVC  ft","METAR CYFB 030500Z 33021KT 30SM OVC020 M02/M06 A2980 RMK SC8 INTMT -SN SLP095",2026-06-03 05:35:46.14451,2026-06-03 01:35:46.14451
"CYRT",2026-06-03 05:21:00,2026-06-03 01:21:00,"VFR",7,2,70,290,9,24140.16,30.22,NA,"BKN  ft; BKN  ft","SPECI CYRT 030521Z 29009KT 15SM -SHRA BKN047 BKN068 07/02 A3022 RMK SC5AC2 CVCTV CLD EMBD SLP238",2026-06-03 05:35:46.185605,2026-06-03 01:35:46.185605
"CYBK",2026-06-03 05:00:00,2026-06-03 01:00:00,"VFR",8,3,70,300,10,40233.6,30.25,NA,"BKN  ft; BKN  ft","METAR CYBK 030500Z 30010KT 25SM BKN046 BKN080 08/03 A3025 RMK SC7AC1 AC TR SLP246",2026-06-03 05:35:46.231058,2026-06-03 01:35:46.231058
"CYRB",2026-06-03 05:00:00,2026-06-03 01:00:00,"IFR",-5,-6,92,250,15,32186.88,29.85,NA,"OVC  ft","METAR CYRB 030500Z 25015KT 20SM OVC007 M05/M06 A2985 RMK ST8 SLP117",2026-06-03 05:35:46.267374,2026-06-03 01:35:46.267374
"CYCO",2026-06-03 05:00:00,2026-06-03 01:00:00,"VFR",14,5,54,120,7,24140.16,30.11,NA,"FEW  ft; FEW  ft","METAR CYCO 030500Z 12007KT 15SM FEW036 FEW170 14/05 A3011 RMK CU1AC1 CU TR SLP199",2026-06-03 05:35:46.302667,2026-06-03 01:35:46.302667
"CYER",2026-06-03 09:00:00,2026-06-03 05:00:00,"IFR",1,1,100,360,10,14484.1,30.23,NA,"OVC  ft","METAR CYER 030900Z AUTO 36010KT 9SM OVC005 01/01 A3023 RMK SLP241",2026-06-03 10:06:56.911625,2026-06-03 06:06:56.911625
"CYAT",2026-06-03 09:00:00,2026-06-03 05:00:00,"VFR",16,7,55,280,9,14484.1,29.93,NA,NA,"METAR CYAT 030900Z AUTO 28009KT 9SM CLR 16/07 A2993 RMK SLP137",2026-06-03 10:06:56.95488,2026-06-03 06:06:56.95488
"CYMO",2026-06-03 09:00:00,2026-06-03 05:00:00,"VFR",14,4,50,200,10,14484.1,30.06,NA,NA,"METAR CYMO 030900Z AUTO 20010KT 9SM CLR 14/04 A3006 RMK SLP183",2026-06-03 10:06:56.991957,2026-06-03 06:06:56.991957
"CYPL",2026-06-03 09:00:00,2026-06-03 05:00:00,"VFR",19,10,55,260,7,14484.1,30.13,NA,NA,"METAR CYPL 030900Z AUTO 26007KT 9SM CLR 19/10 A3013 RMK SLP205 DENSITY ALT 1900FT",2026-06-03 10:06:57.028759,2026-06-03 06:06:57.028759
"CYQT",2026-06-03 09:56:00,2026-06-03 05:56:00,"VFR",6,5,93,250,3,32186.88,30.23,NA,"BKN  ft","SPECI CYQT 030956Z 25003KT 20SM BKN250 06/05 A3023 RMK CI6 SLP244",2026-06-03 10:06:57.064652,2026-06-03 06:06:57.064652
"CYAM",2026-06-03 09:00:00,2026-06-03 05:00:00,"VFR",4,4,100,0,0,24140.16,30.32,NA,"FEW  ft","METAR CYAM 030900Z 00000KT 15SM MIFG FEW240 04/04 A3032 RMK CI2 MIFG SE-SW SLP273",2026-06-03 10:06:57.101187,2026-06-03 06:06:57.101187
"CYTS",2026-06-03 09:00:00,2026-06-03 05:00:00,"VFR",5,3,86,190,3,24140.16,30.22,NA,"FEW  ft","METAR CYTS 030900Z 19003KT 15SM FEW250 05/03 A3022 RMK CI2 SLP241",2026-06-03 10:06:57.142148,2026-06-03 06:06:57.142148
"CYSB",2026-06-03 09:00:00,2026-06-03 05:00:00,"VFR",8,3,70,320,4,24140.16,30.27,NA,"FEW  ft","METAR CYSB 030900Z 32004KT 15SM FEW240 08/03 A3027 RMK CI1 SLP256",2026-06-03 10:06:57.186181,2026-06-03 06:06:57.186181
"CYYB",2026-06-03 09:00:00,2026-06-03 05:00:00,"VFR",6,4,87,350,3,14484.1,30.26,NA,NA,"METAR CYYB 030900Z AUTO 35003KT 9SM CLR 06/04 A3026 RMK SLP254",2026-06-03 10:06:57.223812,2026-06-03 06:06:57.223812
"CYOW",2026-06-03 09:00:00,2026-06-03 05:00:00,"VFR",10,5,71,290,7,24140.16,30.19,NA,"FEW  ft","METAR CYOW 030900Z 29007KT 15SM FEW250 10/05 A3019 RMK CI1 CI TR SLP225",2026-06-03 10:06:57.262568,2026-06-03 06:06:57.262568
"CYGK",2026-06-03 03:00:00,2026-06-02 23:00:00,"VFR",13,7,66,260,6,24140.16,30.21,NA,"SCT  ft","METAR CYGK 030300Z 26006KT 15SM SCT240 13/07 A3021 RMK CI4 LAST STFD OBS/ NEXT 031000Z SLP233",2026-06-03 10:06:57.301001,2026-06-03 06:06:57.301001
"CYQG",2026-06-03 09:00:00,2026-06-03 05:00:00,"VFR",11,7,76,320,2,14484.1,30.35,NA,NA,"METAR CYQG 030900Z AUTO 32002KT 9SM CLR 11/07 A3035 RMK SLP279",2026-06-03 10:06:57.340672,2026-06-03 06:06:57.340672
"CYVV",2026-06-03 09:00:00,2026-06-03 05:00:00,"VFR",9,5,76,210,5,24140.16,30.31,NA,"FEW  ft","METAR CYVV 030900Z 21005KT 15SM FEW250 09/05 A3031 RMK CI1 CI TR SLP268",2026-06-03 10:06:57.377566,2026-06-03 06:06:57.377566
"CYYZ",2026-06-03 09:00:00,2026-06-03 05:00:00,"VFR",15,4,47,330,8,24140.16,30.27,NA,"FEW  ft","METAR CYYZ 030900Z 33008KT 15SM FEW250 15/04 A3027 RMK CI1 SLP252",2026-06-03 10:06:57.409961,2026-06-03 06:06:57.409961
"CYQA",2026-06-03 09:00:00,2026-06-03 05:00:00,"VFR",5,5,100,10,2,14484.1,30.28,NA,NA,"METAR CYQA 030900Z AUTO 01002KT 9SM CLR 05/05 A3028 RMK SLP258",2026-06-03 10:06:57.447499,2026-06-03 06:06:57.447499
"CYVR",2026-06-03 09:00:00,2026-06-03 05:00:00,"VFR",18,9,55,100,5,32186.88,29.91,NA,"SCT  ft; BKN  ft","METAR CYVR 030900Z 10005KT 20SM SCT055 BKN240 18/09 A2991 RMK SC3CI4 SLP132 DENSITY ALT 400FT",2026-06-03 10:06:57.480087,2026-06-03 06:06:57.480087
"CYYJ",2026-06-03 09:00:00,2026-06-03 05:00:00,"VFR",17,9,59,260,3,48280.32,29.91,NA,"BKN  ft","METAR CYYJ 030900Z 26003KT 30SM BKN220 17/09 A2991 RMK CI7 SLP132 DENSITY ALT 300FT",2026-06-03 10:06:57.511046,2026-06-03 06:06:57.511046
"CYLW",2026-06-03 09:00:00,2026-06-03 05:00:00,"VFR",16,9,63,150,3,14484.1,29.99,NA,"BKN  ft","METAR CYLW 030900Z AUTO 15003KT 9SM BKN100 16/09 A2999 RMK SLP155 DENSITY ALT 1900FT",2026-06-03 10:06:57.544907,2026-06-03 06:06:57.544907
"CYXS",2026-06-03 09:00:00,2026-06-03 05:00:00,"VFR",15,2,41,360,8,14484.1,29.93,NA,"OVC  ft","METAR CYXS 030900Z AUTO 36008KT 9SM OVC096 15/02 A2993 RMK SLP138 DENSITY ALT 2900FT",2026-06-03 10:06:57.578337,2026-06-03 06:06:57.578337
"CYXT",2026-06-03 09:00:00,2026-06-03 05:00:00,"VFR",15,5,51,0,0,32186.88,29.92,NA,"SCT  ft","METAR CYXT 030900Z 00000KT 20SM SCT120 15/05 A2992 RMK AC4 SLP135",2026-06-03 10:06:57.624918,2026-06-03 06:06:57.624918
"CYQQ",2026-06-03 09:00:00,2026-06-03 05:00:00,"VFR",16,9,63,330,3,32186.88,29.9,NA,"BKN  ft; BKN  ft","METAR CYQQ 030900Z 33003KT 20SM BKN190 BKN220 16/09 A2990 RMK AC6CI1 DENSITY ALT 359FT MOON DIMLY VISBL SLP125",2026-06-03 10:06:57.683345,2026-06-03 06:06:57.683345
"CYYC",2026-06-03 09:00:00,2026-06-03 05:00:00,"MVFR",7,6,93,330,7,9999,30.19,NA,"OVC  ft","METAR CYYC 030900Z 33007KT 10SM OVC010 07/06 A3019 RMK SC8 SLP250",2026-06-03 10:06:57.762199,2026-06-03 06:06:57.762199
"CYEG",2026-06-03 09:21:00,2026-06-03 05:21:00,"LIFR",7,7,100,320,6,9656.06,30.18,NA,"OVC  ft","SPECI CYEG 030921Z 32006KT 6SM -DZ BR OVC004 07/07 A3018 RMK ST8 SLP241",2026-06-03 10:06:57.864419,2026-06-03 06:06:57.864419
"CYMM",2026-06-03 09:04:00,2026-06-03 05:04:00,"MVFR",8,8,100,60,3,9656.06,30.22,NA,"BKN  ft; OVC  ft","SPECI CYMM 030904Z AUTO 06003KT 6SM BR BKN015 OVC021 08/08 A3022 RMK SLP250",2026-06-03 10:06:57.937409,2026-06-03 06:06:57.937409
"CYQF",2026-06-03 09:00:00,2026-06-03 05:00:00,"IFR",8,7,93,320,5,14484.1,30.19,NA,"OVC  ft","METAR CYQF 030900Z AUTO 32005KT 9SM OVC005 08/07 A3019 RMK SLP248",2026-06-03 10:06:57.985867,2026-06-03 06:06:57.985867
"CYXE",2026-06-03 09:00:00,2026-06-03 05:00:00,"VFR",14,13,93,40,3,19312.13,29.96,NA,"SCT  ft; OVC  ft","METAR CYXE 030900Z 04003KT 12SM -SHRA SCT055 OVC077 14/13 A2996 RMK SC4AC4 CVCTV CLD EMBD SLP155 DENSITY ALT 1900FT",2026-06-03 10:06:58.051959,2026-06-03 06:06:58.051959
"CYQR",2026-06-03 09:00:00,2026-06-03 05:00:00,"VFR",9,8,93,230,9,24140.16,30,NA,"FEW  ft; SCT  ft","METAR CYQR 030900Z 23009KT 15SM FEW110 SCT250 09/08 A3000 RMK AC1CI2 SLP170",2026-06-03 10:06:58.11417,2026-06-03 06:06:58.11417
"CYWG",2026-06-03 09:00:00,2026-06-03 05:00:00,"VFR",18,16,88,180,21,24140.16,30.09,NA,"OVC  ft","METAR CYWG 030900Z 18021G27KT 15SM -RA OVC110 18/16 A3009 RMK AC8 PRESFR SLP191 DENSITY ALT 1100FT",2026-06-03 10:06:58.177045,2026-06-03 06:06:58.177045
"CYBR",2026-06-03 09:38:00,2026-06-03 05:38:00,"IFR",14,14,100,70,2,2816.35,30.03,NA,"OVC  ft","SPECI CYBR 030938Z AUTO 07002KT 1 3/4SM BR OVC006 14/14 A3003 RMK SLP181",2026-06-03 10:06:58.234571,2026-06-03 06:06:58.234571
"CYUL",2026-06-03 09:00:00,2026-06-03 05:00:00,"VFR",13,8,71,230,3,48280.32,30.14,NA,"FEW  ft","METAR CYUL 030900Z 23003KT 30SM FEW120 13/08 A3014 RMK AC1 AC TR SLP209",2026-06-03 10:06:58.293299,2026-06-03 06:06:58.293299
"CYHU",2026-06-03 09:00:00,2026-06-03 05:00:00,"VFR",12,8,76,230,4,14484.1,30.13,NA,NA,"METAR CYHU 030900Z AUTO 23004KT 9SM CLR 12/08 A3013 RMK SLP206",2026-06-03 10:06:58.335986,2026-06-03 06:06:58.335986
"CYQB",2026-06-03 09:00:00,2026-06-03 05:00:00,"VFR",11,7,76,NA,2,24140.16,30.1,NA,"FEW  ft; FEW  ft","METAR CYQB 030900Z VRB02KT 15SM FEW130 FEW160 11/07 A3010 RMK AC1AC1 AC TR AC TR SLP196",2026-06-03 10:06:58.388379,2026-06-03 06:06:58.388379
"CYVO",2026-06-03 09:00:00,2026-06-03 05:00:00,"VFR",7,2,70,0,0,14484.1,30.23,NA,NA,"METAR CYVO 030900Z AUTO 00000KT 9SM CLR 07/02 A3023 RMK SLP247",2026-06-03 10:06:58.438201,2026-06-03 06:06:58.438201
"CYUY",2026-06-03 09:00:00,2026-06-03 05:00:00,"VFR",4,1,80,0,0,24140.16,30.23,NA,"SCT  ft","METAR CYUY 030900Z 00000KT 15SM SCT260 04/01 A3023 RMK CI3 SLP244",2026-06-03 10:06:58.475858,2026-06-03 06:06:58.475858
"CYZV",2026-06-03 09:00:00,2026-06-03 05:00:00,"VFR",5,4,93,0,0,48280.32,30.1,NA,"SCT  ft; BKN  ft; BKN  ft","METAR CYZV 030900Z 00000KT 30SM SCT085 BKN100 BKN210 05/04 A3010 RMK AC4AC3CI1 CI TR SLP196",2026-06-03 10:06:58.511903,2026-06-03 06:06:58.511903
"CYBC",2026-06-03 09:00:00,2026-06-03 05:00:00,"VFR",8,6,87,90,5,14484.1,30.1,NA,"FEW  ft","METAR CYBC 030900Z AUTO 09005KT 9SM FEW120 08/06 A3010 RMK SLP195",2026-06-03 10:06:58.54887,2026-06-03 06:06:58.54887
"CYRJ",2026-06-03 09:00:00,2026-06-03 05:00:00,"VFR",11,5,66,280,7,64373.76,30.13,NA,"FEW  ft","METAR CYRJ 030900Z 28007KT 40SM FEW030 11/05 A3013 RMK SC2 SLP207",2026-06-03 10:06:58.583737,2026-06-03 06:06:58.583737
"CYHZ",2026-06-03 09:43:00,2026-06-03 05:43:00,"LIFR",4,4,100,20,6,804.67,30.12,NA,"VV  ft","SPECI CYHZ 030943Z 02006KT 1/2SM R14/2000V2400FT/N R23/P6000FT/D FG VV002 04/04 A3012 RMK FG8 SLP206",2026-06-03 10:06:58.618679,2026-06-03 06:06:58.618679
"CYYG",2026-06-03 09:00:00,2026-06-03 05:00:00,"IFR",4,4,100,350,6,24140.16,30.13,NA,"OVC  ft","METAR CYYG 030900Z 35006KT 15SM OVC006 04/04 A3013 RMK SC8 SLP206",2026-06-03 10:06:58.652869,2026-06-03 06:06:58.652869
"CYQM",2026-06-03 09:00:00,2026-06-03 05:00:00,"IFR",6,5,93,10,3,19312.13,30.14,NA,"BKN  ft; BKN  ft; BKN  ft; BKN  ft","METAR CYQM 030900Z 01003KT 12SM BKN007 BKN065 BKN120 BKN260 06/05 A3014 RMK SF6SC1AC1CI1 SC TR CI TR VIS LWR W-NW SLP210",2026-06-03 10:06:58.694498,2026-06-03 06:06:58.694498
"CYFC",2026-06-03 09:00:00,2026-06-03 05:00:00,"VFR",8,6,87,40,5,14484.1,30.13,NA,"OVC  ft","METAR CYFC 030900Z AUTO 04005KT 9SM OVC110 08/06 A3013 RMK SLP204",2026-06-03 10:06:58.738138,2026-06-03 06:06:58.738138
"CYYT",2026-06-03 09:00:00,2026-06-03 05:00:00,"VFR",3,1,86,260,7,24140.16,30.19,NA,"FEW  ft","METAR CYYT 030900Z 26007KT 15SM FEW003 03/01 A3019 RMK SF1 SF TR SLP230",2026-06-03 10:06:58.787858,2026-06-03 06:06:58.787858
"CYQY",2026-06-03 09:00:00,2026-06-03 05:00:00,"LIFR",5,5,100,160,4,3218.69,30.13,NA,"OVC  ft","METAR CYQY 030900Z 16004KT 2SM BR OVC003 05/05 A3013 RMK ST8 SLP207",2026-06-03 10:06:58.822076,2026-06-03 06:06:58.822076
"CYXY",2026-06-03 09:00:00,2026-06-03 05:00:00,"VFR",10,-4,37,240,5,64373.76,29.95,NA,"FEW  ft","METAR CYXY 030900Z 24005KT 40SM FEW240 10/M04 A2995 RMK CI1 CI TR SLP154",2026-06-03 10:06:58.85696,2026-06-03 06:06:58.85696
"CYZF",2026-06-03 09:00:00,2026-06-03 05:00:00,"VFR",9,-3,42,150,7,24140.16,30.2,NA,"SCT  ft","METAR CYZF 030900Z 15007KT 15SM SCT210 09/M03 A3020 RMK CI3 SLP237",2026-06-03 10:06:58.890625,2026-06-03 06:06:58.890625
"CYFB",2026-06-03 09:00:00,2026-06-03 05:00:00,"MVFR",-1,-4,80,320,17,48280.32,29.82,NA,"OVC  ft","METAR CYFB 030900Z 32017G23KT 30SM OVC015 M01/M04 A2982 RMK SC8 SLP103",2026-06-03 10:06:58.924635,2026-06-03 06:06:58.924635
"CYRT",2026-06-03 09:00:00,2026-06-03 05:00:00,"VFR",5,3,86,290,9,24140.16,30.21,NA,"SCT  ft; BKN  ft","METAR CYRT 030900Z 29009KT 15SM SCT089 BKN180 05/03 A3021 RMK AC3AS4 SLP234",2026-06-03 10:06:58.963992,2026-06-03 06:06:58.963992
"CYBK",2026-06-03 09:00:00,2026-06-03 05:00:00,"VFR",6,2,75,270,11,40233.6,30.21,NA,"FEW  ft; SCT  ft; BKN  ft","METAR CYBK 030900Z 27011KT 25SM FEW048 SCT080 BKN210 06/02 A3021 RMK SC1AC3CI3 SLP232",2026-06-03 10:06:58.997488,2026-06-03 06:06:58.997488
"CYRB",2026-06-03 09:00:00,2026-06-03 05:00:00,"IFR",-6,-7,92,260,15,40233.6,29.79,NA,"OVC  ft","METAR CYRB 030900Z 26015KT 25SM OVC006 M06/M07 A2979 RMK ST8 SLP098",2026-06-03 10:06:59.033471,2026-06-03 06:06:59.033471
"CYCO",2026-06-03 09:00:00,2026-06-03 05:00:00,"VFR",4,2,86,310,3,24140.16,30,NA,"SCT  ft; BKN  ft","METAR CYCO 030900Z 31003KT 15SM SCT120 BKN160 04/02 A3000 RMK AC3ACC4 VIRGA ALL QUADS SLP163",2026-06-03 10:06:59.066337,2026-06-03 06:06:59.066337
"CYER",2026-06-04 04:07:00,2026-06-04 00:07:00,"VFR",1,0,93,0,0,9656.06,30.24,NA,"SCT  ft","SPECI CYER 040407Z AUTO 00000KT 6SM BR SCT240 01/00 A3024 RMK SLP242",2026-06-04 04:59:28.958509,2026-06-04 00:59:28.958509
"CYAT",2026-06-04 04:51:00,2026-06-04 00:51:00,"IFR",2,2,100,40,8,14484.1,30.15,NA,"OVC  ft","SPECI CYAT 040451Z AUTO 04008KT 9SM -RA OVC009 02/02 A3015 RMK PRESRR SLP211",2026-06-04 04:59:29.00557,2026-06-04 00:59:29.00557
"CYMO",2026-06-04 04:33:00,2026-06-04 00:33:00,"VFR",3,2,93,360,4,14484.1,30.05,NA,"SCT  ft; BKN  ft; BKN  ft; OVC  ft","SPECI CYMO 040433Z AUTO 36004KT 9SM SCT009 BKN081 BKN100 OVC140 03/02 A3005 RMK SLP177",2026-06-04 04:59:29.044906,2026-06-04 00:59:29.044906
"CYPL",2026-06-04 04:48:00,2026-06-04 00:48:00,"VFR",12,10,87,60,6,14484.1,30.02,NA,"OVC  ft","SPECI CYPL 040448Z AUTO 06006KT 010V070 9SM -RA OVC096 12/10 A3002 RMK SLP179",2026-06-04 04:59:29.091472,2026-06-04 00:59:29.091472
"CYQT",2026-06-04 04:00:00,2026-06-04,"VFR",16,8,59,70,7,24140.16,30.02,NA,"OVC  ft","METAR CYQT 040400Z 07007KT 15SM OVC110 16/08 A3002 RMK AC8 SLP169",2026-06-04 04:59:29.129572,2026-06-04 00:59:29.129572
"CYAM",2026-06-04 04:00:00,2026-06-04,"VFR",11,6,71,190,3,32186.88,30.13,NA,"SCT  ft; BKN  ft; BKN  ft","METAR CYAM 040400Z 19003KT 20SM SCT100 BKN140 BKN260 11/06 A3013 RMK AC3AC2CI1 SLP208",2026-06-04 04:59:29.17057,2026-06-04 00:59:29.17057
"CYTS",2026-06-04 04:00:00,2026-06-04,"VFR",20,6,40,240,7,24140.16,30.03,NA,"SCT  ft","METAR CYTS 040400Z 24007KT 190V280 15SM SCT250 20/06 A3003 RMK CI3 SLP171 DENSITY ALT 1700FT",2026-06-04 04:59:29.208172,2026-06-04 00:59:29.208172
"CYSB",2026-06-04 04:00:00,2026-06-04,"VFR",16,6,51,0,0,24140.16,30.11,NA,"BKN  ft","METAR CYSB 040400Z 00000KT 15SM BKN240 16/06 A3011 RMK CI5 SLP199",2026-06-04 04:59:29.260441,2026-06-04 00:59:29.260441
"CYYB",2026-06-04 04:00:00,2026-06-04,"VFR",15,7,58,230,6,14484.1,30.13,NA,NA,"METAR CYYB 040400Z AUTO 23006KT 9SM CLR 15/07 A3013 RMK SLP206",2026-06-04 04:59:29.29576,2026-06-04 00:59:29.29576
"CYOW",2026-06-04 04:00:00,2026-06-04,"VFR",17,9,59,190,8,24140.16,30.09,NA,"BKN  ft","METAR CYOW 040400Z 19008KT 15SM BKN250 17/09 A3009 RMK CI5 SLP190",2026-06-04 04:59:29.338135,2026-06-04 00:59:29.338135
"CYGK",2026-06-04 03:00:00,2026-06-03 23:00:00,"VFR",13,11,87,160,2,24140.16,30.15,NA,"SCT  ft","METAR CYGK 040300Z 16002KT 15SM SCT250 13/11 A3015 RMK CI4 LAST SFTD OBS/NXT 041000Z SLP212",2026-06-04 04:59:29.378452,2026-06-04 00:59:29.378452
"CYQG",2026-06-04 04:00:00,2026-06-04,"VFR",15,9,67,0,0,14484.1,30.21,NA,NA,"METAR CYQG 040400Z AUTO 00000KT 9SM CLR 15/09 A3021 RMK SLP231",2026-06-04 04:59:29.415882,2026-06-04 00:59:29.415882
"CYVV",2026-06-04 04:00:00,2026-06-04,"VFR",9,9,100,140,5,24140.16,30.18,NA,"FEW  ft","METAR CYVV 040400Z 14005KT 15SM FEW250 09/09 A3018 RMK CI1 SLP225",2026-06-04 04:59:29.453742,2026-06-04 00:59:29.453742
"CYYZ",2026-06-04 04:00:00,2026-06-04,"VFR",20,6,40,0,0,24140.16,30.19,NA,NA,"METAR CYYZ 040400Z 00000KT 15SM SKC 20/06 A3019 RMK SLP222 DENSITY ALT 1000FT",2026-06-04 04:59:29.488077,2026-06-04 00:59:29.488077
"CYQA",2026-06-04 04:00:00,2026-06-04,"VFR",9,7,87,0,0,14484.1,30.18,NA,NA,"METAR CYQA 040400Z AUTO 00000KT 9SM CLR 09/07 A3018 RMK SLP224",2026-06-04 04:59:29.525667,2026-06-04 00:59:29.525667
"CYVR",2026-06-04 04:46:00,2026-06-04 00:46:00,"VFR",15,12,82,190,3,32186.88,30.07,NA,"BKN  ft; OVC  ft","SPECI CYVR 040446Z 19003KT 180V280 20SM BKN057 OVC069 15/12 A3007 RMK SC5AC3 SLP184",2026-06-04 04:59:29.562267,2026-06-04 00:59:29.562267
"CYYJ",2026-06-04 04:29:00,2026-06-04 00:29:00,"VFR",15,8,62,280,8,32186.88,30.07,NA,"FEW  ft; BKN  ft; BKN  ft","SPECI CYYJ 040429Z 28008KT 230V290 20SM VCSH FEW048 BKN061 BKN074 15/08 A3007 RMK CU2SC3AC2 VCSH E-S SLP185",2026-06-04 04:59:29.604525,2026-06-04 00:59:29.604525
"CYLW",2026-06-04 04:00:00,2026-06-04,"VFR",14,13,93,70,2,14484.1,29.97,NA,"BKN  ft; BKN  ft","METAR CYLW 040400Z AUTO 07002KT 9SM BKN180 BKN240 14/13 A2997 RMK SLP150",2026-06-04 04:59:29.649591,2026-06-04 00:59:29.649591
"CYXS",2026-06-04 04:00:00,2026-06-04,"VFR",13,13,100,150,3,14484.1,29.85,NA,"BKN  ft; OVC  ft","METAR CYXS 040400Z AUTO 15003KT 9SM BKN130 OVC180 13/13 A2985 RMK SLP118 DENSITY ALT 2700FT",2026-06-04 04:59:29.687237,2026-06-04 00:59:29.687237
"CYXT",2026-06-04 04:21:00,2026-06-04 00:21:00,"VFR",12,6,66,170,18,32186.88,29.95,NA,"SCT  ft; BKN  ft; OVC  ft","SPECI CYXT 040421Z 17018G26KT 20SM SCT045 BKN060 OVC070 12/06 A2995 RMK SC3SC4AC1 SH DIST S SLP147",2026-06-04 04:59:29.725616,2026-06-04 00:59:29.725616
"CYQQ",2026-06-04 04:45:00,2026-06-04 00:45:00,"VFR",16,9,63,350,9,24140.16,30.06,NA,"BKN  ft; OVC  ft","SPECI CYQQ 040445Z 35009KT 15SM -SHRA BKN040 OVC085 16/09 A3006 RMK SC7AC1 DENSITY ALT 222FT SLP179",2026-06-04 04:59:29.762527,2026-06-04 00:59:29.762527
"CYYC",2026-06-04 04:00:00,2026-06-04,"VFR",13,10,82,130,11,32186.88,29.95,NA,"SCT  ft; SCT  ft; SCT  ft","METAR CYYC 040400Z 13011G17KT 20SM SCT032 SCT150 SCT250 13/10 A2995 RMK SC4AC1CI1 AC TR CI TR SLP159 DENSITY ALT 4200FT",2026-06-04 04:59:29.800085,2026-06-04 00:59:29.800085
"CYEG",2026-06-04 04:20:00,2026-06-04 00:20:00,"MVFR",12,10,87,150,12,24140.16,29.96,NA,"OVC  ft","SPECI CYEG 040420Z 15012G20KT 15SM OVC015 12/10 A2996 RMK SC8 SLP162 DENSITY ALT 2600FT",2026-06-04 04:59:29.837436,2026-06-04 00:59:29.837436
"CYMM",2026-06-04 04:00:00,2026-06-04,"VFR",12,9,81,110,4,14484.1,29.95,NA,NA,"METAR CYMM 040400Z AUTO 11004KT 9SM CLR 12/09 A2995 RMK SLP156",2026-06-04 04:59:29.874785,2026-06-04 00:59:29.874785
"CYQF",2026-06-04 04:00:00,2026-06-04,"VFR",12,10,87,120,10,14484.1,29.96,NA,NA,"METAR CYQF 040400Z AUTO 12010G15KT 9SM CLR 12/10 A2996 RMK SLP162 DENSITY ALT 3300FT",2026-06-04 04:59:29.91246,2026-06-04 00:59:29.91246
"CYXE",2026-06-04 04:47:00,2026-06-04 00:47:00,"IFR",11,11,100,50,10,9656.06,29.99,NA,"OVC  ft","SPECI CYXE 040447Z 05010KT 6SM -DZ BR OVC005 11/11 A2999 RMK ST8 SLP168",2026-06-04 04:59:29.954709,2026-06-04 00:59:29.954709
"CYQR",2026-06-04 04:00:00,2026-06-04,"VFR",14,10,76,350,7,24140.16,29.93,NA,"SCT  ft; BKN  ft","METAR CYQR 040400Z 35007KT 15SM SCT053 BKN090 14/10 A2993 RMK SC3AC3 SLP147 DENSITY ALT 2200FT",2026-06-04 04:59:29.995601,2026-06-04 00:59:29.995601
"CYWG",2026-06-04 04:00:00,2026-06-04,"VFR",16,15,93,100,3,24140.16,29.87,NA,"SCT  ft; BKN  ft","METAR CYWG 040400Z 10003KT 15SM SCT100 BKN110 16/15 A2987 RMK AC3AC2 OCNL DIST LTNG SE SLP120 DENSITY ALT 1100FT",2026-06-04 04:59:30.03277,2026-06-04 00:59:30.03277
"CYBR",2026-06-04 04:00:00,2026-06-04,"VFR",17,12,72,220,3,14484.1,29.88,NA,"SCT  ft; BKN  ft","METAR CYBR 040400Z AUTO 22003KT 9SM SCT076 BKN120 17/12 A2988 RMK SLP123 DENSITY ALT 1900FT",2026-06-04 04:59:30.070232,2026-06-04 00:59:30.070232
"CYUL",2026-06-04 04:00:00,2026-06-04,"VFR",21,8,43,230,9,24140.16,30.09,NA,"BKN  ft","METAR CYUL 040400Z 23009G15KT 15SM BKN250 21/08 A3009 RMK CI6 SLP190 DENSITY ALT 700FT",2026-06-04 04:59:30.132365,2026-06-04 00:59:30.132365
"CYHU",2026-06-04 04:00:00,2026-06-04,"VFR",21,9,46,240,10,14484.1,30.08,NA,NA,"METAR CYHU 040400Z AUTO 24010KT 9SM CLR 21/09 A3008 RMK ICE MISG SLP187 DENSITY ALT 600FT",2026-06-04 04:59:30.181767,2026-06-04 00:59:30.181767
"CYQB",2026-06-04 04:00:00,2026-06-04,"VFR",17,10,63,230,4,24140.16,30.01,NA,"FEW  ft","METAR CYQB 040400Z 23004KT 15SM FEW260 17/10 A3001 RMK CI1 SLP165 DENSITY ALT 500FT",2026-06-04 04:59:30.231132,2026-06-04 00:59:30.231132
"CYVO",2026-06-04 04:00:00,2026-06-04,"VFR",18,3,36,220,6,14484.1,30.03,NA,NA,"METAR CYVO 040400Z AUTO 22006KT 9SM CLR 18/03 A3003 RMK SLP172 DENSITY ALT 1700FT",2026-06-04 04:59:30.27125,2026-06-04 00:59:30.27125
"CYUY",2026-06-04 04:00:00,2026-06-04,"VFR",13,4,54,150,2,24140.16,30.01,NA,"FEW  ft","METAR CYUY 040400Z 15002KT 15SM FEW260 13/04 A3001 RMK CI1 SLP168",2026-06-04 04:59:30.31144,2026-06-04 00:59:30.31144
"CYZV",2026-06-04 04:00:00,2026-06-04,"VFR",7,4,81,50,3,24140.16,29.87,NA,"FEW  ft; SCT  ft","METAR CYZV 040400Z 05003KT 15SM FEW100 SCT250 07/04 A2987 RMK AC2CI1 SLP119",2026-06-04 04:59:30.347682,2026-06-04 00:59:30.347682
"CYBC",2026-06-04 04:00:00,2026-06-04,"VFR",11,9,87,250,5,14484.1,29.88,NA,NA,"METAR CYBC 040400Z AUTO 25005KT 9SM CLR 11/09 A2988 RMK SLP121",2026-06-04 04:59:30.389379,2026-06-04 00:59:30.389379
"CYRJ",2026-06-04 04:00:00,2026-06-04,"VFR",21,3,30,230,9,40233.6,29.95,NA,NA,"METAR CYRJ 040400Z 23009KT 25SM SKC 21/03 A2995 RMK SLP146 DENSITY ALT 1400FT",2026-06-04 04:59:30.426951,2026-06-04 00:59:30.426951
"CYHZ",2026-06-04 04:00:00,2026-06-04,"VFR",8,4,75,210,11,24140.16,30.15,NA,NA,"METAR CYHZ 040400Z 21011KT 15SM SKC 08/04 A3015 RMK SLP215",2026-06-04 04:59:30.464831,2026-06-04 00:59:30.464831
"CYYG",2026-06-04 04:00:00,2026-06-04,"VFR",13,4,54,210,11,24140.16,30.05,NA,"FEW  ft; SCT  ft","METAR CYYG 040400Z 21011KT 15SM FEW150 SCT240 13/04 A3005 RMK AC2CI1 SLP181",2026-06-04 04:59:30.507048,2026-06-04 00:59:30.507048
"CYQM",2026-06-04 04:00:00,2026-06-04,"VFR",13,2,47,230,10,24140.16,30.06,NA,"BKN  ft; BKN  ft; BKN  ft","METAR CYQM 040400Z 23010KT 15SM BKN120 BKN140 BKN260 13/02 A3006 RMK AC6AC1CI1 AC TR SLP181",2026-06-04 04:59:30.55551,2026-06-04 00:59:30.55551
"CYFC",2026-06-04 04:00:00,2026-06-04,"VFR",13,4,54,210,7,14484.1,30.08,NA,"BKN  ft","METAR CYFC 040400Z AUTO 21007KT 9SM BKN120 13/04 A3008 RMK SLP188",2026-06-04 04:59:30.600131,2026-06-04 00:59:30.600131
"CYYT",2026-06-04 04:00:00,2026-06-04,"VFR",7,4,81,280,12,24140.16,29.98,NA,"OVC  ft","METAR CYYT 040400Z 28012G19KT 15SM OVC110 07/04 A2998 RMK AC8 SLP158",2026-06-04 04:59:30.699226,2026-06-04 00:59:30.699226
"CYQY",2026-06-04 04:00:00,2026-06-04,"VFR",7,5,87,240,12,24140.16,30.08,NA,"SCT  ft; BKN  ft","METAR CYQY 040400Z 24012KT 15SM SCT120 BKN240 07/05 A3008 RMK AC4CI1 SLP190",2026-06-04 04:59:30.799098,2026-06-04 00:59:30.799098
"CYXY",2026-06-04 04:00:00,2026-06-04,"VFR",23,-2,18,230,12,64373.76,29.69,NA,"BKN  ft","METAR CYXY 040400Z 23012KT 40SM BKN130 23/M02 A2969 RMK AC7 SLP064 DENSITY ALT 4100FT",2026-06-04 04:59:30.860619,2026-06-04 00:59:30.860619
"CYZF",2026-06-04 04:00:00,2026-06-04,"VFR",14,-2,33,170,8,19312.13,29.85,NA,"FEW  ft; SCT  ft","METAR CYZF 040400Z 17008KT 12SM FEW120 SCT240 14/M02 A2985 RMK AC1CI2 FU SLP118",2026-06-04 04:59:30.905287,2026-06-04 00:59:30.905287
"CYFB",2026-06-04 04:00:00,2026-06-04,"MVFR",0,-5,69,330,10,48280.32,29.86,NA,"OVC  ft","METAR CYFB 040400Z 33010KT 30SM OVC024 00/M05 A2986 RMK SC8 SLP118",2026-06-04 04:59:30.948517,2026-06-04 00:59:30.948517
"CYRT",2026-06-04 04:00:00,2026-06-04,"VFR",8,5,81,240,7,24140.16,30,NA,"OVC  ft","METAR CYRT 040400Z 24007KT 15SM OVC200 08/05 A3000 RMK CI8 SLP162",2026-06-04 04:59:30.990735,2026-06-04 00:59:30.990735
"CYBK",2026-06-04 04:00:00,2026-06-04,"MVFR",13,6,62,250,11,40233.6,29.92,NA,"BKN  ft; OVC  ft","METAR CYBK 040400Z 25011G17KT 25SM BKN015 OVC080 13/06 A2992 RMK SC6AC2 SLP136",2026-06-04 04:59:31.029437,2026-06-04 00:59:31.029437
"CYRB",2026-06-04 04:00:00,2026-06-04,"IFR",-3,-3,100,240,11,9656.06,29.55,NA,"BKN  ft; OVC  ft","METAR CYRB 040400Z 24011KT 6SM -SN BKN005 OVC034 M03/M03 A2955 RMK ST6SC2 SLP016",2026-06-04 04:59:31.070773,2026-06-04 00:59:31.070773
"CYCO",2026-06-04 02:00:00,2026-06-03 22:00:00,"VFR",10,4,66,90,5,24140.16,29.87,NA,"FEW  ft; FEW  ft; FEW  ft","METAR CYCO 040200Z 09005KT 040V110 15SM VCSH FEW024TCU FEW095 FEW260 10/04 A2987 RMK TCU1AC1CI1 TCU TR CI TR LAST STFD OBS/NEXT 041400Z SLP118",2026-06-04 04:59:31.117575,2026-06-04 00:59:31.117575
"CYER",2026-06-04 05:22:00,2026-06-04 01:22:00,"MVFR",0,0,100,150,3,8046.72,30.22,NA,"SCT  ft","SPECI CYER 040522Z AUTO 15003KT 5SM BR SCT240 M00/M00 A3022 RMK SLP235",2026-06-04 05:31:09.855224,2026-06-04 01:31:09.855224
"CYAT",2026-06-04 05:23:00,2026-06-04 01:23:00,"MVFR",2,2,100,50,9,14484.1,30.13,NA,"BKN  ft; BKN  ft; OVC  ft","SPECI CYAT 040523Z AUTO 05009KT 9SM -RA BKN011 BKN060 OVC073 02/02 A3013 RMK SLP205",2026-06-04 05:31:09.968138,2026-06-04 01:31:09.968138
"CYMO",2026-06-04 05:09:00,2026-06-04 01:09:00,"IFR",3,2,93,10,6,14484.1,30.03,NA,"BKN  ft; BKN  ft; OVC  ft","SPECI CYMO 040509Z AUTO 01006KT 350V060 9SM BKN006 BKN110 OVC130 03/02 A3003 RMK SLP172",2026-06-04 05:31:10.067075,2026-06-04 01:31:10.067075
"CYPL",2026-06-04 05:22:00,2026-06-04 01:22:00,"IFR",11,10,93,50,8,14484.1,30.01,NA,"BKN  ft; OVC  ft","SPECI CYPL 040522Z AUTO 05008G15KT 030V100 9SM BKN006 OVC096 11/10 A3001 RMK SLP176",2026-06-04 05:31:10.16913,2026-06-04 01:31:10.16913
"CYQT",2026-06-04 05:00:00,2026-06-04 01:00:00,"VFR",14,8,67,60,4,24140.16,30.02,NA,"OVC  ft","METAR CYQT 040500Z 06004KT 15SM OVC100 14/08 A3002 RMK AC8 SLP170",2026-06-04 05:31:10.268916,2026-06-04 01:31:10.268916
"CYAM",2026-06-04 05:00:00,2026-06-04 01:00:00,"VFR",10,5,71,190,3,32186.88,30.13,NA,"FEW  ft; SCT  ft; SCT  ft","METAR CYAM 040500Z 19003KT 130V200 20SM FEW098 SCT150 SCT260 10/05 A3013 RMK AC1AC2CI1 SLP207",2026-06-04 05:31:10.368774,2026-06-04 01:31:10.368774
"CYTS",2026-06-04 05:00:00,2026-06-04 01:00:00,"VFR",19,6,42,240,5,24140.16,30.03,NA,"SCT  ft","METAR CYTS 040500Z 24005KT 220V280 15SM SCT250 19/06 A3003 RMK CI3 SLP170 DENSITY ALT 1600FT",2026-06-04 05:31:10.468959,2026-06-04 01:31:10.468959
"CYSB",2026-06-04 05:00:00,2026-06-04 01:00:00,"VFR",15,7,58,230,4,24140.16,30.11,NA,"BKN  ft","METAR CYSB 040500Z 23004KT 15SM BKN220 15/07 A3011 RMK CI5 SLP198",2026-06-04 05:31:10.570783,2026-06-04 01:31:10.570783
"CYYB",2026-06-04 05:00:00,2026-06-04 01:00:00,"VFR",13,7,66,220,7,14484.1,30.12,NA,NA,"METAR CYYB 040500Z AUTO 22007KT 9SM CLR 13/07 A3012 RMK SLP201",2026-06-04 05:31:10.672465,2026-06-04 01:31:10.672465
"CYOW",2026-06-04 05:00:00,2026-06-04 01:00:00,"VFR",15,8,62,210,7,24140.16,30.09,NA,"BKN  ft","METAR CYOW 040500Z 21007KT 15SM BKN250 15/08 A3009 RMK CI5 SLP191",2026-06-04 05:31:10.776031,2026-06-04 01:31:10.776031
"CYGK",2026-06-04 03:00:00,2026-06-03 23:00:00,"VFR",13,11,87,160,2,24140.16,30.15,NA,"SCT  ft","METAR CYGK 040300Z 16002KT 15SM SCT250 13/11 A3015 RMK CI4 LAST SFTD OBS/NXT 041000Z SLP212",2026-06-04 05:31:10.877202,2026-06-04 01:31:10.877202
"CYQG",2026-06-04 05:00:00,2026-06-04 01:00:00,"VFR",16,8,59,0,0,14484.1,30.21,NA,NA,"METAR CYQG 040500Z AUTO 00000KT 9SM CLR 16/08 A3021 RMK SLP230",2026-06-04 05:31:10.978699,2026-06-04 01:31:10.978699
"CYVV",2026-06-04 05:00:00,2026-06-04 01:00:00,"VFR",9,8,93,110,3,24140.16,30.17,NA,"FEW  ft","METAR CYVV 040500Z 11003KT 15SM FEW250 09/08 A3017 RMK CI1 CI TR SLP220",2026-06-04 05:31:11.078799,2026-06-04 01:31:11.078799
"CYYZ",2026-06-04 05:00:00,2026-06-04 01:00:00,"VFR",19,6,42,0,0,24140.16,30.18,NA,NA,"METAR CYYZ 040500Z 00000KT 15SM SKC 19/06 A3018 RMK SLP220 DENSITY ALT 900FT",2026-06-04 05:31:12.066667,2026-06-04 01:31:12.066667
"CYQA",2026-06-04 05:00:00,2026-06-04 01:00:00,"VFR",8,7,93,0,0,14484.1,30.17,NA,NA,"METAR CYQA 040500Z AUTO 00000KT 9SM CLR 08/07 A3017 RMK SLP221",2026-06-04 05:31:12.168674,2026-06-04 01:31:12.168674
"CYVR",2026-06-04 05:00:00,2026-06-04 01:00:00,"VFR",15,11,76,210,5,32186.88,30.07,NA,"OVC  ft","METAR CYVR 040500Z 21005KT 20SM OVC056 15/11 A3007 RMK SC8 SLP186",2026-06-04 05:31:12.273288,2026-06-04 01:31:12.273288
"CYYJ",2026-06-04 05:00:00,2026-06-04 01:00:00,"VFR",15,7,58,300,6,32186.88,30.08,NA,"FEW  ft; BKN  ft; BKN  ft","METAR CYYJ 040500Z 30006KT 20SM VCSH FEW045 BKN059 BKN074 15/07 A3008 RMK CU1SC4AC2 VCSH E-S SLP189",2026-06-04 05:31:12.375977,2026-06-04 01:31:12.375977
"CYLW",2026-06-04 05:00:00,2026-06-04 01:00:00,"VFR",12,12,100,70,4,14484.1,29.98,NA,"SCT  ft; BKN  ft","METAR CYLW 040500Z AUTO 07004KT 9SM SCT086 BKN230 12/12 A2998 RMK SLP153",2026-06-04 05:31:12.4997,2026-06-04 01:31:12.4997
"CYXS",2026-06-04 05:00:00,2026-06-04 01:00:00,"VFR",13,13,100,210,3,14484.1,29.88,NA,"FEW  ft; BKN  ft; BKN  ft","METAR CYXS 040500Z AUTO 21003KT 9SM FEW150 BKN200 BKN220 13/13 A2988 RMK SLP126 DENSITY ALT 2700FT",2026-06-04 05:31:12.606904,2026-06-04 01:31:12.606904
"CYXT",2026-06-04 05:00:00,2026-06-04 01:00:00,"VFR",12,7,71,170,20,24140.16,29.96,NA,"FEW  ft; BKN  ft; OVC  ft","METAR CYXT 040500Z 17020G25KT 15SM -RA FEW020 BKN050 OVC070 12/07 A2996 RMK SC1SC6AC2 SC TR SLP151",2026-06-04 05:31:12.712089,2026-06-04 01:31:12.712089
"CYQQ",2026-06-04 05:00:00,2026-06-04 01:00:00,"VFR",16,9,63,360,10,24140.16,30.07,NA,"BKN  ft; OVC  ft","METAR CYQQ 040500Z 36010KT 15SM -SHRA BKN045 OVC085 16/09 A3007 RMK SC7AC1 DENSITY ALT 163FT SLP181",2026-06-04 05:31:12.825346,2026-06-04 01:31:12.825346
"CYYC",2026-06-04 05:00:00,2026-06-04 01:00:00,"VFR",12,10,87,140,12,24140.16,29.95,NA,"SCT  ft; SCT  ft","METAR CYYC 040500Z 14012KT 15SM SCT032 SCT150 12/10 A2995 RMK SC3AC1 AC TR SLP154 DENSITY ALT 4100FT",2026-06-04 05:31:12.938566,2026-06-04 01:31:12.938566
"CYEG",2026-06-04 05:00:00,2026-06-04 01:00:00,"MVFR",12,10,87,140,12,24140.16,29.96,NA,"OVC  ft","METAR CYEG 040500Z 14012G18KT 15SM OVC015 12/10 A2996 RMK SC8 SLP160 DENSITY ALT 2600FT",2026-06-04 05:31:13.042313,2026-06-04 01:31:13.042313
"CYMM",2026-06-04 05:00:00,2026-06-04 01:00:00,"VFR",11,9,87,100,6,14484.1,29.94,NA,NA,"METAR CYMM 040500Z AUTO 10006KT 9SM CLR 11/09 A2994 RMK SLP152",2026-06-04 05:31:13.142265,2026-06-04 01:31:13.142265
"CYQF",2026-06-04 05:00:00,2026-06-04 01:00:00,"VFR",11,9,87,120,7,14484.1,29.95,NA,NA,"METAR CYQF 040500Z AUTO 12007KT 9SM CLR 11/09 A2995 RMK SLP162 DENSITY ALT 3200FT",2026-06-04 05:31:13.24101,2026-06-04 01:31:13.24101
"CYXE",2026-06-04 05:00:00,2026-06-04 01:00:00,"IFR",11,11,100,40,9,19312.13,29.99,NA,"OVC  ft","METAR CYXE 040500Z 04009KT 12SM -DZ OVC005 11/11 A2999 RMK ST8 SLP168",2026-06-04 05:31:13.342873,2026-06-04 01:31:13.342873
"CYQR",2026-06-04 05:00:00,2026-06-04 01:00:00,"VFR",12,10,87,340,8,24140.16,29.92,NA,"SCT  ft; BKN  ft","METAR CYQR 040500Z 34008KT 15SM SCT050 BKN090 12/10 A2992 RMK SC3AC2 SLP144",2026-06-04 05:31:13.442989,2026-06-04 01:31:13.442989
"CYWG",2026-06-04 05:00:00,2026-06-04 01:00:00,"VFR",16,16,100,170,5,20921.47,29.87,NA,"SCT  ft","METAR CYWG 040500Z 17005KT 13SM SCT110 16/16 A2987 RMK AC3 SLP120 DENSITY ALT 1200FT",2026-06-04 05:31:13.544908,2026-06-04 01:31:13.544908
"CYBR",2026-06-04 05:00:00,2026-06-04 01:00:00,"VFR",16,12,77,200,4,14484.1,29.87,NA,"OVC  ft","METAR CYBR 040500Z AUTO 20004KT 9SM OVC120 16/12 A2987 RMK SLP121 DENSITY ALT 1900FT",2026-06-04 05:31:13.645375,2026-06-04 01:31:13.645375
"CYUL",2026-06-04 05:00:00,2026-06-04 01:00:00,"VFR",19,7,45,260,6,24140.16,30.09,NA,"FEW  ft","METAR CYUL 040500Z 26006KT 15SM FEW250 19/07 A3009 RMK CI2 SLP190 DENSITY ALT 500FT",2026-06-04 05:31:13.745843,2026-06-04 01:31:13.745843
"CYHU",2026-06-04 05:00:00,2026-06-04 01:00:00,"VFR",20,8,45,250,11,14484.1,30.08,NA,NA,"METAR CYHU 040500Z AUTO 25011G16KT 9SM CLR 20/08 A3008 RMK SLP187 DENSITY ALT 500FT",2026-06-04 05:31:13.851503,2026-06-04 01:31:13.851503
"CYQB",2026-06-04 05:00:00,2026-06-04 01:00:00,"VFR",15,10,72,0,0,24140.16,30.01,NA,"SCT  ft","METAR CYQB 040500Z 00000KT 15SM SCT260 15/10 A3001 RMK CI3 SLP166",2026-06-04 05:31:13.959956,2026-06-04 01:31:13.959956
"CYVO",2026-06-04 05:00:00,2026-06-04 01:00:00,"VFR",17,4,42,220,7,14484.1,30.02,NA,NA,"METAR CYVO 040500Z AUTO 22007KT 9SM CLR 17/04 A3002 RMK SLP169 DENSITY ALT 1500FT",2026-06-04 05:31:14.064389,2026-06-04 01:31:14.064389
"CYUY",2026-06-04 05:00:00,2026-06-04 01:00:00,"VFR",15,4,47,200,5,24140.16,30.01,NA,"SCT  ft","METAR CYUY 040500Z 20005KT 15SM SCT260 15/04 A3001 RMK CI3 SLP165",2026-06-04 05:31:14.165728,2026-06-04 01:31:14.165728
"CYZV",2026-06-04 05:00:00,2026-06-04 01:00:00,"VFR",6,4,87,360,3,24140.16,29.85,NA,"SCT  ft; BKN  ft","METAR CYZV 040500Z 36003KT 270V050 15SM SCT160 BKN250 06/04 A2985 RMK AC4CI1 SLP113",2026-06-04 05:31:14.270274,2026-06-04 01:31:14.270274
"CYBC",2026-06-04 05:00:00,2026-06-04 01:00:00,"VFR",11,9,87,270,4,14484.1,29.87,NA,NA,"METAR CYBC 040500Z AUTO 27004KT 9SM CLR 11/09 A2987 RMK SLP118",2026-06-04 05:31:14.376677,2026-06-04 01:31:14.376677
"CYRJ",2026-06-04 05:00:00,2026-06-04 01:00:00,"VFR",20,3,32,230,10,40233.6,29.94,NA,"FEW  ft","METAR CYRJ 040500Z 23010KT 25SM FEW080 20/03 A2994 RMK AS1 SLP141 DENSITY ALT 1400FT",2026-06-04 05:31:14.481029,2026-06-04 01:31:14.481029
"CYHZ",2026-06-04 05:00:00,2026-06-04 01:00:00,"VFR",8,5,81,220,12,24140.16,30.15,NA,NA,"METAR CYHZ 040500Z 22012KT 15SM SKC 08/05 A3015 RMK SLP213",2026-06-04 05:31:14.585947,2026-06-04 01:31:14.585947
"CYYG",2026-06-04 05:00:00,2026-06-04 01:00:00,"VFR",13,4,54,220,14,24140.16,30.05,NA,"FEW  ft; SCT  ft","METAR CYYG 040500Z 22014G19KT 15SM FEW100 SCT150 13/04 A3005 RMK AC1AC3 SLP178",2026-06-04 05:31:14.700424,2026-06-04 01:31:14.700424
"CYQM",2026-06-04 05:00:00,2026-06-04 01:00:00,"VFR",14,2,44,220,11,19312.13,30.05,NA,"BKN  ft; BKN  ft; BKN  ft","METAR CYQM 040500Z 22011KT 12SM BKN120 BKN140 BKN260 14/02 A3005 RMK AC6AC1CI1 CI TR SLP179",2026-06-04 05:31:14.819199,2026-06-04 01:31:14.819199
"CYFC",2026-06-04 05:00:00,2026-06-04 01:00:00,"VFR",13,4,54,210,7,14484.1,30.06,NA,"SCT  ft","METAR CYFC 040500Z AUTO 21007KT 9SM SCT130 13/04 A3006 RMK SLP182",2026-06-04 05:31:14.929278,2026-06-04 01:31:14.929278
"CYYT",2026-06-04 05:00:00,2026-06-04 01:00:00,"VFR",6,3,81,280,13,24140.16,29.98,NA,"OVC  ft","METAR CYYT 040500Z 28013KT 15SM OVC100 06/03 A2998 RMK AC8 SLP157",2026-06-04 05:31:15.044141,2026-06-04 01:31:15.044141
"CYQY",2026-06-04 05:00:00,2026-06-04 01:00:00,"VFR",7,4,81,240,10,24140.16,30.08,NA,"FEW  ft; BKN  ft","METAR CYQY 040500Z 24010KT 15SM FEW110 BKN140 07/04 A3008 RMK AC2AC4 SLP190",2026-06-04 05:31:15.160884,2026-06-04 01:31:15.160884
"CYXY",2026-06-04 05:00:00,2026-06-04 01:00:00,"VFR",22,-1,21,140,8,64373.76,29.7,NA,"BKN  ft","METAR CYXY 040500Z 14008KT 120V180 40SM BKN140 22/M01 A2970 RMK AC7 SLP066 DENSITY ALT 3900FT",2026-06-04 05:31:15.273081,2026-06-04 01:31:15.273081
"CYZF",2026-06-04 05:00:00,2026-06-04 01:00:00,"VFR",12,-2,37,170,7,9999,29.84,NA,"FEW  ft; SCT  ft","METAR CYZF 040500Z 17007KT 10SM FEW120 SCT240 12/M02 A2984 RMK AC1CI4 AC TR FU SLP114",2026-06-04 05:31:15.388501,2026-06-04 01:31:15.388501
"CYFB",2026-06-04 05:00:00,2026-06-04 01:00:00,"MVFR",0,-5,69,330,9,48280.32,29.86,NA,"OVC  ft","METAR CYFB 040500Z 33009KT 30SM OVC024 M00/M05 A2986 RMK SC8 SH DIST NW CVCTV CLD EMBD SLP117",2026-06-04 05:31:15.496546,2026-06-04 01:31:15.496546
"CYRT",2026-06-04 05:00:00,2026-06-04 01:00:00,"VFR",8,5,81,200,3,24140.16,29.98,NA,"OVC  ft","METAR CYRT 040500Z 20003KT 15SM OVC180 08/05 A2998 RMK AC8 SLP158",2026-06-04 05:31:15.621683,2026-06-04 01:31:15.621683
"CYBK",2026-06-04 05:00:00,2026-06-04 01:00:00,"MVFR",12,4,58,250,11,40233.6,29.9,NA,"BKN  ft; OVC  ft","METAR CYBK 040500Z 25011KT 25SM BKN016 OVC080 12/04 A2990 RMK SC7AC1 SLP129",2026-06-04 05:31:15.747971,2026-06-04 01:31:15.747971
"CYRB",2026-06-04 05:00:00,2026-06-04 01:00:00,"IFR",-3,-4,92,240,10,19312.13,29.54,NA,"BKN  ft; OVC  ft","METAR CYRB 040500Z 24010KT 12SM -SN BKN005 OVC015 M03/M04 A2954 RMK SC5SC3 SLP012",2026-06-04 05:31:15.884839,2026-06-04 01:31:15.884839
"CYCO",2026-06-04 02:00:00,2026-06-03 22:00:00,"VFR",10,4,66,90,5,24140.16,29.87,NA,"FEW  ft; FEW  ft; FEW  ft","METAR CYCO 040200Z 09005KT 040V110 15SM VCSH FEW024TCU FEW095 FEW260 10/04 A2987 RMK TCU1AC1CI1 TCU TR CI TR LAST STFD OBS/NEXT 041400Z SLP118",2026-06-04 05:31:16.005319,2026-06-04 01:31:16.005319
"CYER",2026-06-04 08:00:00,2026-06-04 04:00:00,"VFR",-1,-1,100,210,5,14484.1,30.21,NA,"SCT  ft","METAR CYER 040800Z AUTO 21005KT 9SM SCT250 M01/M01 A3021 RMK SLP232",2026-06-04 09:02:56.313542,2026-06-04 05:02:56.313542
"CYAT",2026-06-04 08:09:00,2026-06-04 04:09:00,"IFR",2,2,100,50,8,14484.1,30.12,NA,"BKN  ft; OVC  ft","SPECI CYAT 040809Z AUTO 05008KT 9SM -RA BKN007 OVC050 02/02 A3012 RMK SLP203",2026-06-04 09:02:56.411767,2026-06-04 05:02:56.411767
"CYMO",2026-06-04 08:37:00,2026-06-04 04:37:00,"IFR",2,2,100,350,6,14484.1,30.05,NA,"OVC  ft","SPECI CYMO 040837Z AUTO 35006KT 9SM OVC006 02/02 A3005 RMK SLP177",2026-06-04 09:02:56.501279,2026-06-04 05:02:56.501279
"CYPL",2026-06-04 08:00:00,2026-06-04 04:00:00,"VFR",9,8,93,80,7,14484.1,29.98,NA,"FEW  ft; OVC  ft","METAR CYPL 040800Z AUTO 08007KT 060V120 9SM FEW008 OVC066 09/08 A2998 RMK SLP158",2026-06-04 09:02:56.597641,2026-06-04 05:02:56.597641
"CYQT",2026-06-04 08:00:00,2026-06-04 04:00:00,"VFR",12,7,71,60,5,24140.16,29.98,NA,"BKN  ft; OVC  ft","METAR CYQT 040800Z 06005KT 15SM BKN095 OVC120 12/07 A2998 RMK AC6AC2 SLP154",2026-06-04 09:02:56.695945,2026-06-04 05:02:56.695945
"CYAM",2026-06-04 08:00:00,2026-06-04 04:00:00,"VFR",7,5,87,0,0,24140.16,30.12,NA,"FEW  ft; SCT  ft","METAR CYAM 040800Z 00000KT 15SM FEW120 SCT240 07/05 A3012 RMK AC1CI3 SLP205",2026-06-04 09:02:56.79341,2026-06-04 05:02:56.79341
"CYTS",2026-06-04 08:00:00,2026-06-04 04:00:00,"VFR",17,7,51,210,5,24140.16,30.01,NA,"SCT  ft","METAR CYTS 040800Z 21005KT 15SM SCT250 17/07 A3001 RMK CI3 SLP165 DENSITY ALT 1300FT",2026-06-04 09:02:56.90518,2026-06-04 05:02:56.90518
"CYSB",2026-06-04 08:00:00,2026-06-04 04:00:00,"VFR",13,6,62,220,4,24140.16,30.11,NA,"BKN  ft","METAR CYSB 040800Z 22004KT 15SM BKN220 13/06 A3011 RMK CI5 SLP196",2026-06-04 09:02:56.995031,2026-06-04 05:02:56.995031
"CYYB",2026-06-04 08:00:00,2026-06-04 04:00:00,"VFR",12,7,71,230,6,14484.1,30.12,NA,NA,"METAR CYYB 040800Z AUTO 23006KT 9SM CLR 12/07 A3012 RMK SLP201",2026-06-04 09:02:57.079328,2026-06-04 05:02:57.079328
"CYOW",2026-06-04 08:00:00,2026-06-04 04:00:00,"VFR",11,8,81,210,4,24140.16,30.08,NA,"SCT  ft","METAR CYOW 040800Z 21004KT 15SM SCT250 11/08 A3008 RMK CI3 SLP187",2026-06-04 09:02:57.162486,2026-06-04 05:02:57.162486
"CYGK",2026-06-04 03:00:00,2026-06-03 23:00:00,"VFR",13,11,87,160,2,24140.16,30.15,NA,"SCT  ft","METAR CYGK 040300Z 16002KT 15SM SCT250 13/11 A3015 RMK CI4 LAST SFTD OBS/NXT 041000Z SLP212",2026-06-04 09:02:57.264462,2026-06-04 05:02:57.264462
"CYQG",2026-06-04 08:00:00,2026-06-04 04:00:00,"VFR",15,9,67,230,3,14484.1,30.2,NA,NA,"METAR CYQG 040800Z AUTO 23003KT 9SM CLR 15/09 A3020 RMK SLP227",2026-06-04 09:02:57.349853,2026-06-04 05:02:57.349853
"CYVV",2026-06-04 08:00:00,2026-06-04 04:00:00,"VFR",9,7,87,140,6,24140.16,30.15,NA,NA,"METAR CYVV 040800Z 14006KT 15SM SKC 09/07 A3015 RMK SLP215",2026-06-04 09:02:57.431371,2026-06-04 05:02:57.431371
"CYYZ",2026-06-04 08:00:00,2026-06-04 04:00:00,"VFR",15,8,62,280,5,24140.16,30.17,NA,NA,"METAR CYYZ 040800Z 28005KT 15SM SKC 15/08 A3017 RMK SLP217",2026-06-04 09:02:57.50752,2026-06-04 05:02:57.50752
"CYQA",2026-06-04 08:00:00,2026-06-04 04:00:00,"VFR",6,6,100,0,0,14484.1,30.16,NA,NA,"METAR CYQA 040800Z AUTO 00000KT 9SM CLR 06/06 A3016 RMK SLP218",2026-06-04 09:02:57.59166,2026-06-04 05:02:57.59166
"CYVR",2026-06-04 08:00:00,2026-06-04 04:00:00,"VFR",14,12,87,180,6,32186.88,30.08,NA,"BKN  ft; OVC  ft","METAR CYVR 040800Z 18006KT 20SM BKN058 OVC091 14/12 A3008 RMK SC7AC1 SLP190",2026-06-04 09:02:57.685473,2026-06-04 05:02:57.685473
"CYYJ",2026-06-04 08:00:00,2026-06-04 04:00:00,"VFR",14,9,71,270,9,32186.88,30.11,NA,"FEW  ft; FEW  ft; SCT  ft","METAR CYYJ 040800Z 27009KT 20SM FEW035 FEW058 SCT082 14/09 A3011 RMK SC1SC1AC2 SLP197",2026-06-04 09:02:57.777263,2026-06-04 05:02:57.777263
"CYLW",2026-06-04 08:00:00,2026-06-04 04:00:00,"VFR",12,11,93,150,3,14484.1,29.99,NA,"OVC  ft","METAR CYLW 040800Z AUTO 15003KT 9SM OVC091 12/11 A2999 RMK SLP155",2026-06-04 09:02:57.876211,2026-06-04 05:02:57.876211
"CYXS",2026-06-04 08:46:00,2026-06-04 04:46:00,"VFR",12,10,87,240,5,14484.1,29.87,NA,"OVC  ft","SPECI CYXS 040846Z AUTO 24005KT 9SM OVC071 12/10 A2987 RMK SLP121 DENSITY ALT 2500FT",2026-06-04 09:02:57.96041,2026-06-04 05:02:57.96041
"CYXT",2026-06-04 08:00:00,2026-06-04 04:00:00,"VFR",10,8,87,180,9,9999,29.96,NA,"FEW  ft; OVC  ft","METAR CYXT 040800Z 18009KT 10SM -RA FEW010 OVC060 10/08 A2996 RMK SF1SC8 SF TR SLP151",2026-06-04 09:02:58.050776,2026-06-04 05:02:58.050776
"CYQQ",2026-06-04 08:00:00,2026-06-04 04:00:00,"VFR",13,10,82,310,6,32186.88,30.09,NA,"SCT  ft; BKN  ft; BKN  ft","METAR CYQQ 040800Z 31006KT 20SM SCT055 BKN061 BKN090 13/10 A3009 RMK SC4SC2AC1 DENSITY ALT -179FT MOON DIMLY VISBL SLP191",2026-06-04 09:02:58.134122,2026-06-04 05:02:58.134122
"CYYC",2026-06-04 08:00:00,2026-06-04 04:00:00,"IFR",11,9,87,150,9,12874.75,29.91,NA,"FEW  ft; BKN  ft; OVC  ft","METAR CYYC 040800Z 15009KT 8SM FEW002 BKN005 OVC078 11/09 A2991 RMK CF1SC5AC3 CF TR HZ SLP139 DENSITY ALT 4000FT",2026-06-04 09:02:58.226849,2026-06-04 05:02:58.226849
"CYEG",2026-06-04 08:00:00,2026-06-04 04:00:00,"MVFR",11,10,93,130,9,32186.88,29.91,NA,"BKN  ft","METAR CYEG 040800Z 13009KT 20SM BKN017 11/10 A2991 RMK SC7 SLP143 DENSITY ALT 2600FT",2026-06-04 09:02:58.31182,2026-06-04 05:02:58.31182
"CYMM",2026-06-04 08:00:00,2026-06-04 04:00:00,"VFR",9,9,100,100,3,14484.1,29.91,NA,NA,"METAR CYMM 040800Z AUTO 10003KT 9SM CLR 09/09 A2991 RMK SLP144",2026-06-04 09:02:58.396297,2026-06-04 05:02:58.396297
"CYQF",2026-06-04 08:00:00,2026-06-04 04:00:00,"MVFR",11,9,87,140,7,14484.1,29.91,NA,"OVC  ft","METAR CYQF 040800Z AUTO 14007KT 9SM OVC017 11/09 A2991 RMK SLP145 DENSITY ALT 3200FT",2026-06-04 09:02:58.482024,2026-06-04 05:02:58.482024
"CYXE",2026-06-04 08:00:00,2026-06-04 04:00:00,"IFR",11,10,93,30,6,9999,29.96,NA,"OVC  ft","METAR CYXE 040800Z 03006KT 10SM -DZ OVC005 11/10 A2996 RMK ST8 SLP158",2026-06-04 09:02:58.567883,2026-06-04 05:02:58.567883
"CYQR",2026-06-04 08:00:00,2026-06-04 04:00:00,"MVFR",10,10,100,10,6,24140.16,29.91,NA,"BKN  ft","METAR CYQR 040800Z 01006KT 15SM BKN015 10/10 A2991 RMK SC7 SLP142",2026-06-04 09:02:58.647966,2026-06-04 05:02:58.647966
"CYWG",2026-06-04 08:00:00,2026-06-04 04:00:00,"VFR",15,15,100,180,5,24140.16,29.84,NA,"SCT  ft","METAR CYWG 040800Z 18005KT 15SM SCT110 15/15 A2984 RMK AC4 SLP108 DENSITY ALT 1100FT",2026-06-04 09:02:58.763355,2026-06-04 05:02:58.763355
"CYBR",2026-06-04 08:00:00,2026-06-04 04:00:00,"VFR",14,12,87,280,5,14484.1,29.84,NA,"SCT  ft; OVC  ft","METAR CYBR 040800Z AUTO 28005KT 9SM SCT081 OVC120 14/12 A2984 RMK SLP113 DENSITY ALT 1700FT",2026-06-04 09:02:58.844457,2026-06-04 05:02:58.844457
"CYUL",2026-06-04 08:00:00,2026-06-04 04:00:00,"VFR",17,6,48,250,6,24140.16,30.07,NA,"FEW  ft; BKN  ft","METAR CYUL 040800Z 25006KT 15SM FEW120 BKN250 17/06 A3007 RMK AC1CI5 AC TR SLP183",2026-06-04 09:02:58.924768,2026-06-04 05:02:58.924768
"CYHU",2026-06-04 08:00:00,2026-06-04 04:00:00,"VFR",18,6,45,220,7,14484.1,30.06,NA,NA,"METAR CYHU 040800Z AUTO 22007KT 9SM CLR 18/06 A3006 RMK SLP181 DENSITY ALT 300FT",2026-06-04 09:02:59.008258,2026-06-04 05:02:59.008258
"CYQB",2026-06-04 08:00:00,2026-06-04 04:00:00,"VFR",12,9,81,240,6,48280.32,30.02,NA,"SCT  ft","METAR CYQB 040800Z 24006KT 30SM SCT260 12/09 A3002 RMK CI4 SLP168",2026-06-04 09:02:59.088812,2026-06-04 05:02:59.088812
"CYVO",2026-06-04 08:00:00,2026-06-04 04:00:00,"VFR",15,7,58,220,6,14484.1,30,NA,NA,"METAR CYVO 040800Z AUTO 22006KT 9SM CLR 15/07 A3000 RMK SLP164",2026-06-04 09:02:59.171711,2026-06-04 05:02:59.171711
"CYUY",2026-06-04 08:00:00,2026-06-04 04:00:00,"VFR",13,6,62,220,3,24140.16,30,NA,"SCT  ft; BKN  ft","METAR CYUY 040800Z 22003KT 15SM SCT083 BKN240 13/06 A3000 RMK AC3CI2 SLP164",2026-06-04 09:02:59.261125,2026-06-04 05:02:59.261125
"CYZV",2026-06-04 08:00:00,2026-06-04 04:00:00,"VFR",5,4,93,NA,2,48280.32,29.81,NA,"FEW  ft; BKN  ft; OVC  ft","METAR CYZV 040800Z VRB02KT 30SM FEW140 BKN170 OVC240 05/04 A2981 RMK AC1AC5CI2 SLP098",2026-06-04 09:02:59.34616,2026-06-04 05:02:59.34616
"CYBC",2026-06-04 08:00:00,2026-06-04 04:00:00,"VFR",12,10,87,270,6,14484.1,29.86,NA,"OVC  ft","METAR CYBC 040800Z AUTO 27006KT 9SM OVC160 12/10 A2986 RMK SLP112",2026-06-04 09:02:59.428515,2026-06-04 05:02:59.428515
"CYRJ",2026-06-04 08:00:00,2026-06-04 04:00:00,"VFR",20,3,32,250,9,40233.6,29.92,NA,"BKN  ft","METAR CYRJ 040800Z 25009KT 25SM BKN110 20/03 A2992 RMK AC6 SLP134 DENSITY ALT 1300FT",2026-06-04 09:02:59.513069,2026-06-04 05:02:59.513069
"CYHZ",2026-06-04 08:00:00,2026-06-04 04:00:00,"VFR",8,6,87,210,9,24140.16,30.12,NA,"FEW  ft","METAR CYHZ 040800Z 21009KT 15SM FEW180 08/06 A3012 RMK AC1 SLP203",2026-06-04 09:02:59.59329,2026-06-04 05:02:59.59329
"CYYG",2026-06-04 08:00:00,2026-06-04 04:00:00,"VFR",13,5,58,210,13,24140.16,30.01,NA,"BKN  ft","METAR CYYG 040800Z 21013G19KT 15SM BKN130 13/05 A3001 RMK AC5 SLP166",2026-06-04 09:02:59.673298,2026-06-04 05:02:59.673298
"CYQM",2026-06-04 08:00:00,2026-06-04 04:00:00,"VFR",13,3,50,230,11,24140.16,30.02,NA,"FEW  ft; FEW  ft; FEW  ft","METAR CYQM 040800Z 23011KT 15SM FEW100 FEW120 FEW260 13/03 A3002 RMK AC1AC1CI1 AC TR ACC N-NE SLP167",2026-06-04 09:02:59.755223,2026-06-04 05:02:59.755223
"CYFC",2026-06-04 08:00:00,2026-06-04 04:00:00,"VFR",9,5,76,190,4,14484.1,30.04,NA,NA,"METAR CYFC 040800Z AUTO 19004KT 9SM CLR 09/05 A3004 RMK SLP174",2026-06-04 09:02:59.838245,2026-06-04 05:02:59.838245
"CYYT",2026-06-04 08:00:00,2026-06-04 04:00:00,"VFR",6,2,75,270,16,24140.16,29.97,NA,"SCT  ft; BKN  ft","METAR CYYT 040800Z 27016G21KT 15SM SCT060 BKN120 06/02 A2997 RMK SC3AC2 SLP155",2026-06-04 09:02:59.93663,2026-06-04 05:02:59.93663
"CYQY",2026-06-04 08:00:00,2026-06-04 04:00:00,"VFR",8,4,75,230,11,24140.16,30.05,NA,"BKN  ft","METAR CYQY 040800Z 23011KT 15SM BKN085 08/04 A3005 RMK AC6 SLP179",2026-06-04 09:03:00.016257,2026-06-04 05:03:00.016257
"CYXY",2026-06-04 08:00:00,2026-06-04 04:00:00,"VFR",16,-1,31,150,9,64373.76,29.73,NA,"BKN  ft","METAR CYXY 040800Z 15009KT 40SM BKN140 16/M01 A2973 RMK AC5 SLP073 DENSITY ALT 3200FT",2026-06-04 09:03:00.098772,2026-06-04 05:03:00.098772
"CYZF",2026-06-04 08:00:00,2026-06-04 04:00:00,"VFR",7,-1,56,NA,2,24140.16,29.82,NA,"FEW  ft; FEW  ft","METAR CYZF 040800Z VRB02KT 15SM FEW120 FEW240 07/M01 A2982 RMK AC1CI2 AC TR SLP107",2026-06-04 09:03:00.184426,2026-06-04 05:03:00.184426
"CYFB",2026-06-04 08:00:00,2026-06-04 04:00:00,"MVFR",-1,-5,74,330,12,48280.32,29.86,NA,"OVC  ft","METAR CYFB 040800Z 33012KT 30SM OVC021 M01/M05 A2986 RMK SC8 SLP117",2026-06-04 09:03:00.265152,2026-06-04 05:03:00.265152
"CYRT",2026-06-04 08:00:00,2026-06-04 04:00:00,"VFR",7,5,87,0,0,24140.16,29.95,NA,"FEW  ft; BKN  ft","METAR CYRT 040800Z 00000KT 15SM FEW150 BKN200 07/05 A2995 RMK AC2CI4 SLP146",2026-06-04 09:03:00.347314,2026-06-04 05:03:00.347314
"CYBK",2026-06-04 08:15:00,2026-06-04 04:15:00,"MVFR",8,3,70,290,8,40233.6,29.85,NA,"BKN  ft; OVC  ft","SPECI CYBK 040815Z 29008KT 220V300 25SM -RA BKN018 OVC080 08/03 A2985 RMK SC7AC1 SLP111",2026-06-04 09:03:00.429101,2026-06-04 05:03:00.429101
"CYRB",2026-06-04 08:00:00,2026-06-04 04:00:00,"IFR",-4,-4,100,240,8,6437.38,29.51,NA,"OVC  ft","METAR CYRB 040800Z 24008KT 4SM -SN OVC005 M04/M04 A2951 RMK ST8 SLP002",2026-06-04 09:03:00.517078,2026-06-04 05:03:00.517078
"CYCO",2026-06-04 02:00:00,2026-06-03 22:00:00,"VFR",10,4,66,90,5,24140.16,29.87,NA,"FEW  ft; FEW  ft; FEW  ft","METAR CYCO 040200Z 09005KT 040V110 15SM VCSH FEW024TCU FEW095 FEW260 10/04 A2987 RMK TCU1AC1CI1 TCU TR CI TR LAST STFD OBS/NEXT 041400Z SLP118",2026-06-04 09:03:00.614323,2026-06-04 05:03:00.614323
"CYER",2026-06-04 12:00:00,2026-06-04 08:00:00,"VFR",5,1,75,NA,2,14484.1,30.21,NA,"SCT  ft","METAR CYER 041200Z AUTO VRB02KT 9SM SCT240 05/01 A3021 RMK SLP232",2026-06-04 12:15:12.909998,2026-06-04 08:15:12.909998
"CYAT",2026-06-04 12:00:00,2026-06-04 08:00:00,"IFR",3,3,100,40,9,14484.1,30.15,NA,"BKN  ft; BKN  ft; BKN  ft","METAR CYAT 041200Z AUTO 04009G15KT 9SM BKN009 BKN130 BKN150 03/03 A3015 RMK SLP211",2026-06-04 12:15:12.967365,2026-06-04 08:15:12.967365
"CYMO",2026-06-04 11:55:00,2026-06-04 07:55:00,"VFR",3,2,93,20,5,14484.1,30.07,NA,"SCT  ft; BKN  ft; OVC  ft","SPECI CYMO 041155Z AUTO 02005KT 350V060 9SM SCT007 BKN066 OVC085 03/02 A3007 RMK PRESRR SLP185",2026-06-04 12:15:13.051076,2026-06-04 08:15:13.051076
"CYPL",2026-06-04 12:00:00,2026-06-04 08:00:00,"IFR",9,9,100,90,9,14484.1,29.97,NA,"OVC  ft","METAR CYPL 041200Z AUTO 09009G15KT 9SM -RA OVC005 09/09 A2997 RMK SLP159",2026-06-04 12:15:13.135353,2026-06-04 08:15:13.135353
"CYQT",2026-06-04 12:00:00,2026-06-04 08:00:00,"VFR",12,6,66,50,4,32186.88,29.96,NA,"BKN  ft; BKN  ft; OVC  ft","METAR CYQT 041200Z 05004KT 20SM BKN087 BKN110 OVC230 12/06 A2996 RMK AC5AC2CI1 SLP148",2026-06-04 12:15:13.186506,2026-06-04 08:15:13.186506
"CYAM",2026-06-04 12:00:00,2026-06-04 08:00:00,"VFR",15,6,54,200,3,24140.16,30.1,NA,"FEW  ft; SCT  ft; BKN  ft","METAR CYAM 041200Z 20003KT 110V270 15SM FEW110 SCT210 BKN220 15/06 A3010 RMK AC1CI2CI3 SLP197",2026-06-04 12:15:13.250347,2026-06-04 08:15:13.250347
"CYTS",2026-06-04 12:00:00,2026-06-04 08:00:00,"VFR",18,7,48,240,4,24140.16,30.01,NA,"BKN  ft","METAR CYTS 041200Z 24004KT 160V270 15SM BKN200 18/07 A3001 RMK CI7 SLP166 DENSITY ALT 1500FT",2026-06-04 12:15:13.314236,2026-06-04 08:15:13.314236
"CYSB",2026-06-04 12:00:00,2026-06-04 08:00:00,"VFR",15,8,62,260,4,32186.88,30.11,NA,"BKN  ft","METAR CYSB 041200Z 26004KT 20SM BKN200 15/08 A3011 RMK CI6 SLP200",2026-06-04 12:15:13.385333,2026-06-04 08:15:13.385333
"CYYB",2026-06-04 12:00:00,2026-06-04 08:00:00,"VFR",14,8,67,220,7,48280.32,30.12,NA,"SCT  ft; BKN  ft","METAR CYYB 041200Z 22007KT 30SM SCT170 BKN200 14/08 A3012 RMK AC4CI3 SLP203",2026-06-04 12:15:13.44436,2026-06-04 08:15:13.44436
"CYOW",2026-06-04 12:00:00,2026-06-04 08:00:00,"VFR",18,9,55,210,5,24140.16,30.1,NA,"FEW  ft; SCT  ft","METAR CYOW 041200Z 21005KT 15SM FEW220 SCT250 18/09 A3010 RMK CI1CI3 CI TR SLP193 DENSITY ALT 700FT",2026-06-04 12:15:13.510329,2026-06-04 08:15:13.510329
"CYGK",2026-06-04 12:00:00,2026-06-04 08:00:00,"VFR",16,10,67,240,5,24140.16,30.18,NA,"SCT  ft","METAR CYGK 041200Z 24005KT 15SM SCT250 16/10 A3018 RMK CI4 SLP221",2026-06-04 12:15:13.558987,2026-06-04 08:15:13.558987
"CYQG",2026-06-04 12:00:00,2026-06-04 08:00:00,"VFR",18,10,59,210,4,14484.1,30.22,NA,NA,"METAR CYQG 041200Z AUTO 21004KT 9SM CLR 18/10 A3022 RMK SLP233 DENSITY ALT 900FT",2026-06-04 12:15:13.626248,2026-06-04 08:15:13.626248
"CYVV",2026-06-04 12:00:00,2026-06-04 08:00:00,"VFR",15,9,67,200,4,24140.16,30.16,NA,"BKN  ft","METAR CYVV 041200Z 20004KT 15SM BKN250 15/09 A3016 RMK CI7 SLP216",2026-06-04 12:15:13.677611,2026-06-04 08:15:13.677611
"CYYZ",2026-06-04 12:00:00,2026-06-04 08:00:00,"VFR",20,7,42,250,3,24140.16,30.18,NA,"BKN  ft","METAR CYYZ 041200Z 25003KT 210V270 15SM BKN260 20/07 A3018 RMK CI7 SLP222 DENSITY ALT 1100FT",2026-06-04 12:15:13.723136,2026-06-04 08:15:13.723136
"CYQA",2026-06-04 12:00:00,2026-06-04 08:00:00,"VFR",14,9,71,160,3,14484.1,30.16,NA,NA,"METAR CYQA 041200Z AUTO 16003KT 130V190 9SM CLR 14/09 A3016 RMK SLP217",2026-06-04 12:15:13.770012,2026-06-04 08:15:13.770012
"CYVR",2026-06-04 12:00:00,2026-06-04 08:00:00,"VFR",13,12,93,30,5,32186.88,30.1,NA,"SCT  ft; BKN  ft","METAR CYVR 041200Z 03005KT 20SM SCT049 BKN064 13/12 A3010 RMK SC4SC3 SLP195",2026-06-04 12:15:13.819151,2026-06-04 08:15:13.819151
"CYYJ",2026-06-04 12:00:00,2026-06-04 08:00:00,"VFR",12,8,76,230,8,48280.32,30.12,NA,"FEW  ft; FEW  ft","METAR CYYJ 041200Z 23008KT 30SM FEW040 FEW070 12/08 A3012 RMK SC1AC1 SC TR AC TR SLP202",2026-06-04 12:15:13.866224,2026-06-04 08:15:13.866224
"CYLW",2026-06-04 12:00:00,2026-06-04 08:00:00,"VFR",11,9,87,220,3,14484.1,30.01,NA,"FEW  ft","METAR CYLW 041200Z AUTO 22003KT 130V240 9SM FEW091 11/09 A3001 RMK SLP167",2026-06-04 12:15:13.917212,2026-06-04 08:15:13.917212
"CYXS",2026-06-04 12:00:00,2026-06-04 08:00:00,"VFR",9,8,93,250,10,11265.41,29.91,NA,"SCT  ft; OVC  ft","METAR CYXS 041200Z AUTO 25010KT 210V290 7SM RA SCT016 OVC047 09/08 A2991 RMK PCPN 2.8MM PAST HR SLP138",2026-06-04 12:15:13.975055,2026-06-04 08:15:13.975055
"CYXT",2026-06-04 12:00:00,2026-06-04 08:00:00,"VFR",8,7,93,170,12,12874.75,29.97,NA,"FEW  ft; FEW  ft; BKN  ft; BKN  ft","METAR CYXT 041200Z 17012G19KT 8SM FEW003 FEW008 BKN040 BKN080 08/07 A2997 RMK SF1SF2SC3AC2 SF TR SLP153",2026-06-04 12:15:14.030678,2026-06-04 08:15:14.030678
"CYQQ",2026-06-04 12:00:00,2026-06-04 08:00:00,"VFR",10,9,93,250,2,32186.88,30.11,NA,"FEW  ft; FEW  ft","METAR CYQQ 041200Z 25002KT 20SM FEW030 FEW060 10/09 A3011 RMK SC1SC2 DENSITY ALT -520FT SLP195",2026-06-04 12:15:14.124898,2026-06-04 08:15:14.124898
"CYYC",2026-06-04 12:00:00,2026-06-04 08:00:00,"IFR",10,9,93,150,8,8046.72,29.85,NA,"BKN  ft; OVC  ft","METAR CYYC 041200Z 15008KT 5SM HZ BKN005 OVC100 10/09 A2985 RMK SC6AC2 SLP116 DENSITY ALT 4000FT",2026-06-04 12:15:14.193519,2026-06-04 08:15:14.193519
"CYEG",2026-06-04 12:00:00,2026-06-04 08:00:00,"MVFR",11,10,93,120,7,19312.13,29.86,NA,"OVC  ft","METAR CYEG 041200Z 12007KT 12SM OVC023 11/10 A2986 RMK SC8 BR SLP124 DENSITY ALT 2600FT",2026-06-04 12:15:14.262503,2026-06-04 08:15:14.262503
"CYMM",2026-06-04 12:00:00,2026-06-04 08:00:00,"VFR",8,8,100,110,4,14484.1,29.89,NA,NA,"METAR CYMM 041200Z AUTO 11004KT 9SM CLR 08/08 A2989 RMK SLP134",2026-06-04 12:15:14.352968,2026-06-04 08:15:14.352968
"CYQF",2026-06-04 12:00:00,2026-06-04 08:00:00,"IFR",10,9,93,150,8,14484.1,29.86,NA,"OVC  ft","METAR CYQF 041200Z AUTO 15008KT 9SM OVC007 10/09 A2986 RMK SLP123 DENSITY ALT 3200FT",2026-06-04 12:15:14.406507,2026-06-04 08:15:14.406507
"CYXE",2026-06-04 12:00:00,2026-06-04 08:00:00,"IFR",10,9,93,40,6,9656.06,29.95,NA,"OVC  ft","METAR CYXE 041200Z 04006KT 6SM BR OVC005 10/09 A2995 RMK ST8 SLP156",2026-06-04 12:15:14.457125,2026-06-04 08:15:14.457125
"CYQR",2026-06-04 12:00:00,2026-06-04 08:00:00,"MVFR",11,11,100,320,9,9999,29.92,NA,"FEW  ft; OVC  ft","METAR CYQR 041200Z 32009KT 10SM FEW005 OVC018 11/11 A2992 RMK SC2SC6 SLP145",2026-06-04 12:15:14.505138,2026-06-04 08:15:14.505138
"CYWG",2026-06-04 12:00:00,2026-06-04 08:00:00,"VFR",16,14,87,NA,2,24140.16,29.82,NA,"SCT  ft","METAR CYWG 041200Z VRB02KT 15SM SCT120 16/14 A2982 RMK AC3 SLP102 DENSITY ALT 1200FT",2026-06-04 12:15:14.564637,2026-06-04 08:15:14.564637
"CYBR",2026-06-04 12:00:00,2026-06-04 08:00:00,"VFR",13,13,100,270,5,19312.13,29.84,NA,"FEW  ft; FEW  ft; FEW  ft","METAR CYBR 041200Z 27005KT 12SM FEW020 FEW060 FEW240 13/13 A2984 RMK SC1SC1CI2 SC TR SC TR BR SLP110 DENSITY ALT 1600FT",2026-06-04 12:15:14.633654,2026-06-04 08:15:14.633654
"CYUL",2026-06-04 12:00:00,2026-06-04 08:00:00,"VFR",19,9,52,250,9,48280.32,30.08,NA,"BKN  ft","METAR CYUL 041200Z 25009KT 30SM BKN250 19/09 A3008 RMK CI6 SLP188 DENSITY ALT 400FT",2026-06-04 12:15:14.704941,2026-06-04 08:15:14.704941
"CYHU",2026-06-04 12:00:00,2026-06-04 08:00:00,"VFR",19,9,52,230,12,14484.1,30.07,NA,NA,"METAR CYHU 041200Z AUTO 23012G18KT 9SM CLR 19/09 A3007 RMK SLP184 DENSITY ALT 500FT",2026-06-04 12:15:14.763798,2026-06-04 08:15:14.763798
"CYQB",2026-06-04 12:00:00,2026-06-04 08:00:00,"VFR",17,10,63,240,12,48280.32,30.03,NA,"SCT  ft","METAR CYQB 041200Z 24012KT 30SM SCT220 17/10 A3003 RMK CI4 SLP170 DENSITY ALT 500FT",2026-06-04 12:15:14.820403,2026-06-04 08:15:14.820403
"CYVO",2026-06-04 12:00:00,2026-06-04 08:00:00,"VFR",18,7,48,250,9,24140.16,30,NA,"SCT  ft; BKN  ft","METAR CYVO 041200Z 25009G16KT 210V280 15SM SCT200 BKN250 18/07 A3000 RMK CC3CI4 SLP163 DENSITY ALT 1700FT",2026-06-04 12:15:14.877309,2026-06-04 08:15:14.877309
"CYUY",2026-06-04 12:00:00,2026-06-04 08:00:00,"VFR",18,8,52,240,10,24140.16,30.01,NA,"FEW  ft; BKN  ft","METAR CYUY 041200Z 24010KT 15SM FEW200 BKN240 18/08 A3001 RMK CS2CI4 SLP166 DENSITY ALT 1500FT",2026-06-04 12:15:14.937365,2026-06-04 08:15:14.937365
"CYZV",2026-06-04 12:00:00,2026-06-04 08:00:00,"VFR",12,6,66,260,4,48280.32,29.79,NA,"SCT  ft; BKN  ft; OVC  ft","METAR CYZV 041200Z 26004KT 220V300 30SM SCT130 BKN170 OVC230 12/06 A2979 RMK AC3AC3CI2 SLP092",2026-06-04 12:15:15.00302,2026-06-04 08:15:15.00302
"CYBC",2026-06-04 12:00:00,2026-06-04 08:00:00,"VFR",14,9,71,220,7,14484.1,29.86,NA,"BKN  ft; BKN  ft","METAR CYBC 041200Z AUTO 22007KT 9SM BKN110 BKN160 14/09 A2986 RMK SLP113",2026-06-04 12:15:15.088209,2026-06-04 08:15:15.088209
"CYRJ",2026-06-04 12:00:00,2026-06-04 08:00:00,"VFR",22,7,37,260,7,64373.76,29.92,NA,"SCT  ft; BKN  ft","METAR CYRJ 041200Z 26007KT 40SM SCT100 BKN210 22/07 A2992 RMK AC4CI2 SLP134 DENSITY ALT 1500FT",2026-06-04 12:15:15.180936,2026-06-04 08:15:15.180936
"CYHZ",2026-06-04 12:00:00,2026-06-04 08:00:00,"VFR",15,7,58,220,12,24140.16,30.1,NA,"FEW  ft","METAR CYHZ 041200Z 22012KT 15SM FEW250 15/07 A3010 RMK CI1 CI TR SLP198",2026-06-04 12:15:15.238718,2026-06-04 08:15:15.238718
"CYYG",2026-06-04 12:00:00,2026-06-04 08:00:00,"VFR",17,7,51,230,13,24140.16,29.98,NA,"FEW  ft; SCT  ft","METAR CYYG 041200Z 23013G20KT 15SM FEW100 SCT240 17/07 A2998 RMK AC1CI3 SLP154 DENSITY ALT 400FT",2026-06-04 12:15:15.299124,2026-06-04 08:15:15.299124
"CYQM",2026-06-04 12:00:00,2026-06-04 08:00:00,"VFR",19,8,48,230,13,24140.16,29.99,NA,"FEW  ft; FEW  ft","METAR CYQM 041200Z 23013KT 15SM FEW220 FEW250 19/08 A2999 RMK CI1CI1 SLP158 DENSITY ALT 700FT",2026-06-04 12:15:15.353772,2026-06-04 08:15:15.353772
"CYFC",2026-06-04 12:00:00,2026-06-04 08:00:00,"VFR",17,9,59,190,6,14484.1,30.01,NA,NA,"METAR CYFC 041200Z AUTO 19006KT 9SM CLR 17/09 A3001 RMK SLP164",2026-06-04 12:15:15.416125,2026-06-04 08:15:15.416125
"CYYT",2026-06-04 12:00:00,2026-06-04 08:00:00,"VFR",12,5,62,280,22,24140.16,29.96,NA,"SCT  ft","METAR CYYT 041200Z 28022G30KT 15SM SCT092 12/05 A2996 RMK AC4 SLP150",2026-06-04 12:15:15.486292,2026-06-04 08:15:15.486292
"CYQY",2026-06-04 12:00:00,2026-06-04 08:00:00,"VFR",15,6,54,240,15,24140.16,30,NA,"SCT  ft; BKN  ft","METAR CYQY 041200Z 24015KT 15SM SCT098 BKN250 15/06 A3000 RMK AC3CI2 SLP163",2026-06-04 12:15:15.575487,2026-06-04 08:15:15.575487
"CYXY",2026-06-04 12:00:00,2026-06-04 08:00:00,"VFR",11,0,46,240,4,64373.76,29.73,NA,"BKN  ft; BKN  ft","METAR CYXY 041200Z 24004KT 40SM BKN130 BKN190 11/00 A2973 RMK AC5AC1 SLP075 DENSITY ALT 2600FT",2026-06-04 12:15:15.708858,2026-06-04 08:15:15.708858
"CYZF",2026-06-04 12:00:00,2026-06-04 08:00:00,"VFR",7,2,70,0,0,9999,29.78,NA,"FEW  ft; SCT  ft","METAR CYZF 041200Z 00000KT 10SM FEW120 SCT240 07/02 A2978 RMK AC1CI4 AC TR FU SLP095",2026-06-04 12:15:15.809053,2026-06-04 08:15:15.809053
"CYFB",2026-06-04 12:00:00,2026-06-04 08:00:00,"MVFR",0,-4,74,320,15,48280.32,29.86,NA,"OVC  ft","METAR CYFB 041200Z 32015KT 30SM OVC019 00/M04 A2986 RMK SC8 SLP118",2026-06-04 12:15:15.899403,2026-06-04 08:15:15.899403
"CYRT",2026-06-04 12:00:00,2026-06-04 08:00:00,"VFR",8,3,70,200,5,24140.16,29.9,NA,"SCT  ft; OVC  ft","METAR CYRT 041200Z 20005KT 15SM SCT140 OVC250 08/03 A2990 RMK AC4CI4 SLP128",2026-06-04 12:15:15.983267,2026-06-04 08:15:15.983267
"CYBK",2026-06-04 12:00:00,2026-06-04 08:00:00,"VFR",10,4,66,200,5,40233.6,29.77,NA,"SCT  ft; BKN  ft; BKN  ft","METAR CYBK 041200Z 20005KT 25SM SCT040 BKN060 BKN220 10/04 A2977 RMK SC4SC3CC1 CC TR CI ASCTD SLP083",2026-06-04 12:15:16.083686,2026-06-04 08:15:16.083686
"CYRB",2026-06-04 12:00:00,2026-06-04 08:00:00,"LIFR",-4,-4,100,260,6,19312.13,29.5,NA,"OVC  ft","METAR CYRB 041200Z 26006KT 12SM -SN OVC003 M04/M04 A2950 RMK ST8 SLP998",2026-06-04 12:15:16.182572,2026-06-04 08:15:16.182572
"CYCO",2026-06-04 02:00:00,2026-06-03 22:00:00,"VFR",10,4,66,90,5,24140.16,29.87,NA,"FEW  ft; FEW  ft; FEW  ft","METAR CYCO 040200Z 09005KT 040V110 15SM VCSH FEW024TCU FEW095 FEW260 10/04 A2987 RMK TCU1AC1CI1 TCU TR CI TR LAST STFD OBS/NEXT 041400Z SLP118",2026-06-04 12:15:16.249764,2026-06-04 08:15:16.249764
"CYER",2026-06-05 04:00:00,2026-06-05,"VFR",6,3,81,130,7,14484.1,29.99,NA,"SCT  ft","METAR CYER 050400Z AUTO 13007KT 9SM SCT240 06/03 A2999 RMK SLP159",2026-06-05 04:34:23.601948,2026-06-05 00:34:23.601948
"CYAT",2026-06-05 04:00:00,2026-06-05,"VFR",6,3,81,80,5,14484.1,30.07,NA,"OVC  ft","METAR CYAT 050400Z AUTO 08005KT 9SM OVC170 06/03 A3007 RMK SLP187",2026-06-05 04:34:23.641699,2026-06-05 00:34:23.641699
"CYMO",2026-06-05 04:00:00,2026-06-05,"VFR",5,2,80,30,3,14484.1,30.05,NA,"SCT  ft; SCT  ft; OVC  ft","METAR CYMO 050400Z AUTO 03003KT 350V060 9SM SCT066 SCT084 OVC100 05/02 A3005 RMK SLP178",2026-06-05 04:34:23.682172,2026-06-05 00:34:23.682172
"CYPL",2026-06-05 04:00:00,2026-06-05,"IFR",8,8,100,90,6,14484.1,29.84,NA,"OVC  ft","METAR CYPL 050400Z AUTO 09006KT 060V130 9SM OVC005 08/08 A2984 RMK SLP118",2026-06-05 04:34:23.722604,2026-06-05 00:34:23.722604
"CYQT",2026-06-05 04:00:00,2026-06-05,"VFR",12,9,81,90,6,24140.16,29.83,NA,"SCT  ft; BKN  ft; OVC  ft","METAR CYQT 050400Z 09006KT 15SM SCT047 BKN060 OVC110 12/09 A2983 RMK SC4SC2AC2 SLP109",2026-06-05 04:34:23.767156,2026-06-05 00:34:23.767156
"CYAM",2026-06-05 04:00:00,2026-06-05,"VFR",14,10,76,100,2,24140.16,29.95,NA,"SCT  ft; BKN  ft; BKN  ft","METAR CYAM 050400Z 10002KT 15SM SCT100 BKN130 BKN180 14/10 A2995 RMK AC4AC2AC1 SLP146",2026-06-05 04:34:23.803788,2026-06-05 00:34:23.803788
"CYTS",2026-06-05 04:00:00,2026-06-05,"VFR",14,13,93,0,0,24140.16,30.01,NA,"OVC  ft","METAR CYTS 050400Z 00000KT 15SM -SHRA OVC061 14/13 A3001 RMK SC8 CVCTV CLD EMBD SLP169",2026-06-05 04:34:23.8612,2026-06-05 00:34:23.8612
"CYSB",2026-06-05 04:00:00,2026-06-05,"VFR",18,9,55,240,5,24140.16,29.99,NA,"BKN  ft","METAR CYSB 050400Z 24005KT 15SM BKN150 18/09 A2999 RMK AC5 SLP157 DENSITY ALT 1700FT",2026-06-05 04:34:23.896242,2026-06-05 00:34:23.896242
"CYYB",2026-06-05 04:00:00,2026-06-05,"VFR",17,7,51,240,5,14484.1,30.01,NA,"BKN  ft","METAR CYYB 050400Z AUTO 24005KT 9SM BKN200 17/07 A3001 RMK SLP163 DENSITY ALT 1700FT",2026-06-05 04:34:23.929313,2026-06-05 00:34:23.929313
"CYOW",2026-06-05 04:00:00,2026-06-05,"VFR",17,11,67,210,7,24140.16,29.96,NA,"SCT  ft","METAR CYOW 050400Z 21007KT 15SM SCT250 17/11 A2996 RMK CI3 SLP147 DENSITY ALT 700FT",2026-06-05 04:34:23.964833,2026-06-05 00:34:23.964833
"CYGK",2026-06-05 03:00:00,2026-06-04 23:00:00,"VFR",19,9,52,240,7,24140.16,30.01,NA,"SCT  ft","METAR CYGK 050300Z 24007KT 15SM SCT240 19/09 A3001 RMK CI3 LAST STFD OBS/NXT 051000Z SLP165 DENSITY ALT 800FT",2026-06-05 04:34:24.000398,2026-06-05 00:34:24.000398
"CYQG",2026-06-05 04:00:00,2026-06-05,"VFR",19,12,63,180,3,14484.1,30.05,NA,NA,"METAR CYQG 050400Z AUTO 18003KT 9SM CLR 19/12 A3005 RMK SLP174 DENSITY ALT 1200FT",2026-06-05 04:34:24.033459,2026-06-05 00:34:24.033459
"CYVV",2026-06-05 04:00:00,2026-06-05,"VFR",14,10,76,120,5,24140.16,30.01,NA,"SCT  ft","METAR CYVV 050400Z 12005KT 15SM SCT250 14/10 A3001 RMK CI4 SLP164",2026-06-05 04:34:24.065283,2026-06-05 00:34:24.065283
"CYYZ",2026-06-05 04:00:00,2026-06-05,"VFR",23,8,38,300,4,24140.16,30.03,NA,"FEW  ft","METAR CYYZ 050400Z 30004KT 15SM FEW260 23/08 A3003 RMK CI2 SLP169 DENSITY ALT 1500FT",2026-06-05 04:34:24.096339,2026-06-05 00:34:24.096339
"CYQA",2026-06-05 04:00:00,2026-06-05,"VFR",11,9,87,0,0,14484.1,30.02,NA,NA,"METAR CYQA 050400Z AUTO 00000KT 9SM CLR 11/09 A3002 RMK SLP168",2026-06-05 04:34:24.134827,2026-06-05 00:34:24.134827
"CYVR",2026-06-05 04:00:00,2026-06-05,"VFR",15,10,72,270,15,32186.88,30.03,NA,"FEW  ft; BKN  ft; OVC  ft","METAR CYVR 050400Z 27015KT 20SM FEW050 BKN075 OVC150 15/10 A3003 RMK SC1AC6AS1 SLP172",2026-06-05 04:34:24.16835,2026-06-05 00:34:24.16835
"CYYJ",2026-06-05 04:00:00,2026-06-05,"VFR",14,4,50,260,8,48280.32,30.05,NA,"FEW  ft; BKN  ft; BKN  ft","METAR CYYJ 050400Z 26008G15KT 30SM FEW040 BKN072 BKN130 14/04 A3005 RMK SC1AC5AC2 SC TR SLP179",2026-06-05 04:34:24.201997,2026-06-05 00:34:24.201997
"CYLW",2026-06-05 04:00:00,2026-06-05,"VFR",19,3,34,350,7,14484.1,29.88,NA,"FEW  ft; OVC  ft","METAR CYLW 050400Z AUTO 35007KT 300V020 9SM FEW086 OVC170 19/03 A2988 RMK SLP117 DENSITY ALT 2300FT",2026-06-05 04:34:24.238741,2026-06-05 00:34:24.238741
"CYXS",2026-06-05 04:00:00,2026-06-05,"VFR",11,4,62,270,4,14484.1,29.84,NA,"FEW  ft; OVC  ft","METAR CYXS 050400Z AUTO 27004KT 9SM FEW096 OVC140 11/04 A2984 RMK SLP121 DENSITY ALT 2500FT",2026-06-05 04:34:24.28299,2026-06-05 00:34:24.28299
"CYXT",2026-06-05 04:00:00,2026-06-05,"VFR",10,5,71,150,12,32186.88,29.89,NA,"FEW  ft; FEW  ft; OVC  ft","METAR CYXT 050400Z 15012KT 20SM FEW020 FEW050 OVC100 10/05 A2989 RMK SC1CU2AC6 SC TR SLP129",2026-06-05 04:34:24.329959,2026-06-05 00:34:24.329959
"CYQQ",2026-06-05 04:00:00,2026-06-05,"VFR",15,3,44,220,7,32186.88,30.01,NA,"FEW  ft; BKN  ft; BKN  ft","METAR CYQQ 050400Z 22007KT 190V260 20SM FEW030 BKN080 BKN140 15/03 A3001 RMK SC1AC5AC2 DENSITY ALT 52FT SLP163",2026-06-05 04:34:24.366783,2026-06-05 00:34:24.366783
"CYYC",2026-06-05 04:00:00,2026-06-05,"VFR",14,9,71,0,0,24140.16,29.87,NA,"FEW  ft; FEW  ft; FEW  ft","METAR CYYC 050400Z 00000KT 15SM FEW022 FEW100 FEW250 14/09 A2987 RMK CF1AC1CI1 CF TR CI TR ACC ASOCTD / CB TOPS E MOV S SLP124 DENSITY ALT 4400FT",2026-06-05 04:34:24.401234,2026-06-05 00:34:24.401234
"CYEG",2026-06-05 04:00:00,2026-06-05,"VFR",12,10,87,270,7,24140.16,29.83,NA,"FEW  ft; FEW  ft; SCT  ft","METAR CYEG 050400Z 27007KT 15SM FEW030 FEW070 SCT160 12/10 A2983 RMK SC1AC1AC4 SC TR AC TR TCU ASOCTD SH DIST NE SLP111 DENSITY ALT 2800FT",2026-06-05 04:34:24.434929,2026-06-05 00:34:24.434929
"CYMM",2026-06-05 04:00:00,2026-06-05,"VFR",18,10,59,200,5,14484.1,29.74,NA,NA,"METAR CYMM 050400Z AUTO 20005KT 9SM CLR 18/10 A2974 RMK SLP078 DENSITY ALT 2100FT",2026-06-05 04:34:24.469307,2026-06-05 00:34:24.469307
"CYQF",2026-06-05 04:00:00,2026-06-05,"VFR",13,10,82,320,3,14484.1,29.86,NA,"SCT  ft","METAR CYQF 050400Z AUTO 32003KT 9SM SCT081 13/10 A2986 RMK SLP125 DENSITY ALT 3500FT",2026-06-05 04:34:24.501938,2026-06-05 00:34:24.501938
"CYXE",2026-06-05 04:00:00,2026-06-05,"VFR",12,10,87,70,5,24140.16,29.85,NA,"FEW  ft","METAR CYXE 050400Z 07005KT 15SM FEW047 12/10 A2985 RMK SC1 SLP121 DENSITY ALT 1900FT",2026-06-05 04:34:24.546487,2026-06-05 00:34:24.546487
"CYQR",2026-06-05 04:00:00,2026-06-05,"VFR",13,10,82,70,6,24140.16,29.86,NA,"FEW  ft; FEW  ft","METAR CYQR 050400Z 07006KT 15SM FEW080 FEW250 13/10 A2986 RMK AC1CI1 AC TR CI TR SLP123 DENSITY ALT 2200FT",2026-06-05 04:34:24.582514,2026-06-05 00:34:24.582514
"CYWG",2026-06-05 04:00:00,2026-06-05,"VFR",14,13,93,310,9,24140.16,29.82,NA,"FEW  ft","METAR CYWG 050400Z 31009KT 15SM FEW084 14/13 A2982 RMK AC1 SLP102 DENSITY ALT 1100FT",2026-06-05 04:34:24.616153,2026-06-05 00:34:24.616153
"CYBR",2026-06-05 04:00:00,2026-06-05,"VFR",14,12,87,60,7,14484.1,29.85,NA,NA,"METAR CYBR 050400Z AUTO 06007KT 9SM CLR 14/12 A2985 RMK SLP116 DENSITY ALT 1700FT",2026-06-05 04:34:24.651548,2026-06-05 00:34:24.651548
"CYUL",2026-06-05 04:00:00,2026-06-05,"VFR",20,10,52,230,6,24140.16,29.93,NA,"FEW  ft","METAR CYUL 050400Z 23006KT 15SM FEW250 20/10 A2993 RMK CI2 SLP136 DENSITY ALT 800FT",2026-06-05 04:34:24.687351,2026-06-05 00:34:24.687351
"CYHU",2026-06-05 04:00:00,2026-06-05,"VFR",20,10,52,220,7,14484.1,29.92,NA,NA,"METAR CYHU 050400Z AUTO 22007KT 9SM CLR 20/10 A2992 RMK SLP134 DENSITY ALT 700FT",2026-06-05 04:34:24.722803,2026-06-05 00:34:24.722803
"CYQB",2026-06-05 04:00:00,2026-06-05,"VFR",21,11,52,20,4,24140.16,29.89,NA,"FEW  ft; FEW  ft","METAR CYQB 050400Z 02004KT 340V060 15SM FEW100 FEW250 21/11 A2989 RMK AC1CI1 AC TR CI TR SLP122 DENSITY ALT 1100FT",2026-06-05 04:34:24.772394,2026-06-05 00:34:24.772394
"CYVO",2026-06-05 04:00:00,2026-06-05,"VFR",16,10,67,30,4,14484.1,29.99,NA,"OVC  ft","METAR CYVO 050400Z AUTO 03004KT 9SM OVC096 16/10 A2999 RMK SLP162 DENSITY ALT 1400FT",2026-06-05 04:34:24.823002,2026-06-05 00:34:24.823002
"CYUY",2026-06-05 04:00:00,2026-06-05,"VFR",15,10,72,60,4,24140.16,30,NA,"BKN  ft; OVC  ft","METAR CYUY 050400Z 06004KT 15SM BKN092 OVC160 15/10 A3000 RMK AC5AS3 SLP162 DENSITY ALT 1200FT",2026-06-05 04:34:24.861802,2026-06-05 00:34:24.861802
"CYZV",2026-06-05 04:00:00,2026-06-05,"VFR",4,4,100,320,2,24140.16,29.95,NA,"FEW  ft","METAR CYZV 050400Z 32002KT 15SM FEW250 04/04 A2995 RMK CI1 CI TR SLP145",2026-06-05 04:34:24.896363,2026-06-05 00:34:24.896363
"CYBC",2026-06-05 04:00:00,2026-06-05,"VFR",10,7,81,340,4,14484.1,29.97,NA,NA,"METAR CYBC 050400Z AUTO 34004KT 9SM CLR 10/07 A2997 RMK SLP151",2026-06-05 04:34:24.937149,2026-06-05 00:34:24.937149
"CYRJ",2026-06-05 04:00:00,2026-06-05,"VFR",14,9,71,20,4,40233.6,30,NA,"OVC  ft","METAR CYRJ 050400Z 02004KT 360V080 25SM OVC032 14/09 A3000 RMK SC8 SLP162",2026-06-05 04:34:24.969461,2026-06-05 00:34:24.969461
"CYHZ",2026-06-05 04:00:00,2026-06-05,"VFR",13,5,58,230,15,24140.16,29.93,NA,"FEW  ft","METAR CYHZ 050400Z 23015KT 15SM FEW250 13/05 A2993 RMK CI1 CI TR SLP137",2026-06-05 04:34:25.003634,2026-06-05 00:34:25.003634
"CYYG",2026-06-05 04:00:00,2026-06-05,"VFR",16,6,51,220,13,24140.16,29.81,NA,"SCT  ft","METAR CYYG 050400Z 22013G20KT 15SM SCT250 16/06 A2981 RMK CI3 SLP095 DENSITY ALT 500FT",2026-06-05 04:34:25.038525,2026-06-05 00:34:25.038525
"CYQM",2026-06-05 04:00:00,2026-06-05,"VFR",15,8,62,210,5,24140.16,29.82,NA,"FEW  ft; BKN  ft","METAR CYQM 050400Z 21005KT 15SM FEW220 BKN240 15/08 A2982 RMK CI2CI4 SLP099 DENSITY ALT 500FT",2026-06-05 04:34:25.074473,2026-06-05 00:34:25.074473
"CYFC",2026-06-05 04:00:00,2026-06-05,"VFR",15,10,72,NA,2,14484.1,29.84,NA,NA,"METAR CYFC 050400Z AUTO VRB02KT 9SM CLR 15/10 A2984 RMK SLP107",2026-06-05 04:34:25.107657,2026-06-05 00:34:25.107657
"CYYT",2026-06-05 04:00:00,2026-06-05,"VFR",9,4,70,260,26,24140.16,29.79,NA,"OVC  ft","METAR CYYT 050400Z 26026G36KT 15SM OVC150 09/04 A2979 RMK AC8 SLP092",2026-06-05 04:34:25.159192,2026-06-05 00:34:25.159192
"CYQY",2026-06-05 04:00:00,2026-06-05,"VFR",12,5,62,230,11,24140.16,29.82,NA,"BKN  ft","METAR CYQY 050400Z 23011G19KT 15SM BKN220 12/05 A2982 RMK CI6 SLP101",2026-06-05 04:34:25.193424,2026-06-05 00:34:25.193424
"CYXY",2026-06-05 04:00:00,2026-06-05,"VFR",21,0,24,10,7,64373.76,29.61,NA,"BKN  ft; BKN  ft","METAR CYXY 050400Z 01007G16KT 330V090 40SM BKN110 BKN150 21/00 A2961 RMK AC5AC1 SLP036 DENSITY ALT 3900FT",2026-06-05 04:34:25.241296,2026-06-05 00:34:25.241296
"CYZF",2026-06-05 04:00:00,2026-06-05,"VFR",17,3,39,160,5,24140.16,29.65,NA,"BKN  ft; BKN  ft","METAR CYZF 050400Z 16005KT 15SM BKN190 BKN210 17/03 A2965 RMK AC5CI2 SLP048 DENSITY ALT 1400FT",2026-06-05 04:34:25.303635,2026-06-05 00:34:25.303635
"CYFB",2026-06-05 04:14:00,2026-06-05 00:14:00,"MVFR",0,-4,74,320,6,48280.32,29.8,NA,"OVC  ft","SPECI CYFB 050414Z 32006KT 30SM OVC021 00/M04 A2980 RMK SC8 SLP097",2026-06-05 04:34:25.344971,2026-06-05 00:34:25.344971
"CYRT",2026-06-05 04:00:00,2026-06-05,"VFR",5,3,86,320,10,24140.16,29.75,NA,"SCT  ft; SCT  ft","METAR CYRT 050400Z 32010KT 220V330 15SM SCT110 SCT250 05/03 A2975 RMK AC3CI1 PRESRR SLP079",2026-06-05 04:34:25.378483,2026-06-05 00:34:25.378483
"CYBK",2026-06-05 04:00:00,2026-06-05,"VFR",8,5,81,310,4,40233.6,29.76,NA,"FEW  ft; SCT  ft","METAR CYBK 050400Z 31004KT 25SM FEW032 SCT220 08/05 A2976 RMK SC1CI3 SC TR SLP079",2026-06-05 04:34:25.414081,2026-06-05 00:34:25.414081
"CYRB",2026-06-05 04:00:00,2026-06-05,"VFR",-5,-6,92,300,9,40233.6,29.57,NA,"SCT  ft; BKN  ft","METAR CYRB 050400Z 30009KT 25SM -SN SCT020 BKN081 M05/M06 A2957 RMK SC3AC3 PCPN VRY LGT SLP024",2026-06-05 04:34:25.448144,2026-06-05 00:34:25.448144
"CYCO",2026-06-05 00:54:00,2026-06-04 20:54:00,"MVFR",2,1,93,10,10,19312.13,29.8,NA,"BKN  ft; OVC  ft","SPECI CYCO 050054Z 01010KT 12SM -RA BKN011 OVC021 02/01 A2980 RMK SC7SC1 SLP095",2026-06-05 04:34:25.482548,2026-06-05 00:34:25.482548
"CYER",2026-06-05 04:00:00,2026-06-05,"VFR",6,3,81,130,7,14484.1,29.99,NA,"SCT  ft","METAR CYER 050400Z AUTO 13007KT 9SM SCT240 06/03 A2999 RMK SLP159",2026-06-05 05:06:08.013003,2026-06-05 01:06:08.013003
"CYAT",2026-06-05 04:00:00,2026-06-05,"VFR",6,3,81,80,5,14484.1,30.07,NA,"OVC  ft","METAR CYAT 050400Z AUTO 08005KT 9SM OVC170 06/03 A3007 RMK SLP187",2026-06-05 05:06:08.06053,2026-06-05 01:06:08.06053
"CYMO",2026-06-05 04:00:00,2026-06-05,"VFR",5,2,80,30,3,14484.1,30.05,NA,"SCT  ft; SCT  ft; OVC  ft","METAR CYMO 050400Z AUTO 03003KT 350V060 9SM SCT066 SCT084 OVC100 05/02 A3005 RMK SLP178",2026-06-05 05:06:08.099917,2026-06-05 01:06:08.099917
"CYPL",2026-06-05 04:00:00,2026-06-05,"IFR",8,8,100,90,6,14484.1,29.84,NA,"OVC  ft","METAR CYPL 050400Z AUTO 09006KT 060V130 9SM OVC005 08/08 A2984 RMK SLP118",2026-06-05 05:06:08.143025,2026-06-05 01:06:08.143025
"CYQT",2026-06-05 04:00:00,2026-06-05,"VFR",12,9,81,90,6,24140.16,29.83,NA,"SCT  ft; BKN  ft; OVC  ft","METAR CYQT 050400Z 09006KT 15SM SCT047 BKN060 OVC110 12/09 A2983 RMK SC4SC2AC2 SLP109",2026-06-05 05:06:08.179633,2026-06-05 01:06:08.179633
"CYAM",2026-06-05 04:00:00,2026-06-05,"VFR",14,10,76,100,2,24140.16,29.95,NA,"SCT  ft; BKN  ft; BKN  ft","METAR CYAM 050400Z 10002KT 15SM SCT100 BKN130 BKN180 14/10 A2995 RMK AC4AC2AC1 SLP146",2026-06-05 05:06:08.220178,2026-06-05 01:06:08.220178
"CYTS",2026-06-05 04:00:00,2026-06-05,"VFR",14,13,93,0,0,24140.16,30.01,NA,"OVC  ft","METAR CYTS 050400Z 00000KT 15SM -SHRA OVC061 14/13 A3001 RMK SC8 CVCTV CLD EMBD SLP169",2026-06-05 05:06:08.258799,2026-06-05 01:06:08.258799
"CYSB",2026-06-05 04:00:00,2026-06-05,"VFR",18,9,55,240,5,24140.16,29.99,NA,"BKN  ft","METAR CYSB 050400Z 24005KT 15SM BKN150 18/09 A2999 RMK AC5 SLP157 DENSITY ALT 1700FT",2026-06-05 05:06:08.324717,2026-06-05 01:06:08.324717
"CYYB",2026-06-05 04:00:00,2026-06-05,"VFR",17,7,51,240,5,14484.1,30.01,NA,"BKN  ft","METAR CYYB 050400Z AUTO 24005KT 9SM BKN200 17/07 A3001 RMK SLP163 DENSITY ALT 1700FT",2026-06-05 05:06:08.359414,2026-06-05 01:06:08.359414
"CYOW",2026-06-05 04:00:00,2026-06-05,"VFR",17,11,67,210,7,24140.16,29.96,NA,"SCT  ft","METAR CYOW 050400Z 21007KT 15SM SCT250 17/11 A2996 RMK CI3 SLP147 DENSITY ALT 700FT",2026-06-05 05:06:08.398461,2026-06-05 01:06:08.398461
"CYGK",2026-06-05 03:00:00,2026-06-04 23:00:00,"VFR",19,9,52,240,7,24140.16,30.01,NA,"SCT  ft","METAR CYGK 050300Z 24007KT 15SM SCT240 19/09 A3001 RMK CI3 LAST STFD OBS/NXT 051000Z SLP165 DENSITY ALT 800FT",2026-06-05 05:06:08.442272,2026-06-05 01:06:08.442272
"CYQG",2026-06-05 04:00:00,2026-06-05,"VFR",19,12,63,180,3,14484.1,30.05,NA,NA,"METAR CYQG 050400Z AUTO 18003KT 9SM CLR 19/12 A3005 RMK SLP174 DENSITY ALT 1200FT",2026-06-05 05:06:08.486154,2026-06-05 01:06:08.486154
"CYVV",2026-06-05 04:00:00,2026-06-05,"VFR",14,10,76,120,5,24140.16,30.01,NA,"SCT  ft","METAR CYVV 050400Z 12005KT 15SM SCT250 14/10 A3001 RMK CI4 SLP164",2026-06-05 05:06:08.528335,2026-06-05 01:06:08.528335
"CYYZ",2026-06-05 04:00:00,2026-06-05,"VFR",23,8,38,300,4,24140.16,30.03,NA,"FEW  ft","METAR CYYZ 050400Z 30004KT 15SM FEW260 23/08 A3003 RMK CI2 SLP169 DENSITY ALT 1500FT",2026-06-05 05:06:08.581032,2026-06-05 01:06:08.581032
"CYQA",2026-06-05 04:00:00,2026-06-05,"VFR",11,9,87,0,0,14484.1,30.02,NA,NA,"METAR CYQA 050400Z AUTO 00000KT 9SM CLR 11/09 A3002 RMK SLP168",2026-06-05 05:06:08.618471,2026-06-05 01:06:08.618471
"CYVR",2026-06-05 04:00:00,2026-06-05,"VFR",15,10,72,270,15,32186.88,30.03,NA,"FEW  ft; BKN  ft; OVC  ft","METAR CYVR 050400Z 27015KT 20SM FEW050 BKN075 OVC150 15/10 A3003 RMK SC1AC6AS1 SLP172",2026-06-05 05:06:08.662783,2026-06-05 01:06:08.662783
"CYYJ",2026-06-05 04:00:00,2026-06-05,"VFR",14,4,50,260,8,48280.32,30.05,NA,"FEW  ft; BKN  ft; BKN  ft","METAR CYYJ 050400Z 26008G15KT 30SM FEW040 BKN072 BKN130 14/04 A3005 RMK SC1AC5AC2 SC TR SLP179",2026-06-05 05:06:08.703715,2026-06-05 01:06:08.703715
"CYLW",2026-06-05 04:00:00,2026-06-05,"VFR",19,3,34,350,7,14484.1,29.88,NA,"FEW  ft; OVC  ft","METAR CYLW 050400Z AUTO 35007KT 300V020 9SM FEW086 OVC170 19/03 A2988 RMK SLP117 DENSITY ALT 2300FT",2026-06-05 05:06:08.740546,2026-06-05 01:06:08.740546
"CYXS",2026-06-05 04:00:00,2026-06-05,"VFR",11,4,62,270,4,14484.1,29.84,NA,"FEW  ft; OVC  ft","METAR CYXS 050400Z AUTO 27004KT 9SM FEW096 OVC140 11/04 A2984 RMK SLP121 DENSITY ALT 2500FT",2026-06-05 05:06:08.79428,2026-06-05 01:06:08.79428
"CYXT",2026-06-05 04:00:00,2026-06-05,"VFR",10,5,71,150,12,32186.88,29.89,NA,"FEW  ft; FEW  ft; OVC  ft","METAR CYXT 050400Z 15012KT 20SM FEW020 FEW050 OVC100 10/05 A2989 RMK SC1CU2AC6 SC TR SLP129",2026-06-05 05:06:08.876022,2026-06-05 01:06:08.876022
"CYQQ",2026-06-05 04:00:00,2026-06-05,"VFR",15,3,44,220,7,32186.88,30.01,NA,"FEW  ft; BKN  ft; BKN  ft","METAR CYQQ 050400Z 22007KT 190V260 20SM FEW030 BKN080 BKN140 15/03 A3001 RMK SC1AC5AC2 DENSITY ALT 52FT SLP163",2026-06-05 05:06:08.911305,2026-06-05 01:06:08.911305
"CYYC",2026-06-05 04:00:00,2026-06-05,"VFR",14,9,71,0,0,24140.16,29.87,NA,"FEW  ft; FEW  ft; FEW  ft","METAR CYYC 050400Z 00000KT 15SM FEW022 FEW100 FEW250 14/09 A2987 RMK CF1AC1CI1 CF TR CI TR ACC ASOCTD / CB TOPS E MOV S SLP124 DENSITY ALT 4400FT",2026-06-05 05:06:08.944359,2026-06-05 01:06:08.944359
"CYEG",2026-06-05 04:00:00,2026-06-05,"VFR",12,10,87,270,7,24140.16,29.83,NA,"FEW  ft; FEW  ft; SCT  ft","METAR CYEG 050400Z 27007KT 15SM FEW030 FEW070 SCT160 12/10 A2983 RMK SC1AC1AC4 SC TR AC TR TCU ASOCTD SH DIST NE SLP111 DENSITY ALT 2800FT",2026-06-05 05:06:08.998399,2026-06-05 01:06:08.998399
"CYMM",2026-06-05 04:00:00,2026-06-05,"VFR",18,10,59,200,5,14484.1,29.74,NA,NA,"METAR CYMM 050400Z AUTO 20005KT 9SM CLR 18/10 A2974 RMK SLP078 DENSITY ALT 2100FT",2026-06-05 05:06:09.044025,2026-06-05 01:06:09.044025
"CYQF",2026-06-05 04:00:00,2026-06-05,"VFR",13,10,82,320,3,14484.1,29.86,NA,"SCT  ft","METAR CYQF 050400Z AUTO 32003KT 9SM SCT081 13/10 A2986 RMK SLP125 DENSITY ALT 3500FT",2026-06-05 05:06:09.090983,2026-06-05 01:06:09.090983
"CYXE",2026-06-05 04:00:00,2026-06-05,"VFR",12,10,87,70,5,24140.16,29.85,NA,"FEW  ft","METAR CYXE 050400Z 07005KT 15SM FEW047 12/10 A2985 RMK SC1 SLP121 DENSITY ALT 1900FT",2026-06-05 05:06:09.144082,2026-06-05 01:06:09.144082
"CYQR",2026-06-05 04:00:00,2026-06-05,"VFR",13,10,82,70,6,24140.16,29.86,NA,"FEW  ft; FEW  ft","METAR CYQR 050400Z 07006KT 15SM FEW080 FEW250 13/10 A2986 RMK AC1CI1 AC TR CI TR SLP123 DENSITY ALT 2200FT",2026-06-05 05:06:09.183493,2026-06-05 01:06:09.183493
"CYWG",2026-06-05 04:00:00,2026-06-05,"VFR",14,13,93,310,9,24140.16,29.82,NA,"FEW  ft","METAR CYWG 050400Z 31009KT 15SM FEW084 14/13 A2982 RMK AC1 SLP102 DENSITY ALT 1100FT",2026-06-05 05:06:09.238991,2026-06-05 01:06:09.238991
"CYBR",2026-06-05 04:00:00,2026-06-05,"VFR",14,12,87,60,7,14484.1,29.85,NA,NA,"METAR CYBR 050400Z AUTO 06007KT 9SM CLR 14/12 A2985 RMK SLP116 DENSITY ALT 1700FT",2026-06-05 05:06:09.312804,2026-06-05 01:06:09.312804
"CYUL",2026-06-05 04:00:00,2026-06-05,"VFR",20,10,52,230,6,24140.16,29.93,NA,"FEW  ft","METAR CYUL 050400Z 23006KT 15SM FEW250 20/10 A2993 RMK CI2 SLP136 DENSITY ALT 800FT",2026-06-05 05:06:09.396029,2026-06-05 01:06:09.396029
"CYHU",2026-06-05 04:00:00,2026-06-05,"VFR",20,10,52,220,7,14484.1,29.92,NA,NA,"METAR CYHU 050400Z AUTO 22007KT 9SM CLR 20/10 A2992 RMK SLP134 DENSITY ALT 700FT",2026-06-05 05:06:09.467914,2026-06-05 01:06:09.467914
"CYQB",2026-06-05 04:00:00,2026-06-05,"VFR",21,11,52,20,4,24140.16,29.89,NA,"FEW  ft; FEW  ft","METAR CYQB 050400Z 02004KT 340V060 15SM FEW100 FEW250 21/11 A2989 RMK AC1CI1 AC TR CI TR SLP122 DENSITY ALT 1100FT",2026-06-05 05:06:09.508643,2026-06-05 01:06:09.508643
"CYVO",2026-06-05 04:00:00,2026-06-05,"VFR",16,10,67,30,4,14484.1,29.99,NA,"OVC  ft","METAR CYVO 050400Z AUTO 03004KT 9SM OVC096 16/10 A2999 RMK SLP162 DENSITY ALT 1400FT",2026-06-05 05:06:09.545397,2026-06-05 01:06:09.545397
"CYUY",2026-06-05 04:00:00,2026-06-05,"VFR",15,10,72,60,4,24140.16,30,NA,"BKN  ft; OVC  ft","METAR CYUY 050400Z 06004KT 15SM BKN092 OVC160 15/10 A3000 RMK AC5AS3 SLP162 DENSITY ALT 1200FT",2026-06-05 05:06:09.593822,2026-06-05 01:06:09.593822
"CYZV",2026-06-05 04:00:00,2026-06-05,"VFR",4,4,100,320,2,24140.16,29.95,NA,"FEW  ft","METAR CYZV 050400Z 32002KT 15SM FEW250 04/04 A2995 RMK CI1 CI TR SLP145",2026-06-05 05:06:09.634696,2026-06-05 01:06:09.634696
"CYBC",2026-06-05 04:00:00,2026-06-05,"VFR",10,7,81,340,4,14484.1,29.97,NA,NA,"METAR CYBC 050400Z AUTO 34004KT 9SM CLR 10/07 A2997 RMK SLP151",2026-06-05 05:06:09.69019,2026-06-05 01:06:09.69019
"CYRJ",2026-06-05 04:00:00,2026-06-05,"VFR",14,9,71,20,4,40233.6,30,NA,"OVC  ft","METAR CYRJ 050400Z 02004KT 360V080 25SM OVC032 14/09 A3000 RMK SC8 SLP162",2026-06-05 05:06:09.732816,2026-06-05 01:06:09.732816
"CYHZ",2026-06-05 04:00:00,2026-06-05,"VFR",13,5,58,230,15,24140.16,29.93,NA,"FEW  ft","METAR CYHZ 050400Z 23015KT 15SM FEW250 13/05 A2993 RMK CI1 CI TR SLP137",2026-06-05 05:06:09.781421,2026-06-05 01:06:09.781421
"CYYG",2026-06-05 04:00:00,2026-06-05,"VFR",16,6,51,220,13,24140.16,29.81,NA,"SCT  ft","METAR CYYG 050400Z 22013G20KT 15SM SCT250 16/06 A2981 RMK CI3 SLP095 DENSITY ALT 500FT",2026-06-05 05:06:09.830966,2026-06-05 01:06:09.830966
"CYQM",2026-06-05 04:00:00,2026-06-05,"VFR",15,8,62,210,5,24140.16,29.82,NA,"FEW  ft; BKN  ft","METAR CYQM 050400Z 21005KT 15SM FEW220 BKN240 15/08 A2982 RMK CI2CI4 SLP099 DENSITY ALT 500FT",2026-06-05 05:06:09.874465,2026-06-05 01:06:09.874465
"CYFC",2026-06-05 04:00:00,2026-06-05,"VFR",15,10,72,NA,2,14484.1,29.84,NA,NA,"METAR CYFC 050400Z AUTO VRB02KT 9SM CLR 15/10 A2984 RMK SLP107",2026-06-05 05:06:09.913091,2026-06-05 01:06:09.913091
"CYYT",2026-06-05 04:00:00,2026-06-05,"VFR",9,4,70,260,26,24140.16,29.79,NA,"OVC  ft","METAR CYYT 050400Z 26026G36KT 15SM OVC150 09/04 A2979 RMK AC8 SLP092",2026-06-05 05:06:09.9623,2026-06-05 01:06:09.9623
"CYQY",2026-06-05 04:00:00,2026-06-05,"VFR",12,5,62,230,11,24140.16,29.82,NA,"BKN  ft","METAR CYQY 050400Z 23011G19KT 15SM BKN220 12/05 A2982 RMK CI6 SLP101",2026-06-05 05:06:10.003491,2026-06-05 01:06:10.003491
"CYXY",2026-06-05 04:52:00,2026-06-05 00:52:00,"VFR",16,4,44,150,11,64373.76,29.62,NA,"BKN  ft; BKN  ft","SPECI CYXY 050452Z 15011KT 40SM BKN100 BKN150 16/04 A2962 RMK AC5AC1 WSHFT 0438 SLP043 DENSITY ALT 3400FT",2026-06-05 05:06:10.054387,2026-06-05 01:06:10.054387
"CYZF",2026-06-05 04:00:00,2026-06-05,"VFR",17,3,39,160,5,24140.16,29.65,NA,"BKN  ft; BKN  ft","METAR CYZF 050400Z 16005KT 15SM BKN190 BKN210 17/03 A2965 RMK AC5CI2 SLP048 DENSITY ALT 1400FT",2026-06-05 05:06:10.088918,2026-06-05 01:06:10.088918
"CYFB",2026-06-05 04:14:00,2026-06-05 00:14:00,"MVFR",0,-4,74,320,6,48280.32,29.8,NA,"OVC  ft","SPECI CYFB 050414Z 32006KT 30SM OVC021 00/M04 A2980 RMK SC8 SLP097",2026-06-05 05:06:10.123909,2026-06-05 01:06:10.123909
"CYRT",2026-06-05 04:00:00,2026-06-05,"VFR",5,3,86,320,10,24140.16,29.75,NA,"SCT  ft; SCT  ft","METAR CYRT 050400Z 32010KT 220V330 15SM SCT110 SCT250 05/03 A2975 RMK AC3CI1 PRESRR SLP079",2026-06-05 05:06:10.158327,2026-06-05 01:06:10.158327
"CYBK",2026-06-05 04:00:00,2026-06-05,"VFR",8,5,81,310,4,40233.6,29.76,NA,"FEW  ft; SCT  ft","METAR CYBK 050400Z 31004KT 25SM FEW032 SCT220 08/05 A2976 RMK SC1CI3 SC TR SLP079",2026-06-05 05:06:10.193074,2026-06-05 01:06:10.193074
"CYRB",2026-06-05 04:44:00,2026-06-05 00:44:00,"MVFR",-6,-6,100,320,9,40233.6,29.58,NA,"BKN  ft; OVC  ft","SPECI CYRB 050444Z 32009KT 25SM BKN020 OVC081 M06/M06 A2958 RMK SC6AC2 SLP026",2026-06-05 05:06:10.230322,2026-06-05 01:06:10.230322
"CYCO",2026-06-05 00:54:00,2026-06-04 20:54:00,"MVFR",2,1,93,10,10,19312.13,29.8,NA,"BKN  ft; OVC  ft","SPECI CYCO 050054Z 01010KT 12SM -RA BKN011 OVC021 02/01 A2980 RMK SC7SC1 SLP095",2026-06-05 05:06:10.271108,2026-06-05 01:06:10.271108
"CYER",2026-06-05 08:00:00,2026-06-05 04:00:00,"VFR",5,4,93,150,7,14484.1,29.94,NA,"SCT  ft","METAR CYER 050800Z AUTO 15007KT 9SM SCT240 05/04 A2994 RMK SLP141",2026-06-05 08:55:57.856161,2026-06-05 04:55:57.856161
"CYAT",2026-06-05 08:00:00,2026-06-05 04:00:00,"VFR",7,3,75,120,5,14484.1,29.99,NA,"BKN  ft; OVC  ft","METAR CYAT 050800Z AUTO 12005KT 9SM BKN100 OVC130 07/03 A2999 RMK SLP159",2026-06-05 08:55:57.924966,2026-06-05 04:55:57.924966
"CYMO",2026-06-05 08:24:00,2026-06-05 04:24:00,"VFR",5,4,93,30,4,14484.1,29.99,NA,"BKN  ft; BKN  ft; OVC  ft","SPECI CYMO 050824Z AUTO 03004KT 9SM -RA BKN035 BKN043 OVC050 05/04 A2999 RMK SLP159",2026-06-05 08:55:58.027452,2026-06-05 04:55:58.027452
"CYPL",2026-06-05 08:00:00,2026-06-05 04:00:00,"LIFR",8,8,100,90,6,804.67,29.78,NA,"VV  ft","METAR CYPL 050800Z AUTO 09006KT 1/2SM FG VV003 08/08 A2978 RMK SLP096",2026-06-05 08:55:58.154408,2026-06-05 04:55:58.154408
"CYQT",2026-06-05 08:00:00,2026-06-05 04:00:00,"VFR",10,9,93,310,2,24140.16,29.78,NA,"FEW  ft; FEW  ft; BKN  ft","METAR CYQT 050800Z 31002KT 15SM FEW042 FEW100 BKN220 10/09 A2978 RMK SC1AC1CI4 SC TR SLP090",2026-06-05 08:55:58.296175,2026-06-05 04:55:58.296175
"CYAM",2026-06-05 08:00:00,2026-06-05 04:00:00,"VFR",15,11,76,80,2,24140.16,29.9,NA,"BKN  ft; BKN  ft; OVC  ft","METAR CYAM 050800Z 08002KT 15SM BKN080 BKN100 OVC150 15/11 A2990 RMK AS5AC2AC1 SLP127",2026-06-05 08:55:58.35643,2026-06-05 04:55:58.35643
"CYTS",2026-06-05 08:00:00,2026-06-05 04:00:00,"VFR",14,13,93,150,5,24140.16,29.94,NA,"BKN  ft; OVC  ft","METAR CYTS 050800Z 15005KT 15SM BKN095 OVC130 14/13 A2994 RMK AC6AC2 SLP141",2026-06-05 08:55:58.407471,2026-06-05 04:55:58.407471
"CYSB",2026-06-05 08:00:00,2026-06-05 04:00:00,"VFR",17,7,51,NA,2,24140.16,29.94,NA,"SCT  ft","METAR CYSB 050800Z VRB02KT 15SM SCT150 17/07 A2994 RMK AC4 SLP138 DENSITY ALT 1600FT",2026-06-05 08:55:58.456817,2026-06-05 04:55:58.456817
"CYYB",2026-06-05 08:00:00,2026-06-05 04:00:00,"VFR",13,9,76,NA,2,14484.1,29.96,NA,"BKN  ft; OVC  ft","METAR CYYB 050800Z AUTO VRB02KT 9SM BKN190 OVC220 13/09 A2996 RMK SLP147",2026-06-05 08:55:58.503033,2026-06-05 04:55:58.503033
"CYOW",2026-06-05 08:00:00,2026-06-05 04:00:00,"VFR",14,7,62,240,6,24140.16,29.95,NA,"SCT  ft","METAR CYOW 050800Z 24006KT 15SM SCT140 14/07 A2995 RMK AC3 SLP143",2026-06-05 08:55:58.547584,2026-06-05 04:55:58.547584
"CYGK",2026-06-05 03:00:00,2026-06-04 23:00:00,"VFR",19,9,52,240,7,24140.16,30.01,NA,"SCT  ft","METAR CYGK 050300Z 24007KT 15SM SCT240 19/09 A3001 RMK CI3 LAST STFD OBS/NXT 051000Z SLP165 DENSITY ALT 800FT",2026-06-05 08:55:58.588423,2026-06-05 04:55:58.588423
"CYQG",2026-06-05 08:00:00,2026-06-05 04:00:00,"VFR",17,14,82,200,3,14484.1,30.01,NA,NA,"METAR CYQG 050800Z AUTO 20003KT 9SM CLR 17/14 A3001 RMK SLP163 DENSITY ALT 1000FT",2026-06-05 08:55:58.629076,2026-06-05 04:55:58.629076
"CYVV",2026-06-05 08:00:00,2026-06-05 04:00:00,"VFR",16,10,67,150,4,24140.16,29.96,NA,"SCT  ft","METAR CYVV 050800Z 15004KT 15SM SCT220 16/10 A2996 RMK CC3 SLP146 DENSITY ALT 1000FT",2026-06-05 08:55:58.670291,2026-06-05 04:55:58.670291
"CYYZ",2026-06-05 08:00:00,2026-06-05 04:00:00,"VFR",19,8,48,220,5,24140.16,30,NA,"SCT  ft","METAR CYYZ 050800Z 22005KT 15SM SCT260 19/08 A3000 RMK CI3 SLP159 DENSITY ALT 1100FT",2026-06-05 08:55:58.70981,2026-06-05 04:55:58.70981
"CYQA",2026-06-05 08:00:00,2026-06-05 04:00:00,"VFR",10,9,93,130,2,14484.1,29.98,NA,"BKN  ft; BKN  ft","METAR CYQA 050800Z AUTO 13002KT 9SM BKN190 BKN210 10/09 A2998 RMK SLP156",2026-06-05 08:55:58.755151,2026-06-05 04:55:58.755151
"CYVR",2026-06-05 08:00:00,2026-06-05 04:00:00,"VFR",13,9,76,200,3,32186.88,29.98,NA,"FEW  ft; OVC  ft","METAR CYVR 050800Z 20003KT 20SM FEW045 OVC110 13/09 A2998 RMK SC1AC7 SLP155",2026-06-05 08:55:58.825921,2026-06-05 04:55:58.825921
"CYYJ",2026-06-05 08:00:00,2026-06-05 04:00:00,"VFR",12,6,66,230,4,48280.32,29.99,NA,"FEW  ft; BKN  ft","METAR CYYJ 050800Z 23004KT 200V280 30SM FEW061 BKN120 12/06 A2999 RMK SC1AC6 SLP157",2026-06-05 08:55:58.868586,2026-06-05 04:55:58.868586
"CYLW",2026-06-05 08:40:00,2026-06-05 04:40:00,"VFR",15,5,51,140,5,14484.1,29.86,NA,"BKN  ft; OVC  ft","SPECI CYLW 050840Z AUTO 14005KT 9SM BKN086 OVC120 15/05 A2986 RMK SLP112 DENSITY ALT 1800FT",2026-06-05 08:55:58.917336,2026-06-05 04:55:58.917336
"CYXS",2026-06-05 08:18:00,2026-06-05 04:18:00,"VFR",9,6,81,180,7,14484.1,29.8,NA,"OVC  ft","SPECI CYXS 050818Z AUTO 18007KT 9SM OVC055 09/06 A2980 RMK SLP108",2026-06-05 08:55:58.978015,2026-06-05 04:55:58.978015
"CYXT",2026-06-05 08:00:00,2026-06-05 04:00:00,"VFR",7,5,87,150,5,24140.16,29.85,NA,"FEW  ft; BKN  ft","METAR CYXT 050800Z 15005KT 15SM FEW010 BKN090 07/05 A2985 RMK SF1AC7 SF TR SLP116",2026-06-05 08:55:59.039692,2026-06-05 04:55:59.039692
"CYQQ",2026-06-05 08:00:00,2026-06-05 04:00:00,"VFR",13,4,54,220,6,32186.88,29.97,NA,"FEW  ft; BKN  ft; BKN  ft","METAR CYQQ 050800Z 22006KT 20SM FEW045 BKN080 BKN100 13/04 A2997 RMK SC2AC3AC2 DENSITY ALT -121FT SLP149",2026-06-05 08:55:59.095575,2026-06-05 04:55:59.095575
"CYYC",2026-06-05 08:37:00,2026-06-05 04:37:00,"VFR",10,8,87,190,4,24140.16,29.83,NA,"FEW  ft; SCT  ft; BKN  ft","SPECI CYYC 050837Z 19004KT 15SM FEW008 SCT090 BKN180 10/08 A2983 RMK CF1AC3AS4 CF TR SLP109 DENSITY ALT 4000FT",2026-06-05 08:55:59.141395,2026-06-05 04:55:59.141395
"CYEG",2026-06-05 08:23:00,2026-06-05 04:23:00,"VFR",8,8,100,0,0,32186.88,29.79,NA,"FEW  ft; SCT  ft","SPECI CYEG 050823Z 00000KT 20SM MIFG FEW100 SCT250 08/08 A2979 RMK AC1CI2 MIFG NE-SE SLP102",2026-06-05 08:55:59.17926,2026-06-05 04:55:59.17926
"CYMM",2026-06-05 08:00:00,2026-06-05 04:00:00,"VFR",13,10,82,210,7,14484.1,29.72,NA,"BKN  ft","METAR CYMM 050800Z AUTO 21007KT 9SM BKN050 13/10 A2972 RMK SLP073 DENSITY ALT 1600FT",2026-06-05 08:55:59.217503,2026-06-05 04:55:59.217503
"CYQF",2026-06-05 08:00:00,2026-06-05 04:00:00,"VFR",10,9,93,180,2,14484.1,29.82,NA,"BKN  ft; BKN  ft","METAR CYQF 050800Z AUTO 18002KT 9SM BKN076 BKN110 10/09 A2982 RMK SLP115 DENSITY ALT 3200FT",2026-06-05 08:55:59.254665,2026-06-05 04:55:59.254665
"CYXE",2026-06-05 08:00:00,2026-06-05 04:00:00,"VFR",12,10,87,110,4,24140.16,29.83,NA,"BKN  ft","METAR CYXE 050800Z 11004KT 15SM BKN046 12/10 A2983 RMK SC5 SLP112",2026-06-05 08:55:59.299203,2026-06-05 04:55:59.299203
"CYQR",2026-06-05 08:00:00,2026-06-05 04:00:00,"VFR",13,10,82,120,6,24140.16,29.84,NA,"BKN  ft; BKN  ft","METAR CYQR 050800Z 12006KT 15SM BKN047 BKN090 13/10 A2984 RMK SC6AC1 SLP114 DENSITY ALT 2200FT",2026-06-05 08:55:59.340645,2026-06-05 04:55:59.340645
"CYWG",2026-06-05 08:00:00,2026-06-05 04:00:00,"MVFR",11,11,100,0,0,24140.16,29.8,NA,"BKN  ft","METAR CYWG 050800Z 00000KT 15SM BKN018 11/11 A2980 RMK SC6 SLP095",2026-06-05 08:55:59.380651,2026-06-05 04:55:59.380651
"CYBR",2026-06-05 08:00:00,2026-06-05 04:00:00,"VFR",13,12,93,40,5,14484.1,29.81,NA,"OVC  ft","METAR CYBR 050800Z AUTO 04005KT 9SM OVC050 13/12 A2981 RMK SLP104 DENSITY ALT 1600FT",2026-06-05 08:55:59.423892,2026-06-05 04:55:59.423892
"CYUL",2026-06-05 08:00:00,2026-06-05 04:00:00,"VFR",17,11,67,250,5,24140.16,29.92,NA,"FEW  ft; BKN  ft","METAR CYUL 050800Z 25005KT 15SM FEW160 BKN210 17/11 A2992 RMK AC1CC6 SLP135 DENSITY ALT 500FT",2026-06-05 08:55:59.469665,2026-06-05 04:55:59.469665
"CYHU",2026-06-05 08:00:00,2026-06-05 04:00:00,"VFR",18,11,63,240,9,14484.1,29.91,NA,"BKN  ft","METAR CYHU 050800Z AUTO 24009KT 9SM BKN160 18/11 A2991 RMK SLP131 DENSITY ALT 500FT",2026-06-05 08:55:59.5249,2026-06-05 04:55:59.5249
"CYQB",2026-06-05 08:00:00,2026-06-05 04:00:00,"VFR",15,9,67,60,10,24140.16,29.95,NA,"FEW  ft; BKN  ft; OVC  ft","METAR CYQB 050800Z 06010KT 15SM FEW110 BKN150 OVC220 15/09 A2995 RMK AC2AC5CI1 SLP146",2026-06-05 08:55:59.563612,2026-06-05 04:55:59.563612
"CYVO",2026-06-05 08:00:00,2026-06-05 04:00:00,"VFR",12,9,81,10,3,14484.1,29.98,NA,"SCT  ft; BKN  ft","METAR CYVO 050800Z AUTO 01003KT 350V050 9SM SCT120 BKN150 12/09 A2998 RMK SLP157",2026-06-05 08:55:59.602374,2026-06-05 04:55:59.602374
"CYUY",2026-06-05 08:39:00,2026-06-05 04:39:00,"VFR",13,10,82,80,7,24140.16,29.93,NA,"BKN  ft; OVC  ft","SPECI CYUY 050839Z 08007KT 15SM BKN100 OVC120 13/10 A2993 RMK AC7AS1 SLP141",2026-06-05 08:55:59.642726,2026-06-05 04:55:59.642726
"CYZV",2026-06-05 08:00:00,2026-06-05 04:00:00,"VFR",1,0,93,350,5,48280.32,29.96,NA,"FEW  ft; FEW  ft; FEW  ft","METAR CYZV 050800Z 35005KT 30SM FEW005 FEW110 FEW250 01/00 A2996 RMK ST1AC1CI1 ST TR AC TR CI TR SLP151",2026-06-05 08:55:59.679218,2026-06-05 04:55:59.679218
"CYBC",2026-06-05 08:00:00,2026-06-05 04:00:00,"VFR",7,6,93,330,4,14484.1,29.99,NA,NA,"METAR CYBC 050800Z AUTO 33004KT 9SM CLR 07/06 A2999 RMK SLP159",2026-06-05 08:55:59.718886,2026-06-05 04:55:59.718886
"CYRJ",2026-06-05 08:00:00,2026-06-05 04:00:00,"VFR",10,8,87,310,4,64373.76,30.01,NA,"SCT  ft; BKN  ft","METAR CYRJ 050800Z 31004KT 40SM SCT090 BKN220 10/08 A3001 RMK AC4CI2 SLP165",2026-06-05 08:55:59.775516,2026-06-05 04:55:59.775516
"CYHZ",2026-06-05 08:00:00,2026-06-05 04:00:00,"VFR",11,6,71,220,12,24140.16,29.86,NA,"FEW  ft; FEW  ft","METAR CYHZ 050800Z 22012KT 15SM FEW100 FEW250 11/06 A2986 RMK AC1CI1 AC TR SLP115",2026-06-05 08:55:59.82178,2026-06-05 04:55:59.82178
"CYYG",2026-06-05 08:00:00,2026-06-05 04:00:00,"VFR",11,8,81,300,8,24140.16,29.84,NA,"SCT  ft","METAR CYYG 050800Z 30008KT 15SM SCT200 11/08 A2984 RMK CI3 SLP107",2026-06-05 08:55:59.871321,2026-06-05 04:55:59.871321
"CYQM",2026-06-05 08:00:00,2026-06-05 04:00:00,"VFR",12,9,81,350,6,24140.16,29.87,NA,"FEW  ft; FEW  ft","METAR CYQM 050800Z 35006KT 15SM FEW180 FEW200 12/09 A2987 RMK AC1CI1 AC TR CI TR SLP116",2026-06-05 08:55:59.952544,2026-06-05 04:55:59.952544
"CYFC",2026-06-05 08:00:00,2026-06-05 04:00:00,"VFR",11,9,87,NA,2,14484.1,29.86,NA,NA,"METAR CYFC 050800Z AUTO VRB02KT 9SM CLR 11/09 A2986 RMK SLP114",2026-06-05 08:56:00.019422,2026-06-05 04:56:00.019422
"CYYT",2026-06-05 08:00:00,2026-06-05 04:00:00,"VFR",9,5,76,260,25,24140.16,29.73,NA,"SCT  ft; BKN  ft","METAR CYYT 050800Z 26025G32KT 15SM SCT100 BKN220 09/05 A2973 RMK AC4CI3 SLP071",2026-06-05 08:56:00.10551,2026-06-05 04:56:00.10551
"CYQY",2026-06-05 08:00:00,2026-06-05 04:00:00,"VFR",14,5,54,250,14,24140.16,29.77,NA,"BKN  ft","METAR CYQY 050800Z 25014KT 15SM BKN220 14/05 A2977 RMK CI6 SLP084",2026-06-05 08:56:00.168108,2026-06-05 04:56:00.168108
"CYXY",2026-06-05 08:00:00,2026-06-05 04:00:00,"VFR",10,4,66,170,8,64373.76,29.65,NA,"SCT  ft","METAR CYXY 050800Z 17008KT 40SM SCT120 10/04 A2965 RMK AC4 SLP052 DENSITY ALT 2600FT",2026-06-05 08:56:00.235609,2026-06-05 04:56:00.235609
"CYZF",2026-06-05 08:00:00,2026-06-05 04:00:00,"VFR",14,3,47,140,3,24140.16,29.61,NA,"BKN  ft; BKN  ft; BKN  ft","METAR CYZF 050800Z 14003KT 15SM BKN130 BKN170 BKN210 14/03 A2961 RMK AC7AC1CI1 AC TR CI TR SLP033 DENSITY ALT 1200FT",2026-06-05 08:56:00.291811,2026-06-05 04:56:00.291811
"CYFB",2026-06-05 08:00:00,2026-06-05 04:00:00,"MVFR",0,-4,74,20,3,48280.32,29.76,NA,"BKN  ft; BKN  ft","METAR CYFB 050800Z 02003KT 30SM BKN019 BKN260 M00/M04 A2976 RMK SC7CI1 CI TR SLP082",2026-06-05 08:56:00.343535,2026-06-05 04:56:00.343535
"CYRT",2026-06-05 08:00:00,2026-06-05 04:00:00,"VFR",5,3,86,340,3,24140.16,29.73,NA,"FEW  ft; SCT  ft","METAR CYRT 050800Z 34003KT 220V360 15SM FEW090 SCT250 05/03 A2973 RMK AC2CI1 SLP072",2026-06-05 08:56:00.386783,2026-06-05 04:56:00.386783
"CYBK",2026-06-05 08:00:00,2026-06-05 04:00:00,"VFR",4,2,86,350,7,40233.6,29.78,NA,"FEW  ft; FEW  ft","METAR CYBK 050800Z 35007KT 25SM FEW032 FEW060 04/02 A2978 RMK CU1SC1 CU TR SC TR SLP087",2026-06-05 08:56:00.444704,2026-06-05 04:56:00.444704
"CYRB",2026-06-05 08:00:00,2026-06-05 04:00:00,"MVFR",-5,-6,92,280,4,48280.32,29.6,NA,"OVC  ft","METAR CYRB 050800Z 28004KT 30SM OVC021 M05/M06 A2960 RMK SC8 SLP032",2026-06-05 08:56:00.506328,2026-06-05 04:56:00.506328
"CYCO",2026-06-05 00:54:00,2026-06-04 20:54:00,"MVFR",2,1,93,10,10,19312.13,29.8,NA,"BKN  ft; OVC  ft","SPECI CYCO 050054Z 01010KT 12SM -RA BKN011 OVC021 02/01 A2980 RMK SC7SC1 SLP095",2026-06-05 08:56:00.559609,2026-06-05 04:56:00.559609
"CYER",2026-06-05 11:00:00,2026-06-05 07:00:00,"VFR",7,4,81,150,6,14484.1,29.92,NA,"SCT  ft","METAR CYER 051100Z AUTO 15006KT 9SM SCT240 07/04 A2992 RMK SLP134",2026-06-05 12:22:55.440242,2026-06-05 08:22:55.440242
"CYAT",2026-06-05 11:00:00,2026-06-05 07:00:00,"VFR",8,4,75,140,5,14484.1,29.94,NA,"OVC  ft","METAR CYAT 051100Z AUTO 14005KT 100V160 9SM OVC055 08/04 A2994 RMK SLP142",2026-06-05 12:22:55.477836,2026-06-05 08:22:55.477836
"CYMO",2026-06-05 11:00:00,2026-06-05 07:00:00,"VFR",8,7,93,70,3,14484.1,29.94,NA,"BKN  ft; OVC  ft","METAR CYMO 051100Z AUTO 07003KT 030V110 9SM BKN060 OVC074 08/07 A2994 RMK SLP140",2026-06-05 12:22:55.506321,2026-06-05 08:22:55.506321
"CYPL",2026-06-05 12:13:00,2026-06-05 08:13:00,"LIFR",9,9,100,90,5,804.67,29.75,NA,"OVC  ft","SPECI CYPL 051213Z AUTO 09005KT 1/2SM -RA FG OVC003 09/09 A2975 RMK SLP090",2026-06-05 12:22:55.540321,2026-06-05 08:22:55.540321
"CYQT",2026-06-05 11:48:00,2026-06-05 07:48:00,"VFR",11,10,93,150,3,19312.13,29.76,NA,"FEW  ft; BKN  ft; OVC  ft","SPECI CYQT 051148Z 15003KT 12SM -SHRA FEW030 BKN047 OVC100 11/10 A2976 RMK SC1SC6AC1 CVCTV CLD EMBD SLP082",2026-06-05 12:22:55.577689,2026-06-05 08:22:55.577689
"CYAM",2026-06-05 11:00:00,2026-06-05 07:00:00,"VFR",15,9,67,70,3,24140.16,29.88,NA,"FEW  ft; BKN  ft; OVC  ft","METAR CYAM 051100Z 07003KT 15SM FEW081 BKN100 OVC130 15/09 A2988 RMK AC2AC5AC1 SLP119 DENSITY ALT 900FT",2026-06-05 12:22:55.607199,2026-06-05 08:22:55.607199
"CYTS",2026-06-05 12:01:00,2026-06-05 08:01:00,"VFR",15,13,87,190,6,24140.16,29.89,NA,"BKN  ft","SPECI CYTS 051201Z 19006KT 15SM -SHRA BKN080 15/13 A2989 RMK AC7 CVCTV CLD EMBD SLP128 DENSITY ALT 1300FT",2026-06-05 12:22:55.637507,2026-06-05 08:22:55.637507
"CYSB",2026-06-05 11:00:00,2026-06-05 07:00:00,"VFR",15,8,62,130,8,32186.88,29.92,NA,"FEW  ft; BKN  ft; BKN  ft","METAR CYSB 051100Z 13008KT 20SM FEW120 BKN170 BKN220 15/08 A2992 RMK AC2CI3CI1 SLP133 DENSITY ALT 1400FT",2026-06-05 12:22:55.666715,2026-06-05 08:22:55.666715
"CYYB",2026-06-05 11:00:00,2026-06-05 07:00:00,"VFR",16,9,63,130,5,48280.32,29.94,NA,"SCT  ft; OVC  ft","METAR CYYB 051100Z 13005KT 30SM SCT180 OVC280 16/09 A2994 RMK AC3CI5 SLP141 DENSITY ALT 1600FT",2026-06-05 12:22:55.698205,2026-06-05 08:22:55.698205
"CYOW",2026-06-05 11:00:00,2026-06-05 07:00:00,"VFR",16,9,63,230,5,24140.16,29.96,NA,"SCT  ft; BKN  ft","METAR CYOW 051100Z 23005KT 15SM SCT170 BKN230 16/09 A2996 RMK AC3CI3 SLP146 DENSITY ALT 600FT",2026-06-05 12:22:55.729534,2026-06-05 08:22:55.729534
"CYGK",2026-06-05 11:00:00,2026-06-05 07:00:00,"VFR",15,13,87,140,5,24140.16,30,NA,"FEW  ft; OVC  ft","METAR CYGK 051100Z 14005KT 15SM FEW170 OVC250 15/13 A3000 RMK AC1CI7 SLP162",2026-06-05 12:22:55.75897,2026-06-05 08:22:55.75897
"CYQG",2026-06-05 11:00:00,2026-06-05 07:00:00,"VFR",19,14,72,220,6,14484.1,30.03,NA,NA,"METAR CYQG 051100Z AUTO 22006KT 9SM CLR 19/14 A3003 RMK SLP167 DENSITY ALT 1100FT",2026-06-05 12:22:55.787209,2026-06-05 08:22:55.787209
"CYVV",2026-06-05 11:00:00,2026-06-05 07:00:00,"VFR",17,11,67,150,5,24140.16,29.95,NA,"BKN  ft; OVC  ft","METAR CYVV 051100Z 15005KT 15SM BKN190 OVC250 17/11 A2995 RMK AC7CI1 SLP142 DENSITY ALT 1100FT",2026-06-05 12:22:55.816794,2026-06-05 08:22:55.816794
"CYYZ",2026-06-05 11:00:00,2026-06-05 07:00:00,"VFR",20,8,45,150,3,24140.16,29.99,NA,"SCT  ft; SCT  ft","METAR CYYZ 051100Z 15003KT 15SM SCT220 SCT260 20/08 A2999 RMK CC3CI1 SLP156 DENSITY ALT 1200FT",2026-06-05 12:22:55.845711,2026-06-05 08:22:55.845711
"CYQA",2026-06-05 11:00:00,2026-06-05 07:00:00,"VFR",13,10,82,140,2,14484.1,29.97,NA,"OVC  ft","METAR CYQA 051100Z AUTO 14002KT 9SM OVC240 13/10 A2997 RMK SLP151",2026-06-05 12:22:55.8758,2026-06-05 08:22:55.8758
"CYVR",2026-06-05 11:00:00,2026-06-05 07:00:00,"VFR",13,8,71,260,8,32186.88,29.96,NA,"FEW  ft; BKN  ft; OVC  ft","METAR CYVR 051100Z 26008KT 20SM FEW035 BKN057 OVC100 13/08 A2996 RMK SC1SC6AC2 SC TR SLP149",2026-06-05 12:22:55.906692,2026-06-05 08:22:55.906692
"CYYJ",2026-06-05 11:00:00,2026-06-05 07:00:00,"VFR",13,6,62,240,10,48280.32,29.97,NA,"FEW  ft; BKN  ft; BKN  ft","METAR CYYJ 051100Z 24010KT 30SM FEW050 BKN072 BKN110 13/06 A2997 RMK SC1AC4AC2 SLP152",2026-06-05 12:22:55.936692,2026-06-05 08:22:55.936692
"CYLW",2026-06-05 11:00:00,2026-06-05 07:00:00,"VFR",11,6,71,350,4,14484.1,29.85,NA,"FEW  ft; OVC  ft","METAR CYLW 051100Z AUTO 35004KT 330V070 9SM FEW110 OVC140 11/06 A2985 RMK SLP108",2026-06-05 12:22:55.96517,2026-06-05 08:22:55.96517
"CYXS",2026-06-05 11:31:00,2026-06-05 07:31:00,"IFR",6,6,100,180,8,14484.1,29.8,NA,"FEW  ft; BKN  ft; BKN  ft; OVC  ft","SPECI CYXS 051131Z AUTO 18008KT 9SM -RA FEW005 BKN009 BKN013 OVC034 06/06 A2980 RMK PCPN 0.5MM PAST HR SLP109",2026-06-05 12:22:55.993847,2026-06-05 08:22:55.993847
"CYXT",2026-06-05 11:00:00,2026-06-05 07:00:00,"VFR",6,5,93,120,7,24140.16,29.85,NA,"FEW  ft; SCT  ft; BKN  ft","METAR CYXT 051100Z 12007KT 15SM FEW010 SCT045 BKN080 06/05 A2985 RMK SF1SC2AC4 SLP116",2026-06-05 12:22:56.024299,2026-06-05 08:22:56.024299
"CYQQ",2026-06-05 11:00:00,2026-06-05 07:00:00,"VFR",11,5,66,200,4,32186.88,29.94,NA,"FEW  ft; SCT  ft; BKN  ft; BKN  ft","METAR CYQQ 051100Z 20004KT 20SM FEW030 SCT070 BKN120 BKN180 11/05 A2994 RMK SC1AC3AC2AC1 DENSITY ALT -323FT SLP138",2026-06-05 12:22:56.057982,2026-06-05 08:22:56.057982
"CYYC",2026-06-05 12:00:00,2026-06-05 08:00:00,"VFR",8,7,93,200,3,19312.13,29.77,NA,"SCT  ft; BKN  ft","METAR CYYC 051200Z CCB 20003KT 12SM SCT130 BKN210 08/07 A2977 RMK AC3CI4 CB TOPS DIST W / ACC ASOCTD / CC ASOCTD SLP096 DENSITY ALT 3900FT",2026-06-05 12:22:57.239242,2026-06-05 08:22:57.239242
"CYEG",2026-06-05 11:00:00,2026-06-05 07:00:00,"VFR",7,7,100,NA,2,32186.88,29.75,NA,"BKN  ft; BKN  ft; BKN  ft","METAR CYEG 051100Z VRB02KT 20SM BKN100 BKN160 BKN220 07/07 A2975 RMK AC7AC1CI1 AC TR CI TR SLP088",2026-06-05 12:22:57.269121,2026-06-05 08:22:57.269121
"CYMM",2026-06-05 11:00:00,2026-06-05 07:00:00,"VFR",11,10,93,210,5,14484.1,29.71,NA,"SCT  ft; BKN  ft","METAR CYMM 051100Z AUTO 21005KT 9SM SCT076 BKN100 11/10 A2971 RMK SLP068",2026-06-05 12:22:57.299083,2026-06-05 08:22:57.299083
"CYQF",2026-06-05 12:20:00,2026-06-05 08:20:00,"IFR",7,7,100,150,3,1609.34,29.75,NA,"SCT  ft; BKN  ft","SPECI CYQF 051220Z AUTO 15003KT 1SM BR SCT002 BKN160 07/07 A2975 RMK SLP098",2026-06-05 12:22:57.331562,2026-06-05 08:22:57.331562
"CYXE",2026-06-05 11:00:00,2026-06-05 07:00:00,"VFR",12,10,87,120,5,9999,29.81,NA,"SCT  ft; OVC  ft","METAR CYXE 051100Z 12005KT 10SM SCT035 OVC052 12/10 A2981 RMK SC3SC5 SLP106",2026-06-05 12:22:57.363864,2026-06-05 08:22:57.363864
"CYQR",2026-06-05 11:00:00,2026-06-05 07:00:00,"VFR",11,9,87,110,10,24140.16,29.8,NA,"FEW  ft; SCT  ft; SCT  ft","METAR CYQR 051100Z 11010KT 15SM FEW040 SCT060 SCT095 11/09 A2980 RMK SC1SC3AC1 SC TR SLP103 DENSITY ALT 2100FT",2026-06-05 12:22:57.398776,2026-06-05 08:22:57.398776
"CYWG",2026-06-05 11:00:00,2026-06-05 07:00:00,"VFR",11,11,100,320,6,24140.16,29.81,NA,"FEW  ft; FEW  ft","METAR CYWG 051100Z 32006KT 15SM FEW060 FEW250 11/11 A2981 RMK SC1CI1 SLP098",2026-06-05 12:22:57.431271,2026-06-05 08:22:57.431271
"CYBR",2026-06-05 11:00:00,2026-06-05 07:00:00,"VFR",12,11,93,80,4,14484.1,29.84,NA,"OVC  ft","METAR CYBR 051100Z AUTO 08004KT 9SM OVC050 12/11 A2984 RMK SLP113",2026-06-05 12:22:57.463099,2026-06-05 08:22:57.463099
"CYUL",2026-06-05 11:00:00,2026-06-05 07:00:00,"VFR",18,10,59,280,4,48280.32,29.95,NA,"BKN  ft; OVC  ft","METAR CYUL 051100Z 28004KT 30SM BKN180 OVC240 18/10 A2995 RMK AC6CI2 SLP144 DENSITY ALT 500FT",2026-06-05 12:22:57.494725,2026-06-05 08:22:57.494725
"CYHU",2026-06-05 11:00:00,2026-06-05 07:00:00,"VFR",17,12,72,240,2,14484.1,29.94,NA,"BKN  ft","METAR CYHU 051100Z AUTO 24002KT 9SM BKN240 17/12 A2994 RMK SLP142 DENSITY ALT 400FT",2026-06-05 12:22:57.53892,2026-06-05 08:22:57.53892
"CYQB",2026-06-05 11:00:00,2026-06-05 07:00:00,"VFR",14,7,62,80,14,48280.32,29.99,NA,"SCT  ft; BKN  ft; OVC  ft","METAR CYQB 051100Z 08014G20KT 30SM SCT110 BKN140 OVC250 14/07 A2999 RMK AC4AC2CI2 SLP158",2026-06-05 12:22:57.587631,2026-06-05 08:22:57.587631
"CYVO",2026-06-05 11:00:00,2026-06-05 07:00:00,"VFR",13,10,82,NA,2,24140.16,29.95,NA,"SCT  ft; OVC  ft","METAR CYVO 051100Z VRB02KT 15SM SCT095 OVC120 13/10 A2995 RMK AC4AC4 SLP150",2026-06-05 12:22:57.629927,2026-06-05 08:22:57.629927
"CYUY",2026-06-05 11:00:00,2026-06-05 07:00:00,"VFR",14,10,76,130,3,24140.16,29.94,NA,"FEW  ft; BKN  ft; BKN  ft","METAR CYUY 051100Z 13003KT 090V150 15SM FEW090 BKN120 BKN260 14/10 A2994 RMK AC1AC5CI1 SLP144",2026-06-05 12:22:57.669854,2026-06-05 08:22:57.669854
"CYZV",2026-06-05 11:00:00,2026-06-05 07:00:00,"VFR",10,7,81,NA,2,48280.32,29.99,NA,"FEW  ft; FEW  ft; FEW  ft","METAR CYZV 051100Z VRB02KT 30SM FEW003 FEW090 FEW260 10/07 A2999 RMK SF1AC1CI1 SF TR AC TR CI TR DIST FG NE SLP161",2026-06-05 12:22:57.702584,2026-06-05 08:22:57.702584
"CYBC",2026-06-05 11:00:00,2026-06-05 07:00:00,"VFR",11,7,76,10,3,14484.1,30.02,NA,NA,"METAR CYBC 051100Z AUTO 01003KT 330V040 9SM CLR 11/07 A3002 RMK SLP169",2026-06-05 12:22:57.740833,2026-06-05 08:22:57.740833
"CYRJ",2026-06-05 11:00:00,2026-06-05 07:00:00,"VFR",10,8,87,310,4,64373.76,30.02,NA,"SCT  ft; BKN  ft; OVC  ft","METAR CYRJ 051100Z 31004KT 40SM SCT120 BKN140 OVC190 10/08 A3002 RMK AC4AC3AC1 SLP170",2026-06-05 12:22:57.77732,2026-06-05 08:22:57.77732
"CYHZ",2026-06-05 11:00:00,2026-06-05 07:00:00,"VFR",14,8,67,280,5,24140.16,29.9,NA,"BKN  ft","METAR CYHZ 051100Z 28005KT 15SM BKN250 14/08 A2990 RMK CI6 SLP127",2026-06-05 12:22:57.816758,2026-06-05 08:22:57.816758
"CYYG",2026-06-05 11:00:00,2026-06-05 07:00:00,"VFR",10,7,81,10,13,24140.16,29.93,NA,"FEW  ft; FEW  ft; FEW  ft","METAR CYYG 051100Z 01013G19KT 15SM FEW008 FEW170 FEW250 10/07 A2993 RMK SC1AC1CI1 SC TR SLP137",2026-06-05 12:22:57.851409,2026-06-05 08:22:57.851409
"CYQM",2026-06-05 11:00:00,2026-06-05 07:00:00,"VFR",11,8,81,40,13,24140.16,29.95,NA,"FEW  ft; BKN  ft; BKN  ft","METAR CYQM 051100Z 04013KT 15SM FEW012 BKN120 BKN220 11/08 A2995 RMK SC1AC5CI1 CU ASOCTD SLP144",2026-06-05 12:22:57.882057,2026-06-05 08:22:57.882057
"CYFC",2026-06-05 11:00:00,2026-06-05 07:00:00,"VFR",15,11,76,60,5,14484.1,29.93,NA,NA,"METAR CYFC 051100Z AUTO 06005KT 9SM CLR 15/11 A2993 RMK SLP138",2026-06-05 12:22:57.926242,2026-06-05 08:22:57.926242
"CYYT",2026-06-05 11:00:00,2026-06-05 07:00:00,"VFR",10,6,76,250,23,24140.16,29.68,NA,"FEW  ft; BKN  ft; BKN  ft","METAR CYYT 051100Z 25023G30KT 15SM FEW070 BKN150 BKN220 10/06 A2968 RMK AC2AC3CI2 SLP056",2026-06-05 12:22:57.958809,2026-06-05 08:22:57.958809
"CYQY",2026-06-05 11:00:00,2026-06-05 07:00:00,"VFR",18,8,52,280,13,24140.16,29.81,NA,"FEW  ft; SCT  ft","METAR CYQY 051100Z 28013KT 15SM FEW150 SCT220 18/08 A2981 RMK AC1CI2 SLP096 DENSITY ALT 800FT",2026-06-05 12:22:57.991046,2026-06-05 08:22:57.991046
"CYXY",2026-06-05 11:00:00,2026-06-05 07:00:00,"VFR",7,3,75,170,6,64373.76,29.65,NA,"FEW  ft","METAR CYXY 051100Z 17006KT 40SM FEW120 07/03 A2965 RMK AC1 SLP054",2026-06-05 12:22:58.02076,2026-06-05 08:22:58.02076
"CYZF",2026-06-05 11:00:00,2026-06-05 07:00:00,"VFR",14,6,58,NA,2,24140.16,29.59,NA,"BKN  ft; BKN  ft","METAR CYZF 051100Z VRB02KT 15SM BKN130 BKN170 14/06 A2959 RMK AC7AC1 AC TR SLP026 DENSITY ALT 1100FT",2026-06-05 12:22:58.058769,2026-06-05 08:22:58.058769
"CYFB",2026-06-05 11:47:00,2026-06-05 07:47:00,"MVFR",0,-3,80,160,4,48280.32,29.72,NA,"BKN  ft; BKN  ft","SPECI CYFB 051147Z 16004KT 30SM -SN BKN026 BKN140 00/M03 A2972 RMK SC6AC1 SLP068",2026-06-05 12:22:58.100451,2026-06-05 08:22:58.100451
"CYRT",2026-06-05 11:00:00,2026-06-05 07:00:00,"VFR",6,4,87,10,6,24140.16,29.73,NA,"FEW  ft","METAR CYRT 051100Z 01006KT 15SM FEW080 06/04 A2973 RMK AC1 SLP072",2026-06-05 12:22:58.136631,2026-06-05 08:22:58.136631
"CYBK",2026-06-05 12:00:00,2026-06-05 08:00:00,"VFR",7,4,81,10,3,40233.6,29.78,NA,"FEW  ft","METAR CYBK 051200Z 01003KT 360V060 25SM FEW060 07/04 A2978 RMK SC1 SC TR SLP089",2026-06-05 12:22:58.166932,2026-06-05 08:22:58.166932
"CYRB",2026-06-05 11:00:00,2026-06-05 07:00:00,"MVFR",-5,-6,92,250,3,48280.32,29.6,NA,"OVC  ft","METAR CYRB 051100Z 25003KT 30SM OVC019 M05/M06 A2960 RMK SC8 SLP034",2026-06-05 12:22:58.196194,2026-06-05 08:22:58.196194
"CYCO",2026-06-05 00:54:00,2026-06-04 20:54:00,"MVFR",2,1,93,10,10,19312.13,29.8,NA,"BKN  ft; OVC  ft","SPECI CYCO 050054Z 01010KT 12SM -RA BKN011 OVC021 02/01 A2980 RMK SC7SC1 SLP095",2026-06-05 12:22:58.226345,2026-06-05 08:22:58.226345
